id,vehicleType,startNodeId,endNodeId,startX,startY,endX,endY,length,width,height,weightKg,maxSpeedKmh,driverAge,responseTimeSec,homeAmenityId,homeHospitalName
1,car,11168866170,trim_6443,-420.94,901.09,1819.32,325.62,4.09,1.62,1.36,1282,173.9,24,0.846,,
2,car,trim_3735,trim_376,-430.35,-775.46,-2153.12,66.14,4.49,1.71,1.54,1059,167.1,22,0.724,,
3,car,trim_104,2960299925,-87.83,644.23,-2500.14,356.06,4.11,1.86,1.42,1540,166.4,17,0.883,,
4,car,4227743844,2960326739,-1442.62,1042.01,-1782.86,-187.06,4.47,1.82,1.38,1586,167.0,19,0.824,,
5,car,trim_2079,trim_2489,1119.85,476.33,105.17,1173.68,4.21,1.64,1.53,1061,171.6,40,0.876,,
6,car,9853276937,4225351657,1888.84,501.95,-859.85,532.55,4.56,1.72,1.49,1559,147.4,33,0.849,,
7,car,2962860473,9168946262,-520.59,-613.93,1746.38,406.29,4.34,1.75,1.64,1679,152.4,34,0.687,,
8,car,trim_4415,trim_3088,2374.19,782.11,-370.32,139.23,4.38,1.73,1.35,1528,167.1,23,0.709,,
9,car,trim_6236,trim_3631,-1022.13,-1231.83,-541.39,-849.41,4.62,1.62,1.45,1879,165.6,41,0.846,,
10,bus,4225324731,trim_5243,1812.47,405.29,1927.14,-62.13,11.34,2.54,3.59,11599,79.9,58,0.804,,
11,car,4224981098,trim_4099,-2266.16,1134.25,909.16,584.54,4.18,1.76,1.59,1038,148.8,16,0.96,,
12,car,3887993328,trim_5070,1697.93,1147.47,2430.7,334.35,4.51,1.67,1.49,1692,172.6,64,0.701,,
13,motorcycle,trim_5095,9857647479,1605.99,-550.64,-630.93,-1123.75,2.29,0.74,1.08,115,98.1,53,0.76,,
14,car,trim_826,3840470131,-1301.1,165.02,520.94,1344.88,5.0,1.73,1.64,1179,151.4,44,0.871,,
15,car,trim_7606,9168951459,-28.87,-1011.71,652.14,-973.71,4.37,1.79,1.4,1019,173.7,28,0.655,,
16,car,trim_3402,trim_6670,174.98,137.06,1126.86,127.02,4.42,1.88,1.38,1843,152.2,46,0.742,,
17,car,trim_3583,9843057340,545.29,413.39,-2674.01,1160.8,4.19,1.78,1.59,1561,157.3,24,0.68,,
18,car,trim_3350,9168946281,-298.54,-660.02,1659.91,401.14,4.87,1.67,1.46,1337,164.0,47,0.88,,
19,car,trim_1211,trim_2192,-1642.8,-70.82,-907.55,557.02,4.65,1.9,1.44,1134,149.9,51,0.868,,
20,car,trim_1924,trim_9226,-404.7,-1367.41,-1446.72,744.46,5.07,1.91,1.41,1073,158.8,24,0.692,,
21,car,11491683796,trim_9595,627.89,670.77,-1258.2,-673.49,4.97,1.86,1.46,1467,147.2,63,0.781,,
22,motorcycle,9843135295,11491328439,-1975.21,720.53,202.9,-1196.7,2.28,0.77,1.25,206,145.3,20,0.732,,
23,car,9854777606,4227798246,-2253.47,-611.59,1692.61,1.73,4.5,1.68,1.42,1383,155.1,36,0.884,,
24,car,trim_3437,trim_8833,-50.84,423.04,1688.22,-782.8,4.61,1.65,1.38,1400,154.1,21,0.766,,
25,motorcycle,trim_1086,9843692463,-997.47,-335.27,2110.04,894.1,2.01,0.77,1.19,231,112.2,64,0.656,,
26,car,trim_6048,trim_9249,-1513.21,557.96,2350.39,590.33,4.29,1.63,1.62,1265,160.1,26,0.846,,
27,car,trim_5138,12901340305,2226.65,146.15,184.44,-280.02,4.13,1.73,1.51,1300,167.0,48,0.726,,
28,car,9857647460,trim_7165,-991.85,-1208.33,-1826.95,155.1,4.75,1.7,1.56,1898,179.9,49,0.652,,
29,car,trim_9409,9854981066,2285.81,-1289.37,2212.95,-490.97,4.9,1.87,1.47,1365,163.2,17,0.888,,
30,motorcycle,trim_1140,9852976121,-1066.22,485.83,-1572.22,-424.77,2.28,0.87,1.13,219,104.7,45,0.779,,
31,car,trim_1404,trim_2416,-2034.59,-548.3,-73.5,1442.63,4.83,1.85,1.49,1713,152.5,40,0.757,,
32,car,12109729948,9843992523,1796.18,1420.17,-2283.24,1057.37,4.23,1.76,1.52,1337,163.1,32,0.726,,
33,car,trim_6221,trim_5786,-1368.74,-1075.79,-1643.17,-1103.92,4.55,1.83,1.46,1203,157.0,67,0.861,,
34,car,trim_2574,4225352025,1540.15,1036.5,-1005.68,1555.23,4.33,1.81,1.52,1029,145.6,58,0.792,,
35,car,trim_7241,trim_3085,-2439.59,-336.76,-462.33,73.7,5.01,1.8,1.47,1343,177.9,24,0.784,,
36,car,trim_5291,2960299889,2065.76,-100.67,-1692.59,571.47,4.12,1.8,1.49,1805,143.7,29,0.819,,
37,motorcycle,9168951505,5372152743,646.42,-1483.31,-2103.3,-1212.61,2.21,0.8,1.06,140,153.8,65,0.721,,
38,car,9168946246,trim_8903,2296.97,564.55,2429.59,-884.17,4.73,1.62,1.37,1467,146.9,68,0.778,,
39,car,trim_4183,trim_4574,2492.61,712.68,1654.43,188.03,4.59,1.77,1.37,1860,174.6,32,0.868,,
40,car,trim_4392,trim_9030,2421.76,1028.57,-1322.65,1166.73,4.9,1.83,1.4,1518,152.4,41,0.776,,
41,car,trim_2129,trim_2987,1066.25,949.55,-1674.47,1235.36,4.3,1.6,1.39,1058,156.0,47,0.781,,
42,car,trim_4167,trim_1829,-579.08,898.07,-93.7,-950.2,4.54,1.76,1.36,1082,165.9,74,0.827,,
43,car,trim_8617,trim_4782,-335.5,-1126.34,341.69,-1390.18,4.87,1.74,1.6,1765,156.6,38,0.875,,
44,car,trim_9548,trim_9646,-846.68,-1012.68,-1325.5,1168.93,4.5,1.92,1.41,1512,155.7,21,0.71,,
45,car,trim_7568,9168959379,-336.23,-1025.32,1027.82,-243.82,4.3,1.82,1.44,1825,167.9,43,0.877,,
46,car,trim_2738,2960336683,-2418.47,557.09,-1647.16,-349.3,4.61,1.95,1.37,1095,170.7,57,0.753,,
47,car,trim_5444,trim_6597,1619.88,-392.57,1901.22,-646.67,4.23,1.62,1.36,1575,167.0,75,0.845,,
48,car,trim_1194,4224981018,-1763.19,-651.99,-2400.13,683.85,4.94,1.74,1.35,1103,176.7,57,0.818,,
49,car,trim_4930,5171030840,-1444.78,1053.11,-1922.63,837.67,4.51,1.63,1.55,1642,157.5,76,0.965,,
50,car,trim_1881,trim_2039,-400.94,-1095.91,1502.6,-326.63,4.19,1.61,1.38,1265,161.4,66,0.702,,
51,car,trim_7631,trim_1166,258.45,-161.73,-1712.05,-8.98,4.01,1.7,1.48,1160,168.6,43,0.761,,
52,car,trim_6122,trim_6276,-1387.97,-116.96,-391.66,-822.67,4.7,1.78,1.55,1594,144.1,55,0.761,,
53,car,trim_3400,5170815479,-430.16,265.95,-998.23,-1611.39,4.05,1.73,1.41,1225,176.4,41,0.673,,
54,car,trim_7054,9852436603,-2343.06,1143.06,-2232.41,-779.44,5.09,1.72,1.41,1602,148.8,28,0.849,,
55,car,trim_6241,trim_7100,-890.4,-1141.56,-2042.35,441.66,4.18,1.66,1.47,1097,153.1,40,0.806,,
56,car,trim_8333,trim_7084,-368.53,741.57,-2364.56,579.88,5.03,1.64,1.41,1321,146.9,67,0.833,,
57,car,6928966888,trim_9392,-1776.7,-1494.01,-1343.82,456.72,4.23,1.68,1.55,1251,165.0,21,0.667,,
58,bus,4225324705,9844004267,1437.44,292.64,-2394.6,686.63,10.06,2.52,3.59,8611,86.1,37,0.713,,
59,car,trim_275,6674480292,171.43,-476.85,-557.17,580.97,4.36,1.82,1.47,1832,170.9,33,0.733,,
60,car,trim_7923,2960336685,-1622.05,382.26,-1656.49,-366.88,4.97,1.71,1.61,1434,153.4,73,0.826,,
61,car,2960336733,trim_1474,-1316.23,386.2,-1514.47,-923.2,4.26,1.81,1.65,1209,164.7,31,0.727,,
62,car,trim_7994,4227743934,-1367.35,-1079.01,-951.94,2034.25,4.83,1.82,1.37,1337,151.9,35,0.744,,
63,car,2960336726,9852436581,-1446.82,107.76,-2390.34,-833.38,4.26,1.85,1.65,1399,175.1,33,0.72,,
64,car,9852318752,trim_7451,-1429.74,326.08,-1832.46,-550.07,4.84,1.78,1.64,1583,151.5,19,0.767,,
65,car,12124045424,trim_6687,-849.54,-984.22,843.37,578.81,4.38,1.67,1.37,1826,179.5,44,0.802,,
66,car,trim_3226,trim_1048,-89.88,641.33,-933.53,89.55,4.35,1.75,1.35,1783,142.8,40,0.663,,
67,car,trim_7330,12144199591,958.53,315.87,1459.29,218.01,4.14,1.66,1.51,1716,148.2,80,0.82,,
68,car,trim_3807,trim_4840,-728.59,-812.59,-1272.24,840.2,4.34,1.85,1.42,1159,150.0,52,0.794,,
69,car,trim_311,9855693599,-1622.46,413.37,1545.81,104.84,4.3,1.87,1.37,1875,155.9,37,0.768,,
70,motorcycle,3840460026,5170791981,-2225.65,1297.66,-1628.6,697.36,2.1,0.76,1.1,253,123.7,64,0.757,,
71,motorcycle,trim_8645,trim_1628,529.73,-765.48,-1577.11,-601.42,2.25,0.73,1.24,193,102.3,64,0.766,,
72,car,12098345442,9854981043,-1811.43,1292.88,2095.76,-477.09,4.41,1.81,1.37,1123,158.8,35,0.879,,
73,motorcycle,trim_3814,9852465887,-898.5,-1688.08,-1646.02,-1549.23,2.23,0.83,1.18,171,119.1,66,0.903,,
74,car,trim_3576,5170798261,141.83,341.21,84.23,568.4,4.54,1.82,1.53,1368,141.6,31,0.746,,
75,car,9852331995,trim_4287,-751.82,1008.9,1701,-387.72,4.21,1.75,1.43,1822,168.9,78,0.939,,
76,car,trim_92,9843398603,673.47,504.58,1730.86,1161.7,4.06,1.73,1.48,1222,159.1,62,0.808,,
77,motorcycle,trim_3278,trim_2687,376.15,329.63,-2258.69,-772.11,2.15,0.81,1.14,178,137.7,48,0.712,,
78,car,trim_4085,4225077390,-530.11,1041.48,-2390.68,901.03,4.93,1.6,1.58,1580,176.7,66,0.837,,
79,car,4223620664,trim_2103,-2415.19,-503.4,398.65,-233.12,4.57,1.67,1.48,1747,150.1,54,0.775,,
80,car,trim_124,trim_4808,-862.41,506.81,-1268.64,1221.58,4.98,1.81,1.57,1677,177.0,27,0.677,,
81,car,trim_4011,trim_468,-476.35,782.28,-2269.08,7.25,4.88,1.88,1.43,1189,169.9,55,0.652,,
82,motorcycle,trim_4550,trim_1489,1211.59,-339.68,-1020.1,-1154.23,2.05,0.67,1.32,173,119.2,52,0.833,,
83,car,trim_3528,trim_6572,950.58,-450.38,777.94,-1285.31,4.41,1.85,1.41,1164,177.9,73,0.872,,
84,car,9855014980,trim_9077,829.21,123.68,1774.83,-429.59,4.22,1.86,1.59,1173,179.3,68,0.79,,
85,car,trim_867,trim_2090,-980.18,-153.72,2497.27,1041.87,4.96,1.66,1.44,1340,151.1,59,0.657,,
86,car,4227798465,trim_2794,2514.07,493.91,-1868.11,423.35,4.53,1.87,1.35,1239,178.2,21,0.674,,
87,car,trim_944,trim_7289,-742.97,131.06,-1603.51,-492.44,4.01,1.81,1.65,1685,177.3,76,0.949,,
88,car,4225172367,trim_9652,-170.58,267.95,-1345.32,1307.39,4.37,1.84,1.45,1284,149.6,62,0.816,,
89,car,trim_109,trim_3468,-163.27,630.93,-342.58,-97.3,4.06,1.72,1.45,1090,158.3,67,0.851,,
90,car,trim_3774,trim_7343,-211.1,-622.12,1072.09,10.2,4.03,1.64,1.51,1856,170.1,47,0.742,,
91,car,9859618316,9168966427,-656.23,-440.02,993.07,1627.82,4.72,1.77,1.47,1169,179.4,57,0.654,,
92,car,12109680696,12901265234,1356.4,1452.57,-543.06,-884.47,4.05,1.88,1.45,1400,164.3,67,0.855,,
93,car,2960326623,trim_9477,-2103.63,-711.87,695.63,-104.85,4.38,1.93,1.63,1429,166.3,28,0.834,,
94,car,10259407484,trim_3490,2427.99,-1060.61,-279.82,351.2,4.21,1.65,1.51,1515,174.3,80,0.808,,
95,motorcycle,4224980834,2960326616,-1825.08,429.92,-2122.08,-68.36,1.84,0.86,1.4,258,122.7,73,0.969,,
96,motorcycle,2960299934,4225077390,-1984.29,788.7,-2390.68,901.03,2.07,0.71,1.11,252,139.0,29,0.759,,
97,car,11491328437,trim_2688,204.05,-1191.04,-2262.3,-785.18,4.18,1.93,1.62,1690,148.8,48,0.816,,
98,car,9852465855,trim_3333,-2364.45,-828.06,203.54,-4.52,4.14,1.65,1.51,1653,143.6,58,0.868,,
99,car,trim_4072,trim_9431,-413.36,1188.39,-2042.42,295.3,5.02,1.62,1.45,1819,169.7,64,0.813,,
100,car,trim_7218,trim_4495,-2114.14,-436.43,-938.53,1317.43,5.06,1.75,1.42,1233,151.6,30,0.672,,
101,car,trim_1477,trim_4223,-1543.87,-1009.07,-181.03,1000.38,5.03,1.86,1.38,1331,174.1,64,0.794,,
102,car,10308420017,9168881182,-471.18,-1473.59,2282.72,816.13,4.07,1.79,1.6,1882,152.8,62,0.849,,
103,car,2960368344,trim_6438,-1927.29,-151.66,1803.46,412.9,4.57,1.81,1.42,1356,161.5,74,0.819,,
104,car,2960361504,trim_8841,-974.76,-1174.71,2482.77,-1149.84,4.92,1.77,1.49,1541,145.8,20,0.83,,
105,car,trim_4417,9843170050,2415.26,789.52,-1858.83,1018.28,5.09,1.64,1.65,1636,159.1,43,0.774,,
106,car,trim_3123,4225172435,611.18,-130.74,-243.84,486.84,4.06,1.88,1.4,1645,173.9,44,0.825,,
107,car,2960361539,9859747829,-1138.96,-582.57,-273.83,-1624.06,4.85,1.9,1.57,1269,172.6,36,0.898,,
108,car,9852333182,9843050545,72.64,815.69,-2209.1,576.63,4.37,1.84,1.65,1682,155.6,52,0.721,,
109,car,trim_5287,trim_9120,1776.03,-178.44,466.27,-325.92,4.94,1.74,1.39,1677,163.2,22,0.862,,
110,car,trim_4953,trim_2145,250.23,-1416.53,1865.41,986.35,4.5,1.66,1.39,1626,151.6,34,0.702,,
111,car,trim_5585,9857625480,1677.63,-167.86,-1096.95,-1013.4,4.72,1.73,1.61,1092,171.4,34,0.744,,
112,car,4227871617,9852333189,-864.64,2520.25,194.85,832.07,4.93,1.92,1.38,1877,147.2,22,0.679,,
113,truck,2960336705,trim_1047,-962.35,392.53,-947.68,109.08,8.03,2.43,2.69,12948,77.4,31,0.71,,
114,car,trim_2818,12143965276,-2240.15,710.91,694.97,784.13,4.76,1.93,1.55,1338,167.7,27,0.844,,
115,car,11625386293,7222863950,-124.01,-1728.42,-1030.65,-1413.02,4.72,1.7,1.55,1331,144.8,26,0.681,,
116,car,trim_1300,9858060930,-1349.73,237.81,314.11,191.84,5.0,1.68,1.53,1889,159.2,28,0.849,,
117,car,4225172202,4225172447,1006.9,-593.72,77.52,517.28,4.53,1.83,1.48,1514,144.0,24,0.828,,
118,car,trim_5932,2960326740,167.64,-1502.68,-1774.91,-180.06,4.59,1.74,1.56,1354,172.7,78,0.796,,
119,car,trim_4839,trim_5966,-397.16,-939.29,201.79,987.54,4.59,1.89,1.55,1678,148.3,31,0.695,,
120,car,trim_118,trim_2602,-691.17,538,1649.11,1354.27,4.2,1.79,1.59,1111,145.2,42,0.813,,
121,car,trim_7718,4225352015,403.56,-738.32,-821.57,1399.5,4.28,1.86,1.38,1112,151.9,37,0.756,,
122,car,trim_6031,trim_1948,-1228.49,1222.67,-547.63,-1540.2,4.27,1.62,1.63,1814,151.7,72,0.755,,
123,car,9843050542,trim_2587,-2318.01,611.69,1652.05,1352.18,4.34,1.92,1.65,1546,160.4,28,0.816,,
124,motorcycle,trim_558,5170655707,-1538.92,24.33,2569.65,56.18,1.82,0.69,1.35,142,99.4,43,0.798,,
125,car,9855373902,9855693608,2461.4,-562.32,1612.78,270.99,4.8,1.75,1.51,1235,166.0,36,0.75,,
126,car,11491475012,trim_5709,527.92,-770,1700.05,-758.18,4.74,1.93,1.39,1183,165.2,50,0.899,,
127,car,9168854813,2960326550,1653.95,1008.92,-1518.05,372.11,4.21,1.73,1.55,1738,164.2,69,0.895,,
128,car,trim_4501,trim_1379,1751.45,783.01,-2028.34,-609.35,4.48,1.61,1.53,1070,145.0,30,0.821,,
129,car,trim_6842,trim_8648,-2333.46,334.22,287.41,-1213.02,4.36,1.63,1.62,1700,145.9,44,0.718,,
130,car,466560400,9858060959,111.52,-276.11,-254.49,513.39,5.08,1.68,1.64,1704,144.9,55,0.797,,
131,motorcycle,9857625462,trim_2717,-1210.56,-799.43,-2348.58,703.36,1.85,0.74,1.25,152,109.0,28,0.874,,
132,car,trim_3527,trim_2146,848.37,-405.89,1872.85,949.89,5.04,1.74,1.45,1667,178.7,67,0.789,,
133,car,9168946283,9844049036,1677.11,409.08,1071.02,-1699.87,4.01,1.78,1.4,1114,155.2,50,0.663,,
134,car,trim_3804,2960336739,-777.1,-783.95,-1253.31,358.08,5.07,1.85,1.42,1548,168.3,39,0.76,,
135,car,9843408916,trim_7433,2658.28,1258.67,-2327.44,-135.87,4.52,1.7,1.64,1469,168.7,45,0.726,,
136,car,trim_1782,trim_147,134.85,-1232.12,372.45,-748.41,5.04,1.74,1.44,1081,143.2,46,0.886,,
137,car,trim_9096,trim_3975,1633.54,-435.59,-468.91,1110.73,4.06,1.86,1.52,1444,175.0,70,0.869,,
138,bus,trim_3649,5170637543,-740.26,-841.23,1117.47,195.28,10.68,2.5,3.6,13328,90.9,67,0.673,,
139,car,trim_5350,12124068325,2032.62,-146.4,-1024.04,-1013.31,4.82,1.85,1.56,1675,149.8,21,0.802,,
140,car,trim_4548,trim_7632,1276.45,-369.78,255.56,-131.58,5.02,1.87,1.62,1157,154.7,33,0.778,,
141,car,2960312527,3840460026,-1027.81,-460.42,-2225.65,1297.66,4.55,1.66,1.64,1304,167.2,31,0.723,,
142,car,trim_2848,trim_8046,-1943.88,744.96,2446.01,-1064.2,4.29,1.6,1.54,1354,176.9,20,0.914,,
143,car,9852348503,9859639826,-1514.7,-216.34,-412.77,-207.94,4.93,1.62,1.35,1414,151.9,29,0.651,,
144,car,4225172222,trim_7580,-1139.47,-452.4,-327.52,-826.07,4.2,1.72,1.38,1443,143.4,35,0.753,,
145,bus,trim_7065,trim_7932,-2154.57,702.17,-1246.74,-1409.08,9.54,2.53,3.14,10372,79.0,70,0.923,,
146,car,7121512682,trim_1515,208.61,2240.51,-1244.14,-914.94,4.3,1.95,1.55,1395,145.6,71,0.711,,
147,car,trim_4021,trim_7568,-426.37,-493.47,-336.23,-1025.32,4.78,1.64,1.44,1120,156.8,58,0.875,,
148,car,trim_5504,9858060949,1225.27,-228.96,25.61,463.16,4.22,1.77,1.55,1239,156.8,79,0.99,,
149,car,4227743647,9853276948,252.62,-1542.87,1745.81,350.11,4.36,1.87,1.61,1452,176.9,65,0.683,,
150,car,trim_7843,9168881012,2019.07,1037.38,-1611.92,-644.21,4.02,1.65,1.5,1691,149.5,59,0.757,,
151,car,trim_3322,trim_8277,-663.71,365.59,-1333.23,-984.33,4.01,1.77,1.43,1074,157.2,35,0.832,,
152,car,9857157147,trim_5264,1793.77,-463.88,2188.61,62.9,4.31,1.64,1.43,1631,166.7,70,0.75,,
153,car,trim_9623,trim_1205,33.27,-824.08,-1784.15,-189.29,4.89,1.85,1.5,1163,179.7,35,0.707,,
154,car,trim_2013,trim_1415,1463.66,463.14,-2726.71,99.63,4.04,1.95,1.63,1384,164.7,27,0.866,,
155,car,4225172429,trim_6824,-0.18,481.45,-2463.52,25.6,4.58,1.85,1.64,1200,157.0,23,0.777,,
156,truck,trim_1125,trim_777,-1429.76,376.02,-1145.06,-502.46,7.83,2.38,2.86,8861,82.5,56,0.874,,
157,car,4225170873,trim_1423,1139.47,-1035.73,-2554.85,-101.68,4.0,1.83,1.45,1257,151.2,28,0.758,,
158,car,9168951511,trim_2707,1829.16,-651.82,-2217.84,654.58,4.4,1.71,1.38,1012,162.1,32,0.733,,
159,bus,trim_6205,trim_3696,-1452.89,-981.08,-1229.72,-1039.58,10.26,2.56,3.32,10230,89.5,42,0.796,,
160,car,trim_158,9857750382,302.5,-886.69,-291.05,-642.15,4.12,1.82,1.53,1037,178.7,40,0.698,,
161,ambulance,trim_2223,trim_699,2206.52,-1465.35,-1426.23,664.38,6.43,2.02,2.65,3186,149.0,41,0.583,a_1086642598_c,SHIKHA ACUPUNCTURE SANATORIUM
162,car,trim_8189,trim_565,2182.44,-1286.28,-1630.53,251.03,4.14,1.75,1.56,1802,170.4,60,0.874,,
163,car,trim_9230,trim_843,-1575.82,852.1,-1373.97,9.65,4.79,1.92,1.37,1377,177.3,80,0.998,,
164,car,9168959360,trim_5833,1352.21,-311.1,-693.97,540.04,4.3,1.94,1.44,1860,142.4,40,0.835,,
165,truck,trim_6878,trim_9305,-2331.17,885.68,-2115.87,935.08,10.11,2.56,3.76,6821,92.5,65,0.791,,
166,car,trim_6832,9852964133,-2084.46,323.63,-2488.15,385.69,4.67,1.67,1.35,1515,163.7,17,0.99,,
167,car,trim_8206,trim_7686,-1683.79,-643.58,-1073.34,471.79,4.5,1.85,1.51,1273,148.8,50,0.788,,
168,car,trim_6532,4227798164,747.36,-786.91,1968.18,-205.72,4.05,1.68,1.36,1133,175.3,33,0.718,,
169,car,trim_8206,trim_778,-1683.79,-643.58,-1149.94,-501.37,4.71,1.69,1.6,1481,140.1,60,0.808,,
170,car,trim_3169,trim_6965,620.22,-44.82,1447.05,869.97,4.09,1.85,1.51,1650,156.3,53,0.731,,
171,car,trim_7772,trim_864,-842.95,-517.62,-1067.17,-215.2,4.9,1.89,1.42,1869,147.1,18,0.874,,
172,car,trim_1911,trim_471,-268.14,-1126,-2314.93,4.36,5.03,1.8,1.57,1619,177.8,48,0.868,,
173,bus,trim_8407,trim_3203,-1633.46,328.04,-71.9,286.87,10.93,2.56,3.13,9613,87.4,66,0.699,,
174,ambulance,9855373893,trim_6983,2303.61,-1268.27,2401.59,588.27,6.23,2.13,2.47,3458,139.8,74,0.586,a_1408808783_c,Manipal Hospital
175,car,7222735461,trim_6585,168.26,-1486.67,663.81,-1135.35,4.21,1.77,1.57,1583,140.8,36,0.871,,
176,car,trim_3721,9852160667,-837.49,-1280.5,-2323.7,451.79,4.76,1.67,1.39,1384,158.2,67,0.695,,
177,car,trim_7678,12096791268,-704.03,-181.09,1117.35,117.61,4.8,1.88,1.53,1340,140.8,17,0.961,,
178,car,5170823244,4227798223,1480.6,467.21,2145.56,-40.59,4.85,1.69,1.63,1540,171.7,17,1.009,,
179,motorcycle,trim_2275,trim_8661,1076.42,882.5,-411.12,794.42,2.17,0.73,1.3,140,123.6,72,0.924,,
180,car,trim_4376,9843521236,2204.58,850.58,1418.09,528.96,4.53,1.69,1.51,1241,161.7,18,0.946,,
181,car,trim_2168,trim_5859,719.43,-204.92,-234.6,677.83,4.33,1.78,1.6,1128,176.5,19,0.767,,
182,car,trim_6788,trim_4199,461.76,560.28,774.53,179.96,4.39,1.7,1.63,1616,167.5,30,0.773,,
183,car,trim_2084,trim_5456,2545.28,767.28,2048.59,124.47,4.11,1.93,1.46,1554,144.7,26,0.874,,
184,car,trim_3601,trim_5690,-260.79,252.13,1948.56,-1013.19,4.2,1.79,1.53,1611,146.0,54,0.806,,
185,car,11909810157,trim_2288,2075.16,-507.45,2107.18,1070.19,4.96,1.69,1.5,1332,150.6,25,0.847,,
186,car,trim_5947,trim_5699,91.39,-1486.27,898.41,-271.15,4.86,1.65,1.39,1402,171.9,77,0.974,,
187,car,trim_9157,trim_9580,2218.98,704.51,-605.81,1160.89,4.47,1.85,1.39,1291,145.1,65,0.738,,
188,car,9843084755,9843362971,-2210.99,1023.59,-2266.12,1372.38,4.53,1.94,1.53,1573,145.5,47,0.746,,
189,ambulance,11983071051,trim_7999,1078.63,1204.3,19.38,1015.11,6.0,2.16,2.64,4143,135.4,69,0.622,a_1408818183_c,Hospital (amenity a_1408818183_c)
190,car,trim_1664,trim_2567,-2271.24,4.61,1700.18,1162.23,4.89,1.68,1.38,1326,148.1,18,0.831,,
191,car,2960299892,5170823232,-1820.43,750.12,1180.17,450.79,5.01,1.62,1.45,1764,174.7,33,0.724,,
192,car,4225324738,trim_7596,790.15,441.87,-540.05,-852.62,4.94,1.94,1.62,1218,173.1,23,0.837,,
193,car,9843592171,9168854790,2065.36,611.49,1548.92,1384.89,4.77,1.73,1.36,1868,154.9,29,0.816,,
194,car,9857987904,trim_2911,36.75,162.99,-1763.09,485.28,4.92,1.9,1.36,1329,143.2,25,0.653,,
195,car,9168883572,trim_7323,-937.86,-1091.96,-1298.32,-1154.58,4.46,1.87,1.49,1126,161.1,54,0.768,,
196,motorcycle,trim_6280,12096814571,-328.72,-822.86,1008.22,105.99,2.02,0.81,1.05,127,94.2,20,0.831,,
197,car,9859738816,2960299994,603.41,-1005.63,-1709.91,680.95,4.18,1.74,1.48,1853,158.2,49,0.88,,
198,car,9168834906,trim_4060,-1814.97,980,2314.28,1007.39,4.78,1.75,1.4,1876,160.9,32,0.836,,
199,car,9852964131,2960312590,-2480.71,407.62,-536.65,-345.31,4.06,1.74,1.6,1878,164.2,25,0.854,,
200,motorcycle,5170849702,trim_2881,-1230.18,992.74,-1803.77,485.62,1.96,0.81,1.34,135,146.2,70,0.749,,
201,car,9880891788,trim_2315,2183.04,1071.64,691.56,627.16,4.09,1.81,1.6,1025,151.3,29,0.666,,
202,car,trim_3321,trim_535,-666.44,369.77,-1821.75,-1323.37,4.83,1.71,1.52,1575,141.3,50,0.671,,
203,car,trim_7959,trim_8718,-455.77,921.17,-729.33,1172.02,4.05,1.95,1.5,1043,143.7,55,0.652,,
204,car,trim_6336,9852885057,1939.34,1324.71,-1249.97,-717.83,4.31,1.74,1.41,1677,169.0,32,0.826,,
205,car,trim_263,12143939457,109.05,-275.4,742.32,633.71,4.45,1.86,1.38,1727,146.0,64,0.769,,
206,car,11491033550,trim_1932,-211.72,-1043.06,-358.7,-1454.69,4.04,1.66,1.55,1071,165.0,45,0.871,,
207,car,trim_8016,trim_8940,-1129.97,-889.97,1195.99,1234.67,4.72,1.87,1.4,1867,160.7,59,0.762,,
208,motorcycle,trim_251,11056361039,1741.17,512.65,1245.11,475.04,1.95,0.81,1.38,116,139.9,65,0.71,,
209,car,trim_7666,trim_8355,-107.17,20.39,-282.57,384.18,4.08,1.65,1.54,1448,172.2,34,0.842,,
210,car,trim_9166,trim_7898,2433.11,976.73,-77.42,928.34,4.95,1.88,1.62,1449,158.2,37,0.884,,
211,car,trim_2037,trim_3314,1521.62,-294.61,-96.69,-303.43,4.31,1.73,1.38,1161,170.9,49,0.897,,
212,car,trim_7045,2960326745,1180.17,-1340.42,-1628.58,-56.32,4.96,1.83,1.39,1112,162.7,21,0.741,,
213,car,9854981052,9852964134,1965.8,-397.81,-2494.09,374.72,4.45,1.82,1.55,1397,160.5,56,0.743,,
214,truck,11983071061,4224980869,1041.49,1310.54,-2342.5,532.47,9.04,2.38,3.64,12508,88.6,23,0.835,,
215,car,trim_5483,trim_2307,2350.74,245.87,639.67,925.29,4.9,1.6,1.61,1262,146.3,67,0.883,,
216,car,trim_5438,trim_8345,1966.92,-194.48,-274.25,648.47,4.96,1.83,1.45,1422,161.4,75,0.777,,
217,car,trim_3456,2960361527,1186.92,-926.9,-973.78,-827.33,4.12,1.94,1.47,1390,156.1,24,0.729,,
218,car,trim_3203,trim_2984,-71.9,286.87,-2062.24,794.75,4.23,1.86,1.38,1409,161.8,76,0.796,,
219,car,trim_4352,trim_4303,828.8,185.47,1534.02,640.16,4.63,1.95,1.58,1056,172.3,71,0.955,,
220,car,12096762212,trim_771,828.85,177.24,-1016.55,-528.18,4.23,1.61,1.58,1381,150.1,38,0.671,,
221,car,trim_3308,trim_5528,-57.92,-171.62,2233.82,-612.09,4.45,1.7,1.56,1784,161.0,49,0.696,,
222,car,2960361554,trim_202,-1043.92,-609.08,215.46,-582.04,4.98,1.75,1.64,1267,147.9,69,0.81,,
223,car,4225352116,4227798514,-541.26,2514.58,1239.29,1673.88,4.86,1.94,1.48,1821,162.8,17,0.91,,
224,car,9854777610,trim_3321,-2492.82,-366.37,-666.44,369.77,4.22,1.85,1.52,1130,166.6,56,0.654,,
225,car,9852414801,trim_4941,-2477.03,-816.02,-1635.2,1252.33,5.03,1.77,1.44,1713,167.0,49,0.78,,
226,motorcycle,12036084711,trim_9267,-607.05,-1715.09,-2045.65,1076.34,2.27,0.86,1.27,206,130.5,20,0.735,,
227,car,trim_5156,trim_2728,2086.61,-241.83,-2331.89,1333.74,4.77,1.87,1.53,1195,148.4,40,0.893,,
228,car,trim_3979,11287747053,-486.78,1192.94,-1625.39,-1433.12,4.41,1.73,1.44,1276,172.8,31,0.825,,
229,car,trim_942,trim_3026,-755.4,149.74,-1356.94,1374.76,4.46,1.72,1.6,1383,179.0,58,0.678,,
230,motorcycle,9168951473,trim_4940,728.11,-1071.18,-1639.79,1250.34,2.01,0.69,1.26,191,116.7,71,0.869,,
231,car,trim_3548,trim_7757,602.4,-208.29,-505.82,-355.06,5.03,1.92,1.38,1079,173.5,27,0.812,,
232,car,457278186,trim_2738,-809.32,372.9,-2418.47,557.09,4.11,1.86,1.54,1490,165.3,80,0.945,,
233,car,trim_5885,trim_3207,-2030.47,-1424.55,172.74,284.67,4.32,1.75,1.42,1409,155.2,41,0.864,,
234,car,4225324685,12109637076,1777.96,204.03,2231.56,1118.59,5.06,1.92,1.47,1738,168.2,66,0.662,,
235,car,trim_3056,trim_1336,-109.76,566,-1823.1,-193.13,4.25,1.7,1.61,1238,173.5,69,0.858,,
236,car,trim_3814,9885134840,-898.5,-1688.08,-2514.71,-656.31,5.0,1.61,1.36,1711,173.6,56,0.734,,
237,car,9168986437,12098330070,-437.38,757.02,-1270.8,1340.55,4.27,1.94,1.41,1580,173.1,70,0.732,,
238,car,trim_7913,9709086986,-1421.32,419.52,-2221.92,300.4,5.08,1.66,1.62,1466,157.5,28,0.828,,
239,car,trim_6438,trim_501,1803.46,412.9,-1664.03,692.98,4.13,1.8,1.47,1686,176.7,36,0.887,,
240,car,trim_9372,trim_292,1504.13,170.29,-79.73,-447.33,4.1,1.75,1.54,1534,141.1,26,0.793,,
241,car,trim_515,2960361471,-2088.49,-981.64,-1447.08,-843.67,4.81,1.94,1.54,1700,147.5,44,0.724,,
242,car,9850223961,trim_6257,-677.89,2343.25,-530.08,-1084.58,4.27,1.87,1.59,1693,166.4,51,0.671,,
243,car,trim_226,trim_912,798.19,309.7,-1210.24,-75.33,4.03,1.94,1.61,1100,177.1,31,0.677,,
244,car,trim_8881,12139823107,2238.2,-471.45,2033.24,-1470.36,4.98,1.63,1.5,1325,173.5,66,0.685,,
245,truck,trim_1207,trim_5803,-1696.46,-126.86,-2129.63,-708.55,8.48,2.45,3.31,7313,82.6,56,0.808,,
246,car,trim_595,11176510326,-2067.55,1087.65,-1089.63,-880.43,4.18,1.7,1.62,1594,165.2,20,0.709,,
247,car,trim_5297,9168881189,1848.16,127.22,2120.17,642.96,4.53,1.81,1.51,1143,169.7,31,0.698,,
248,motorcycle,trim_7257,trim_1959,-2325.61,-754.8,-66.8,2632.35,1.81,0.78,1.1,240,98.0,43,0.657,,
249,car,12096791261,5170637564,1102.85,81.9,1421.9,-28.29,4.09,1.84,1.39,1246,148.0,27,0.737,,
250,car,trim_2473,trim_1038,-238.29,1244.85,-838.6,215.44,4.32,1.86,1.5,1461,156.0,40,0.713,,
251,car,4225324607,9843336863,1626.34,-297.48,1098.3,1695.79,4.93,1.85,1.64,1093,171.7,55,0.691,,
252,bus,trim_4689,trim_8257,1437.45,-48.9,-265.62,-912.27,10.71,2.58,3.25,12482,94.5,29,0.802,,
253,car,trim_9654,10206503399,-1351.72,1354.72,1429.51,28.29,4.62,1.73,1.54,1058,146.7,20,0.92,,
254,car,trim_7381,trim_8752,1790.37,-564.38,289.14,1516.73,4.45,1.81,1.61,1855,161.2,66,0.667,,
255,car,4225170887,trim_1522,937.21,-744.37,-1143.21,-949.77,4.35,1.88,1.46,1065,166.3,63,0.686,,
256,bus,trim_6384,trim_4454,1950.75,741.28,1734.71,122.93,9.03,2.54,3.43,9283,87.0,57,0.875,,
257,car,trim_2543,4227743716,-760.02,1346.17,261.18,-1151.23,4.42,1.81,1.51,1093,151.1,25,0.793,,
258,car,trim_1109,9844203651,-1547.41,185.25,-2370.01,1161.45,4.75,1.75,1.59,1178,142.0,79,0.915,,
259,motorcycle,trim_5033,4224981103,2338.37,-518.74,-2458.85,1195.54,1.86,0.76,1.26,199,106.5,18,0.811,,
260,bus,2960336744,trim_1438,-1406.97,361.33,-2035.61,-421.2,12.0,2.6,3.55,9706,95.2,67,0.679,,
261,car,2970305350,trim_989,-936.81,669.95,-642.5,-268.06,4.04,1.83,1.37,1086,172.1,54,0.719,,
262,car,9857583745,9168946270,-1331.4,-557.11,2022.26,240.74,4.44,1.79,1.44,1551,155.7,74,0.863,,
263,bus,trim_1288,trim_5302,-1319.31,315.19,1863.53,26.25,11.95,2.59,3.06,9344,94.8,33,0.676,,
264,car,trim_4195,9168953548,1469.78,744.8,189.26,-1559.09,4.76,1.75,1.4,1172,176.1,63,0.854,,
265,car,4225352020,trim_5770,-1018.78,1474.03,-1032.36,-1593.66,5.03,1.9,1.43,1706,144.4,54,0.669,,
266,car,trim_9353,9843336867,865.09,803.06,1388.98,1502.68,4.67,1.88,1.43,1153,145.5,74,0.77,,
267,car,11143288406,7222735473,1671.35,868.67,73.29,-1535.96,4.16,1.8,1.61,1806,165.5,31,0.78,,
268,car,5170801492,trim_9579,2128.78,572.12,-598.13,1111.47,4.53,1.77,1.43,1695,159.3,27,0.716,,
269,car,11909790564,trim_4677,2452.69,-1100.94,336.64,-1403.81,4.09,1.8,1.61,1594,169.4,42,0.824,,
270,car,5170798235,trim_2865,96.91,204.94,-2158,1045.95,4.07,1.6,1.41,1737,147.5,29,0.735,,
271,car,trim_1495,11499317446,-1267.42,-1215.74,-364.13,1046.64,4.84,1.78,1.44,1850,168.3,35,0.862,,
272,car,trim_7857,trim_2014,857.89,833.74,1473.86,409.3,4.24,1.73,1.64,1781,160.5,67,0.717,,
273,car,trim_5613,trim_603,2493.44,-629.78,-2210.25,1283.65,4.18,1.71,1.61,1584,145.9,29,0.836,,
274,car,trim_5543,trim_5914,2115,558.62,-1751.81,-1270.9,4.98,1.67,1.36,1596,158.1,49,0.68,,
275,ambulance,9168861177,trim_1971,-1024.72,-781.15,149.75,1062.28,5.58,2.13,2.47,3504,140.3,22,0.56,a_1409201613_c,Yashoda Hospital
276,motorcycle,trim_9482,12901333699,430.7,161.24,124.36,-244.22,1.82,0.75,1.37,139,103.3,38,0.799,,
277,car,9859639833,4225172389,-456.16,-311.16,-377.19,324.87,4.54,1.75,1.55,1582,178.4,44,0.679,,
278,car,9852411623,6925898204,-2361.76,-566.86,-1796.99,-1552.15,4.63,1.68,1.51,1248,175.3,67,0.768,,
279,car,trim_7878,5170637565,553.39,-759.16,1432.5,-42.96,4.81,1.91,1.43,1185,171.4,60,0.809,,
280,car,9857987912,457278193,-27.98,34.89,-711.05,282.38,4.32,1.6,1.41,1817,164.9,55,0.863,,
281,car,9843336866,trim_8300,1393.43,1503.68,2275.58,496.96,4.19,1.84,1.4,1299,158.2,17,0.937,,
282,motorcycle,trim_4670,11143288407,-1272.44,1604.63,1682.18,818.63,1.81,0.89,1.36,136,143.2,17,0.919,,
283,car,2960299893,11499173751,-1834.85,769.28,195.08,1207.38,4.0,1.91,1.49,1041,140.7,53,0.859,,
284,car,trim_946,12098317280,-716.93,-393.16,-1819.14,876.04,4.18,1.65,1.38,1274,169.4,73,0.853,,
285,bus,trim_6352,trim_8349,2247.07,1146.6,-25.26,715.8,9.9,2.5,3.22,8081,80.6,58,0.873,,
286,car,trim_394,4224980846,-2131.57,31.77,-2050.38,486.97,4.94,1.92,1.53,1101,167.4,18,0.777,,
287,car,9852964130,trim_8961,-2459.79,470.43,78.15,-1384.08,4.24,1.95,1.46,1028,163.1,71,0.8,,
288,car,9852371322,trim_3465,-1695.64,-693.19,439.69,-629.06,4.21,1.93,1.54,1869,175.1,73,0.977,,
289,car,trim_3678,trim_987,-734.64,-1458.62,-707.51,-180.5,4.19,1.92,1.45,1298,163.6,51,0.727,,
290,car,trim_17,trim_4465,-2469,2.94,-594.12,981.55,4.57,1.72,1.53,1390,158.2,60,0.722,,
291,car,9168883581,trim_6915,-1346.81,-1422.03,-1744.11,664.24,5.02,1.65,1.55,1471,151.6,36,0.726,,
292,bus,trim_8860,trim_2176,2320.04,-932.14,74.84,-904.5,11.8,2.4,3.02,9698,87.8,22,0.772,,
293,car,5170815481,trim_6027,-1036.32,-1580.48,-1237.2,1279.01,4.39,1.89,1.36,1124,175.1,80,0.966,,
294,bus,trim_1148,trim_2546,-1719.81,235.92,-742.46,1242.14,9.54,2.42,3.16,13975,75.9,26,0.723,,
295,car,11013719608,trim_592,-2123.74,-1227.02,-1915.58,882.41,5.03,1.69,1.55,1348,156.0,28,0.873,,
296,car,4225324750,4225172395,956.67,531.73,-652.16,348.96,4.34,1.8,1.55,1290,163.1,41,0.713,,
297,motorcycle,trim_8208,trim_2433,-2450.86,1072.85,-396.92,1382,1.9,0.73,1.15,249,122.3,39,0.744,,
298,car,trim_6261,4227743750,-738.11,-1458.82,-649.8,-948.76,4.48,1.65,1.48,1282,177.4,61,0.767,,
299,truck,trim_6894,2960299983,-1425.03,1409.49,-1368.01,779.82,8.52,2.42,2.54,11148,98.7,69,0.712,,
300,car,4225324692,trim_2528,987.78,247.26,-1058.54,1186.97,5.0,1.88,1.52,1336,164.8,53,0.663,,
301,car,2962837657,trim_2844,-152.26,-1225.25,-2245.81,541.09,4.14,1.83,1.49,1687,160.7,22,0.671,,
302,car,trim_8912,9857635281,2285.95,-996.03,-788.23,-1106.76,5.08,1.64,1.53,1740,162.6,58,0.866,,
303,car,trim_5302,9168883556,1863.53,26.25,-1502.41,-1033.51,4.64,1.78,1.57,1631,160.7,79,0.824,,
304,car,9852411623,11498996009,-2361.76,-566.86,400.32,162.08,4.7,1.65,1.54,1647,177.5,78,0.936,,
305,car,trim_2020,trim_8456,1497.22,259.77,1847.69,628.43,4.07,1.65,1.61,1468,149.9,29,0.768,,
306,car,trim_7548,trim_2736,-643.56,-996.44,-1846.2,647.37,4.49,1.62,1.39,1364,179.3,46,0.86,,
307,car,9903339261,12139778395,91.28,906.84,1542.83,-1439.04,4.9,1.84,1.61,1555,157.3,18,0.786,,
308,car,trim_3665,trim_1193,-1057.95,-1376.2,-1761.74,-675.22,4.72,1.66,1.57,1492,159.0,53,0.722,,
309,car,trim_135,trim_2475,244.48,-669.65,-188.06,1253.81,4.54,1.83,1.47,1628,144.3,69,0.893,,
310,car,trim_5694,9852436606,741.49,-203.65,-2232.03,-776.45,4.31,1.64,1.47,1522,141.4,72,0.731,,
311,car,trim_2358,9843408902,-1719.09,-1025.6,2521.35,1564.9,5.06,1.76,1.57,1249,179.3,61,0.775,,
312,motorcycle,7222770489,1680212832,198.12,-1612.44,-1715.81,679.09,1.91,0.88,1.23,187,102.2,35,0.738,,
313,car,2962838319,trim_4476,-131.66,-1106.2,-793.27,1528.22,4.37,1.85,1.59,1251,170.5,54,0.881,,
314,car,trim_3505,11158293365,-93.09,-304.22,-458.68,-1084.98,4.71,1.73,1.49,1593,163.0,80,0.994,,
315,car,12131183359,trim_2664,-701.11,-381.7,1319.71,-1454.29,4.14,1.71,1.64,1313,164.7,67,0.687,,
316,truck,trim_8235,trim_1932,-2322.61,-753.01,-358.7,-1454.69,10.4,2.37,3.36,10494,90.4,57,0.84,,
317,car,2960336633,11176510326,-1590.94,28.91,-1089.63,-880.43,5.01,1.88,1.38,1793,169.1,65,0.839,,
318,car,9843057351,trim_2178,-2301.35,1275.34,16.03,-821.76,4.07,1.69,1.36,1675,157.7,63,0.802,,
319,car,trim_3780,9852411622,-576.27,-1111.7,-2287,-707.12,5.02,1.71,1.56,1340,179.6,41,0.699,,
320,car,trim_8983,trim_8198,-2247.15,682.54,-1029.87,755.88,4.75,1.68,1.57,1391,161.1,40,0.672,,
321,car,trim_7269,9859566828,-2218.2,-830.67,-1219.64,-239.78,5.06,1.63,1.36,1127,140.2,68,0.822,,
322,car,trim_8574,trim_3117,137.89,-1426.36,-78.6,11.92,4.37,1.84,1.64,1655,161.1,40,0.858,,
323,car,trim_7961,4225219720,-447.24,869.73,-655.42,-1191.54,4.52,1.72,1.54,1503,145.5,24,0.76,,
324,car,trim_1331,11168894451,-979.45,-258.09,-127.3,452.49,4.96,1.8,1.39,1466,144.0,79,0.848,,
325,car,trim_3046,trim_4588,-390.2,176.73,-722.37,749.31,4.36,1.68,1.63,1830,150.1,61,0.667,,
326,car,trim_6293,trim_6662,-352.86,-964.53,1058.01,-256.99,5.06,1.63,1.52,1768,177.3,80,0.878,,
327,motorcycle,12372946964,trim_7753,-663.24,-440.93,-1021.55,-462.17,2.07,0.87,1.25,251,158.9,19,0.718,,
328,car,trim_2825,trim_2657,-2351.2,1111.53,1893.5,-1409.87,4.22,1.91,1.37,1184,172.7,58,0.881,,
329,car,trim_7101,trim_8599,-2209.03,426.22,-176.09,-969.9,4.07,1.77,1.59,1507,164.4,20,0.766,,
330,car,trim_3304,trim_3033,-72.33,-98.41,-2453.15,1076.04,4.66,1.81,1.37,1496,177.9,50,0.831,,
331,car,trim_8801,6925898205,702.23,510.35,-1844.25,-1506.42,4.55,1.68,1.46,1430,171.3,45,0.655,,
332,car,trim_7749,12626529711,-972.52,-464.91,-1947.95,-1155.67,4.85,1.88,1.51,1774,167.3,18,0.878,,
333,car,trim_1554,7249093947,-1072.32,-573.17,472.03,507.73,4.84,1.84,1.48,1384,145.5,72,0.749,,
334,car,trim_2195,trim_5782,-1018.61,875.63,-1496.34,-1218.67,4.4,1.67,1.48,1052,149.3,17,0.827,,
335,car,trim_6200,2960312439,-1427.16,-882.07,-1180.56,-494.97,4.98,1.88,1.52,1892,140.6,47,0.853,,
336,car,11586812692,trim_7753,-35.81,-25.4,-1021.55,-462.17,4.14,1.66,1.36,1315,166.2,47,0.9,,
337,car,trim_4346,4225172384,1489.27,310.15,-271.05,313.14,4.44,1.83,1.55,1069,177.5,42,0.774,,
338,car,12124282218,trim_7506,-1044.19,-1023.01,-1309.59,-1085.65,4.39,1.92,1.42,1642,177.7,53,0.867,,
339,motorcycle,trim_5224,trim_986,2422.31,53.6,-704.62,-184.58,2.25,0.73,1.24,126,114.3,68,0.856,,
340,car,trim_1079,trim_2983,-867.73,-312.32,-2119.81,853.34,4.31,1.67,1.39,1878,149.2,42,0.681,,
341,car,trim_3652,trim_1489,-725.38,-811.59,-1020.1,-1154.23,4.87,1.61,1.42,1396,170.6,30,0.655,,
342,car,trim_6283,11215872309,-342.22,-850.28,-1946.43,-1456.55,4.3,1.81,1.44,1869,142.4,65,0.774,,
343,car,trim_7802,trim_41,149.92,-1416.03,92.88,673.6,4.42,1.62,1.41,1166,157.2,22,0.815,,
344,car,trim_8139,trim_8340,-2132.86,-1153.66,-350.89,656.1,4.84,1.93,1.62,1679,153.4,49,0.853,,
345,car,trim_4228,9853262751,-94.92,846.5,1309.13,229.23,4.83,1.72,1.6,1391,157.1,23,0.852,,
346,car,4225352061,11491683796,-204.45,2179.11,627.89,670.77,5.05,1.93,1.44,1892,161.4,70,0.843,,
347,car,11747124026,trim_1150,-648.55,854.8,-1702.65,145.94,4.57,1.66,1.46,1671,177.0,32,0.877,,
348,car,trim_5234,9852405454,2175.08,-750.21,-2368.28,-324.76,4.75,1.7,1.65,1694,151.8,66,0.67,,
349,car,4227798095,trim_2305,2274.73,-485.05,564.55,1332.57,4.3,1.69,1.55,1694,140.5,55,0.792,,
350,car,trim_4020,9857682455,1708.56,644.73,-302.48,-869.17,4.29,1.66,1.49,1396,158.7,61,0.77,,
351,car,trim_1682,trim_7950,-263.59,-1357.08,-622.34,1160.54,4.24,1.62,1.63,1249,164.4,56,0.888,,
352,car,2960299957,trim_3257,-1264.79,504.22,883.88,-715.23,4.28,1.88,1.43,1445,149.1,38,0.687,,
353,motorcycle,9859639823,trim_2614,-412.6,-245.66,-1098.28,694.46,1.82,0.68,1.06,213,150.2,56,0.66,,
354,car,9857750378,5170630780,19.75,-980.22,2229.68,125.97,4.07,1.85,1.43,1232,167.1,61,0.785,,
355,car,trim_558,trim_332,-1538.92,24.33,-320.3,626.08,4.26,1.64,1.5,1102,143.1,42,0.731,,
356,car,trim_3147,trim_3643,621.52,13.81,-707.52,-952.91,4.9,1.75,1.54,1788,145.7,57,0.802,,
357,car,12109680691,trim_6341,1355.15,1449.8,1918.72,914.22,5.07,1.91,1.46,1848,151.8,19,0.75,,
358,car,trim_1217,11909810134,-1557.73,56.49,2470.62,-888.83,5.02,1.92,1.36,1548,172.3,60,0.885,,
359,car,trim_3298,12124302391,-151.1,596.54,-898.94,-1135.46,4.64,1.83,1.4,1686,166.0,25,0.89,,
360,car,4227798329,trim_8696,2044.86,178.76,-605.3,1029.55,4.55,1.8,1.51,1376,169.3,22,0.802,,
361,car,4225077521,2960312600,-1993.89,1447.6,-771.48,-72.69,4.57,1.71,1.41,1518,176.4,58,0.711,,
362,car,trim_7183,trim_2303,-2089.55,140.49,545.97,1439.13,4.25,1.71,1.64,1624,157.8,68,0.77,,
363,car,9843408915,trim_2421,2310.31,1162.01,-476.8,1509.63,4.56,1.92,1.55,1545,158.0,69,0.747,,
364,car,4227798420,4225352025,1882.34,390.06,-1005.68,1555.23,4.27,1.92,1.55,1599,164.2,52,0.735,,
365,car,trim_4298,2970305302,1996.04,467.9,686.13,-192.54,4.45,1.78,1.39,1445,175.3,41,0.875,,
366,car,9168883603,4225077508,-827.41,-1579.45,-1815.76,1322.39,4.02,1.64,1.43,1499,177.2,28,0.682,,
367,car,11001416253,4227743750,-1960.47,-1486.49,-649.8,-948.76,4.47,1.84,1.65,1119,174.7,65,0.876,,
368,car,trim_2301,9168946286,2695.38,1184.39,1741.45,349.2,4.44,1.79,1.56,1107,175.9,59,0.798,,
369,car,trim_7776,trim_7844,-614.2,83.84,1993.19,1032.07,5.09,1.62,1.57,1319,158.0,68,0.838,,
370,car,2960361486,trim_3635,-1551.44,-1031.6,-577.37,-928.01,4.48,1.87,1.56,1660,168.9,26,0.688,,
371,car,trim_5774,12918589242,-1362.87,-1332.59,-802.32,604.51,4.65,1.84,1.49,1288,147.1,51,0.886,,
372,car,trim_259,9168946236,-7.88,-335,2367.37,653.37,4.33,1.72,1.52,1808,163.2,70,0.771,,
373,car,5170798261,12128950559,84.23,568.4,1726.01,911.92,4.83,1.93,1.36,1851,175.3,42,0.758,,
374,motorcycle,trim_6612,trim_3973,2115.21,-600.76,-463.53,1077.05,2.24,0.73,1.17,135,110.1,78,0.89,,
375,truck,trim_6523,trim_5673,-349.27,-507.86,1377.26,-503.1,7.73,2.58,3.79,13288,97.7,51,0.685,,
376,car,trim_4690,trim_2408,1397.24,-2.27,133.36,1400.3,4.92,1.86,1.36,1812,178.4,40,0.652,,
377,car,trim_7543,trim_3860,-724.51,-888.49,-766.54,-1187.57,4.03,1.67,1.63,1514,169.3,32,0.858,,
378,car,10259407507,trim_2088,2387.82,-1039.32,2531.53,852.57,4.79,1.92,1.39,1800,159.7,27,0.866,,
379,car,trim_5021,trim_1548,2187.14,-650.36,-998,-910.18,4.74,1.94,1.59,1670,148.9,25,0.732,,
380,car,trim_724,trim_6967,-1622.08,719.46,1987.24,830.77,4.3,1.82,1.5,1699,168.3,56,0.873,,
381,car,9852378884,trim_4649,-2163.19,-727.02,-1221.75,1152.45,4.11,1.85,1.51,1171,162.3,20,0.917,,
382,car,trim_913,9168883578,-1168.79,-79.3,-1365.67,-1339.95,4.27,1.81,1.61,1198,147.8,76,0.798,,
383,bus,trim_1497,trim_4277,-1251.47,-1193.82,1978.69,-319.9,11.57,2.46,3.12,13255,98.5,43,0.651,,
384,car,trim_2269,trim_8986,40.44,-790.74,-2301.43,659.69,4.61,1.67,1.4,1376,150.5,64,0.808,,
385,car,12124311193,trim_1135,2508.09,493.3,-1159.41,468.6,4.38,1.79,1.64,1790,173.6,53,0.817,,
386,car,12088358659,trim_7216,-2343.48,654.14,-2071.31,-206.67,4.69,1.81,1.51,1266,148.8,52,0.755,,
387,car,trim_5719,trim_4023,-1379.73,768.13,1232.04,794.88,4.27,1.75,1.4,1861,166.4,60,0.824,,
388,car,trim_7731,trim_3909,-49.95,-86.91,1711.57,268.41,4.85,1.77,1.59,1440,156.5,46,0.657,,
389,car,trim_5391,2960300001,2019.93,-943.4,-1615.93,772.49,4.24,1.9,1.47,1506,152.9,56,0.753,,
390,car,trim_1522,9861682133,-1143.21,-949.77,-1525.38,516.52,4.47,1.69,1.37,1437,148.8,21,0.727,,
391,car,trim_608,9857157154,-2480.54,204.96,1843.55,-115.37,4.63,1.66,1.41,1563,177.9,58,0.682,,
392,car,trim_8542,trim_2355,-788.78,805.4,-1844.77,-924.78,5.05,1.61,1.46,1702,153.3,61,0.842,,
393,car,4225352032,trim_8782,-114.59,1697.87,-59.18,-913.27,4.72,1.78,1.46,1179,146.3,66,0.875,,
394,car,5170655703,11909810126,2416.18,-5.28,2445.19,-932.51,4.88,1.92,1.45,1194,169.3,17,0.779,,
395,ambulance,4224980815,trim_2354,-2030.74,386.09,-1848.68,-921.66,6.26,2.16,2.63,4083,121.7,52,0.525,a_352730718_c,Hospital (amenity a_352730718_c)
396,car,trim_5067,2960336719,2452.21,203.95,-1427.42,87.5,4.85,1.69,1.43,1111,171.4,67,0.703,,
397,car,trim_6227,11491235575,-1542.43,-1012.61,-859.02,-1625.55,4.3,1.63,1.37,1650,170.5,69,0.695,,
398,car,2960361467,trim_6240,-1507.19,-820.4,-838.6,-1176.03,4.6,1.92,1.38,1529,155.6,55,0.846,,
399,car,4871211869,9843127280,-2042.07,1789.54,-1521.53,564.53,4.82,1.71,1.49,1090,178.8,76,0.854,,
400,car,trim_9651,trim_290,-1344.65,1302.43,-30.64,-520.1,4.24,1.74,1.43,1256,168.1,80,0.861,,
401,car,trim_5747,trim_599,-1917.23,-1158.87,-2116.33,1151.54,4.8,1.93,1.58,1643,158.1,19,0.809,,
402,motorcycle,trim_9250,trim_708,2386.67,613.27,-1375.98,769.08,1.98,0.79,1.27,160,146.7,26,0.674,,
403,car,trim_2050,9855703019,1380.8,-502.21,1237.69,-7.76,4.95,1.77,1.42,1127,164.7,76,0.891,,
404,car,9857682449,11499043128,-508.99,-1148.51,-824.94,1007.1,4.84,1.62,1.5,1371,169.6,35,0.659,,
405,car,9168966445,trim_4082,1181.7,1606.57,-603.27,1032.32,4.66,1.9,1.43,1188,162.5,78,0.916,,
406,car,9843813729,trim_7488,2143.64,732.68,-835.07,214.83,4.26,1.76,1.49,1499,169.6,26,0.88,,
407,motorcycle,4225077538,12143932397,-1714.33,1689.25,722.85,861.55,1.84,0.68,1.05,188,98.5,41,0.759,,
408,car,trim_2553,trim_1413,2115.81,681.33,-2370.75,-489.29,4.97,1.77,1.54,1472,145.6,69,0.79,,
409,car,trim_5990,9168881193,2491.58,-1151.01,2082.1,582.75,4.48,1.7,1.63,1609,160.9,63,0.791,,
410,car,trim_4987,trim_7330,1652.5,-472.75,958.53,315.87,4.32,1.84,1.59,1857,154.9,48,0.768,,
411,car,trim_4315,12143984564,910.28,-81.11,1056.95,768.45,5.02,1.85,1.61,1122,161.0,76,0.762,,
412,car,trim_8208,trim_3566,-2450.86,1072.85,894.23,-866.06,4.17,1.62,1.64,1281,147.5,28,0.784,,
413,car,trim_4103,trim_286,784.12,637.95,168,-477.46,4.07,1.76,1.4,1315,162.4,44,0.736,,
414,car,trim_8071,9855014986,-1581.66,-1535.27,1827.09,-187.57,4.3,1.89,1.61,1526,152.2,67,0.904,,
415,car,12127352319,trim_8117,-941.64,1218.98,-558.02,764.19,4.71,1.67,1.53,1093,148.7,38,0.716,,
416,car,trim_74,trim_3957,575.79,-706.65,1766.15,479.94,4.88,1.81,1.58,1297,170.9,51,0.892,,
417,truck,trim_7512,trim_7563,-1323.9,-984.26,-423.02,-1034.26,9.7,2.57,2.77,5029,77.0,43,0.673,,
418,car,9852338734,trim_8081,-1806,0.55,-718.13,697.93,4.16,1.66,1.61,1291,175.8,22,0.684,,
419,car,9857625468,trim_7979,-1166.06,-875.87,-1141.78,517.1,4.47,1.77,1.44,1684,149.6,66,0.754,,
420,car,4225172454,trim_7662,473.1,559.83,-67.21,111.58,4.52,1.71,1.51,1478,175.3,43,0.889,,
421,car,trim_1111,4227743761,-1579.06,204.86,-694.35,-882.67,4.31,1.65,1.48,1397,167.8,48,0.821,,
422,car,4227695087,trim_7882,-660.26,2012.04,-2460.27,-485.17,4.48,1.72,1.36,1329,158.6,60,0.832,,
423,car,12096687037,9859655301,823.97,250.15,-383.61,-259.4,4.62,1.95,1.63,1344,147.2,17,0.819,,
424,car,trim_5547,trim_975,1133.68,1435.03,-717.38,-162.22,4.21,1.81,1.45,1820,176.6,80,1.03,,
425,car,trim_3511,trim_5016,-279.82,382.09,2282.41,-704.46,4.04,1.7,1.49,1040,167.8,48,0.719,,
426,car,trim_768,9168986437,-845.61,-528.29,-437.38,757.02,4.91,1.9,1.63,1898,165.3,78,0.823,,
427,car,trim_1448,trim_7785,-1362.73,-768.39,-590.33,-1364.97,4.71,1.79,1.38,1333,164.5,35,0.826,,
428,car,trim_6541,trim_1878,539.04,-1221.98,-386.07,-1070.13,4.94,1.63,1.6,1107,157.7,23,0.729,,
429,car,trim_1792,trim_5865,132.48,-1231.43,-286.44,745.38,4.31,1.9,1.55,1664,153.3,56,0.874,,
430,car,4225351640,trim_6231,1480.5,-484.83,-1516.19,-1406.48,5.08,1.85,1.46,1013,166.6,69,0.899,,
431,car,trim_178,12124137956,225.34,76.89,-510.22,-798.62,4.07,1.89,1.5,1656,143.4,72,0.731,,
432,car,trim_3135,2970305312,-151.91,132.15,1596.12,-97.77,4.76,1.74,1.54,1758,177.6,55,0.718,,
433,car,12109637075,9168881195,2100.52,1093.77,2042.57,543.42,4.38,1.8,1.56,1510,158.5,30,0.88,,
434,car,9168951465,trim_6270,818.76,-986.29,-550.24,-754.75,4.1,1.71,1.54,1018,146.8,17,0.824,,
435,motorcycle,4225172434,trim_2931,-100.22,492.42,-1621.7,1012.89,1.84,0.83,1.14,236,135.0,40,0.837,,
436,car,2960299858,5170823239,-1404.32,-1172.12,1349.03,457.45,4.34,1.73,1.44,1251,162.6,68,0.736,,
437,car,trim_5155,11909810143,2068.5,-102.8,2451.05,-789.62,4.97,1.66,1.44,1628,150.6,78,0.869,,
438,car,trim_7179,trim_9122,532.34,1090.8,2097.92,1108.55,4.85,1.78,1.6,1618,146.8,65,0.689,,
439,car,11747124024,4225324637,-589.53,854.61,891.27,-73.08,5.09,1.75,1.54,1614,151.5,59,0.825,,
440,truck,5170791991,trim_2198,-1664.36,628.33,-253.92,1325.31,10.98,2.54,2.62,13507,77.7,75,0.815,,
441,car,trim_9507,trim_1294,1753.13,518.56,-1278.34,306.08,4.72,1.67,1.39,1528,154.9,64,0.815,,
442,car,11198955250,trim_8187,-1879.59,-853.94,-1960.01,-1471.23,4.35,1.64,1.46,1811,146.4,76,0.844,,
443,car,trim_907,11198935214,-1317.97,-61.84,-1890.51,-852.02,4.11,1.92,1.44,1420,147.4,18,0.85,,
444,car,trim_7776,trim_4947,-614.2,83.84,-1478.13,1313.9,4.65,1.84,1.57,1426,149.7,63,0.8,,
445,motorcycle,4224981048,trim_192,-1887.57,738.13,625.71,241.93,2.0,0.66,1.38,145,155.4,80,0.827,,
446,car,trim_2965,trim_7185,-1608.83,1587.4,-2088.73,103.78,4.3,1.8,1.53,1148,146.7,54,0.872,,
447,car,9843398595,trim_972,1880.96,1402.31,-672.56,-64.6,4.22,1.94,1.58,1117,153.3,22,0.893,,
448,car,trim_4135,trim_6166,2458.78,843.1,-1620.53,-665.95,4.84,1.88,1.49,1149,140.0,34,0.7,,
449,car,4225170871,4227797888,427.92,-1132.14,2225.32,-1289.05,4.34,1.66,1.61,1393,169.0,35,0.821,,
450,car,trim_1689,2960326613,-100.44,-1272.91,-2048.91,-11.67,4.41,1.77,1.45,1424,167.5,43,0.878,,
451,motorcycle,9858060927,trim_3390,277.79,256.16,-133.78,487.12,2.22,0.83,1.32,124,99.0,33,0.75,,
452,car,trim_4359,trim_2671,1222.15,745.01,-2429.31,-736.66,4.31,1.84,1.61,1537,161.4,60,0.772,,
453,car,9168883556,trim_2527,-1502.41,-1033.51,406.87,1443.15,4.03,1.91,1.4,1212,154.5,80,1.006,,
454,car,trim_3291,trim_5833,-237.6,-41.66,-693.97,540.04,4.83,1.92,1.54,1124,147.5,43,0.725,,
455,car,trim_9008,11056361048,52.86,-648.36,1297.61,495.92,4.42,1.66,1.4,1280,167.0,77,0.779,,
456,car,9844203651,trim_3565,-2370.01,1161.45,855.06,-841.32,4.18,1.84,1.6,1418,143.3,28,0.814,,
457,car,trim_7136,2960361575,-2357.82,247.92,-1342.39,-465.53,4.89,1.66,1.39,1456,167.5,17,0.892,,
458,motorcycle,trim_7625,2960299925,246.47,40.82,-2500.14,356.06,2.01,0.66,1.2,221,98.1,73,0.856,,
459,car,9852338742,trim_639,-2034.19,-142.63,-1899.82,854.36,4.78,1.9,1.64,1101,147.2,70,0.833,,
460,car,trim_3588,trim_1893,179.14,501.14,-365.73,-1093.1,4.74,1.65,1.45,1841,163.6,41,0.779,,
461,car,trim_5823,9168861174,-687.08,704.75,-742.22,-584.18,4.96,1.75,1.49,1036,174.7,74,0.832,,
462,car,9168861164,trim_9450,-1240.02,-324.94,-784.91,524.03,4.76,1.69,1.45,1267,172.8,50,0.695,,
463,motorcycle,trim_6922,trim_2463,1896.3,1323.99,-2327.5,926.92,1.81,0.73,1.27,199,115.0,20,0.813,,
464,car,trim_7025,trim_5268,-2332.3,829.66,2203.84,-30.53,4.19,1.79,1.39,1130,159.7,51,0.736,,
465,car,4227743882,9168966445,-1564.5,1224.6,1181.7,1606.57,4.68,1.92,1.62,1839,172.8,74,0.75,,
466,car,4225324770,trim_3274,1327.75,658.87,368.93,379.36,4.04,1.81,1.57,1731,144.0,26,0.734,,
467,bus,trim_9384,trim_1450,-1365.66,438.4,-1329.19,-778.57,10.06,2.48,3.11,12481,91.6,26,0.859,,
468,car,4227743866,trim_4294,-1205.34,1154.77,1948.27,503.89,4.87,1.8,1.65,1554,161.6,47,0.824,,
469,car,trim_875,trim_3436,-1315.86,-302.68,-55.77,423.5,4.63,1.68,1.63,1247,167.6,39,0.719,,
470,car,trim_7631,2960299868,258.45,-161.73,-1438.41,-202.59,4.67,1.92,1.55,1245,156.3,18,0.936,,
471,car,trim_4804,trim_2017,-1221.8,1188.99,1487.54,308.86,4.3,1.76,1.59,1571,143.9,44,0.655,,
472,car,9843492410,trim_5466,1447.46,869.64,1891.05,-89.75,4.07,1.7,1.56,1744,163.5,58,0.785,,
473,car,trim_9667,11423219229,-1675.5,401.61,-723.59,1874.13,4.01,1.72,1.45,1400,158.5,79,0.843,,
474,car,trim_6924,trim_3451,1876.15,1433.26,1403.86,-721.77,4.74,1.69,1.36,1767,178.7,78,0.92,,
475,car,12129299584,trim_7877,2048.17,268.96,537.44,-751.94,4.23,1.94,1.46,1263,152.6,75,0.757,,
476,car,trim_6134,7249090942,-1019.92,-102.56,175.46,1010.73,4.18,1.72,1.48,1896,140.9,52,0.789,,
477,car,trim_8987,12124311193,-2300.16,664.52,2508.09,493.3,4.41,1.79,1.46,1854,144.9,66,0.715,,
478,car,4225324788,trim_8677,2506.85,723.1,-526.34,852.66,4.32,1.9,1.58,1886,179.2,68,0.768,,
479,car,trim_5388,9843992519,1376.76,434.46,-2262.57,1124.07,4.99,1.7,1.58,1567,166.6,56,0.776,,
480,car,trim_9609,trim_624,-634.09,142.17,-2183.13,558.39,4.25,1.74,1.58,1258,177.0,36,0.881,,
481,truck,9168951505,9844004277,646.42,-1483.31,-2463.3,477.59,7.73,2.46,2.93,10104,75.2,28,0.746,,
482,car,trim_1030,2960299918,-987.64,113.34,-2284.92,1069.42,5.07,1.74,1.54,1557,145.5,80,1.05,,
483,car,trim_5834,trim_8675,-784.8,538.34,-449.29,866.82,4.81,1.93,1.45,1225,162.8,76,0.931,,
484,car,trim_3378,trim_5795,499.69,108.47,-1939.49,-864.22,4.82,1.91,1.55,1497,174.5,36,0.764,,
485,motorcycle,trim_7577,9859738798,-438.91,-856.17,-497.96,-1229.77,1.92,0.77,1.3,140,99.3,24,0.874,,
486,truck,5170637560,9988275074,1380.59,19.07,-494.75,1180.23,8.77,2.37,3.28,15887,93.9,75,0.875,,
487,car,9843848031,9861682124,2427.51,673.4,-1445.29,-1051.86,4.66,1.72,1.63,1143,158.5,24,0.652,,
488,car,trim_5658,11983071064,-2170.72,-1292.4,1172.88,1337,4.74,1.9,1.65,1776,142.8,69,0.929,,
489,car,4225219828,trim_8620,-457.84,-532.16,224.15,-1179.23,4.59,1.85,1.53,1890,168.6,72,0.84,,
490,car,9857682486,trim_6136,-864.89,-689.78,-626.54,-518.05,4.32,1.74,1.6,1692,154.5,72,0.827,,
491,car,9168946264,n_9709,1808.51,269.04,725.7118037109694,271.50650258480954,4.16,1.69,1.6,1678,144.5,37,0.742,,
492,car,trim_2634,trim_6469,-1132.02,637.45,1605.52,468.81,4.16,1.69,1.49,1238,153.2,25,0.765,,
493,ambulance,4224980815,11491502777,-2030.74,386.09,241.11,-1317.05,5.99,2.07,2.52,3091,137.8,73,0.705,a_352730796_c,HOD Ghaziabad - House Of Diagnostics
494,car,trim_8076,trim_5871,-652.28,865.2,2411.61,-557.62,4.65,1.87,1.39,1260,148.8,63,0.791,,
495,car,trim_4706,trim_8900,307.19,-1494.61,2417.76,-876.12,4.34,1.85,1.52,1274,168.5,53,0.689,,
496,car,9852938608,trim_2587,-1242.64,-720.8,1652.05,1352.18,4.14,1.81,1.61,1232,149.1,43,0.796,,
497,car,3004576870,trim_5969,724.25,-194.26,243.02,1005.86,4.01,1.73,1.5,1783,160.7,77,0.925,,
498,car,trim_3530,12098580600,1193.36,-585.16,1924.43,134.71,4.71,1.81,1.5,1471,155.1,78,0.942,,
499,car,trim_4876,trim_785,-349.27,-1011.07,-717.56,-396.7,4.53,1.77,1.46,1602,142.6,44,0.727,,
500,car,trim_5458,2970305248,2052.93,86.45,1459.57,-571.94,4.31,1.87,1.59,1585,154.3,74,0.882,,
501,car,trim_6061,9852465891,-1194.49,353.03,-1542.72,-1439.23,4.01,1.86,1.6,1709,175.9,41,0.741,,
502,car,9852465880,trim_2454,-1950.02,-1343.66,-2366.22,798.6,4.69,1.93,1.5,1244,178.5,26,0.893,,
503,car,9859596015,3960098588,-1032.66,-430.44,-1306.42,711.21,4.62,1.69,1.43,1665,167.6,47,0.707,,
504,car,9857750378,trim_9655,19.75,-980.22,-1354.16,1372.82,4.2,1.94,1.43,1250,169.7,24,0.877,,
505,car,5170823242,trim_1014,1418.13,461.62,-705.07,72.41,4.33,1.67,1.42,1686,159.1,28,0.784,,
506,car,trim_7215,trim_885,-2026.34,-204.67,-1040.97,-511.92,4.35,1.82,1.41,1105,143.3,41,0.675,,
507,car,trim_4458,trim_3899,100.4,1151.75,1110.91,-6.52,4.66,1.7,1.35,1387,176.2,72,0.914,,
508,truck,trim_5587,trim_5628,1692.63,-139.97,-171.9,1159.56,10.83,2.48,3.09,5005,92.6,50,0.773,,
509,car,9857246284,trim_4099,829.76,-1240.9,909.16,584.54,4.56,1.78,1.64,1270,174.7,47,0.735,,
510,car,11168934281,trim_4554,119.27,116.37,-941.58,1291.35,4.55,1.82,1.38,1681,147.3,16,0.88,,
511,car,trim_339,9843119615,-1290.23,599.73,-1556.28,1038.74,4.55,1.66,1.58,1606,143.8,72,0.806,,
512,bus,9843336855,trim_8103,1087.66,1692.05,-956.55,794.23,11.88,2.44,3.07,9391,79.2,55,0.73,,
513,car,9859639847,12141476163,-213.99,-482.78,-1635.71,1243.27,4.11,1.71,1.53,1514,146.2,36,0.698,,
514,car,trim_7025,trim_446,-2332.3,829.66,-2107.62,-553.51,4.19,1.66,1.55,1293,160.7,76,0.923,,
515,ambulance,9859618307,2960326628,-924.07,-526.04,-1991.97,-647.75,5.92,2.22,2.5,3026,157.4,54,0.543,a_4562908189,Hospital (amenity a_4562908189)
516,truck,9843794917,trim_4319,2310.14,1000.07,1543.46,795.62,10.36,2.55,2.91,8388,86.9,69,0.691,,
517,car,trim_7118,trim_7749,-2401.72,248.05,-972.52,-464.91,5.07,1.72,1.59,1877,170.7,18,0.945,,
518,car,trim_6475,trim_4342,1638.48,128.44,1011.99,-96.45,4.73,1.69,1.6,1021,157.1,64,0.731,,
519,car,trim_2398,9857583764,-594.29,1462.96,-1388.94,-1150.74,4.22,1.68,1.5,1771,144.3,47,0.69,,
520,car,trim_7575,trim_2744,-416.93,-809.72,-1850.66,563.05,5.04,1.81,1.64,1852,171.2,65,0.822,,
521,car,trim_9622,5171030833,30.49,-819.93,-2065.33,698.81,4.27,1.95,1.53,1053,142.2,59,0.719,,
522,car,trim_220,11015711789,422.74,-43.55,-1230,721.15,5.02,1.64,1.39,1675,153.0,68,0.886,,
523,car,trim_8607,2970305238,-590.41,-1265.31,1550.44,-643.11,4.65,1.8,1.52,1394,153.1,49,0.789,,
524,car,trim_3723,11909810181,-805.48,-1234.04,2395.03,-861.86,4.76,1.65,1.58,1784,168.0,56,0.889,,
525,car,trim_2066,11362459497,1028.54,1414.31,-1583.38,-1379.29,4.85,1.86,1.41,1289,149.1,62,0.733,,
526,car,trim_3206,trim_3122,153.06,280.69,493.65,-128.9,4.28,1.81,1.63,1126,165.7,70,0.799,,
527,car,trim_2985,trim_7431,-2058.74,791.18,-2318.34,-213.73,4.05,1.78,1.62,1461,140.6,71,0.959,,
528,car,trim_501,trim_7552,-1664.03,692.98,-564.72,-966.14,4.88,1.88,1.5,1517,165.4,25,0.791,,
529,car,4227698440,trim_457,-424.48,2344.01,-2120.5,-203.43,4.12,1.66,1.5,1766,163.0,75,0.903,,
530,car,9855703027,trim_7297,1908.97,-197.49,-1279.72,-596.67,4.08,1.84,1.6,1419,175.6,35,0.813,,
531,car,9859736950,4225170874,45.99,112.02,1247.14,-985.42,4.71,1.72,1.51,1623,172.8,71,0.932,,
532,car,9857196233,trim_4065,-2613.38,216.41,-392.25,1054.85,4.32,1.82,1.47,1008,152.9,35,0.715,,
533,car,trim_5051,trim_8128,1929.26,-252.1,274.24,974.82,4.74,1.71,1.49,1599,170.8,61,0.873,,
534,ambulance,2960326747,trim_8649,-1581.18,-14.65,281.34,-1224.15,6.37,2.05,2.75,2912,127.3,19,0.643,a_7018033056,"Chandra Laxmi Hospital, Maliwara Chowk"
535,motorcycle,2962837653,trim_1394,-166.14,-1232.99,-2441.62,-420.85,2.19,0.79,1.38,159,112.1,45,0.815,,
536,car,9855693604,trim_9355,1616.83,152.79,863.01,818.19,4.18,1.95,1.42,1828,170.9,19,0.744,,
537,car,trim_7462,trim_7979,-2446,-664.29,-1141.78,517.1,4.14,1.93,1.36,1781,174.2,42,0.745,,
538,car,trim_2452,2970305310,-2379.07,755.56,1593.17,-115.25,4.23,1.73,1.59,1084,147.0,31,0.691,,
539,car,4225324643,4225324683,824.93,-8.25,2002.27,198.06,5.03,1.86,1.46,1896,156.6,42,0.896,,
540,car,9852405447,trim_9070,-2365.88,-294.62,-1624.12,718.01,4.4,1.69,1.38,1411,140.3,69,0.79,,
541,car,trim_9468,11158364720,52.51,-1198.78,229.71,-587.4,4.39,1.93,1.6,1391,173.9,54,0.707,,
542,car,9858060975,trim_170,469.32,-320.6,358.57,-961.87,4.72,1.88,1.61,1014,178.6,57,0.661,,
543,car,trim_8594,trim_5410,-97.22,-1488.71,2109.84,10.34,4.2,1.6,1.51,1126,158.8,20,0.695,,
544,car,trim_376,trim_3933,-2153.12,66.14,821.6,-53.11,4.95,1.83,1.46,1373,146.3,38,0.694,,
545,car,trim_923,2970305123,-1200.22,154.78,2037.13,-1106.03,4.82,1.88,1.4,1791,144.4,36,0.657,,
546,car,trim_9366,trim_4060,1448.16,203.08,2314.28,1007.39,4.44,1.73,1.6,1560,141.1,19,0.793,,
547,car,trim_886,9843119615,-1151.3,-421.86,-1556.28,1038.74,4.04,1.91,1.62,1042,155.1,37,0.69,,
548,car,6928966682,12109637074,-1687.63,-1449.17,2090.27,1091.02,4.99,1.63,1.65,1101,159.0,69,0.904,,
549,car,9859704529,2960299974,425.84,1900.23,-1357.58,460.95,4.15,1.81,1.54,1280,158.8,48,0.682,,
550,bus,trim_2636,trim_4590,-1158.85,686.96,-781.95,780.39,10.28,2.52,3.43,10867,92.5,41,0.681,,
551,car,2960336716,trim_2017,-947.05,471.68,1487.54,308.86,4.89,1.65,1.55,1669,168.7,52,0.872,,
552,car,trim_8804,4227798292,671.69,684.83,2157.74,97.34,4.25,1.66,1.55,1296,179.0,50,0.84,,
553,car,trim_249,trim_2076,1590.93,485.3,1077.99,717.27,4.46,1.83,1.52,1841,141.4,65,0.808,,
554,car,9857331050,4225324607,-2144.05,-664.12,1626.34,-297.48,5.08,1.61,1.54,1752,149.5,66,0.741,,
555,motorcycle,9852331991,trim_2857,-432.92,758.85,-1886.15,552.92,2.04,0.74,1.27,233,130.4,73,0.978,,
556,motorcycle,trim_2920,trim_1091,-1774.65,1280.11,-987.02,-354.37,1.93,0.76,1.31,208,126.0,59,0.734,,
557,motorcycle,trim_1235,trim_5053,-1520.31,-216.79,1936.08,-294.58,1.93,0.85,1.22,192,136.4,59,0.841,,
558,car,9852770085,trim_1824,1688.17,-1718.95,-119.04,-886.55,4.86,1.75,1.36,1489,143.8,74,0.948,,
559,truck,5170783085,trim_2209,1980.79,219.48,147.82,1065.21,10.28,2.34,2.95,9978,86.6,26,0.892,,
560,car,trim_506,9168951466,-1665.02,711.81,831.34,-973.19,4.44,1.93,1.65,1175,173.6,44,0.844,,
561,car,2970305312,trim_3724,1596.12,-97.77,-999.21,-965.52,4.82,1.78,1.58,1507,161.2,22,0.85,,
562,car,4227798505,trim_4581,811.91,1486.25,-858.24,805.86,4.25,1.93,1.51,1337,144.0,37,0.809,,
563,car,9858066410,9859639819,129.89,-1127.4,-433.04,-282.66,4.25,1.93,1.56,1487,178.2,70,0.915,,
564,car,9854981037,trim_876,2127.47,-615.71,-1314.11,-307.37,5.05,1.93,1.44,1811,178.9,76,0.877,,
565,motorcycle,trim_4439,trim_6287,1084.42,163.4,-257.62,-983.74,2.27,0.65,1.14,193,111.8,24,0.665,,
566,car,9844004272,trim_6674,-2452,489.75,986.09,175.32,4.16,1.89,1.58,1726,178.0,47,0.748,,
567,car,4225351647,13264387395,1091.74,-283.39,-1584.8,383.46,4.46,1.81,1.42,1315,149.1,51,0.685,,
568,car,9857196233,9168946249,-2613.38,216.41,2021.79,390.22,4.8,1.81,1.55,1185,145.7,51,0.84,,
569,car,trim_526,trim_9384,-1845.54,-1334.34,-1365.66,438.4,4.13,1.71,1.38,1566,158.8,72,0.795,,
570,car,trim_6443,trim_8668,1819.32,325.62,-517.6,629,4.82,1.76,1.37,1881,176.4,59,0.869,,
571,ambulance,trim_842,trim_18,-1358.69,58.19,-2472.05,-1.02,5.88,2.27,2.45,3433,143.4,78,0.77,a_7018342523,"Lokpriya Hospital, Ghaziabad"
572,car,4227798305,trim_9241,2094.48,128.65,-525.07,-183.7,4.11,1.95,1.53,1539,154.5,79,0.999,,
573,car,trim_9032,trim_7054,-1259.33,1149.69,-2343.06,1143.06,4.06,1.64,1.58,1758,169.3,48,0.81,,
574,car,trim_4308,trim_8510,890.92,658.69,-2319.38,1313.45,4.73,1.69,1.46,1012,168.5,78,0.841,,
575,motorcycle,trim_9306,9857157156,-2119.25,938.77,1835.97,-111.19,2.1,0.82,1.09,227,139.6,64,0.802,,
576,car,trim_1892,trim_3209,-369.33,-1089.63,197.31,289.65,4.42,1.81,1.53,1714,178.2,28,0.679,,
577,car,9857350826,trim_8300,-1775.33,32.27,2275.58,496.96,4.4,1.84,1.62,1380,155.7,21,0.737,,
578,car,trim_445,trim_9443,-2105.55,-601.04,-1348.37,473.88,4.94,1.8,1.51,1846,172.5,71,0.877,,
579,car,trim_7254,trim_4694,-2088.81,-1094.94,1269.07,101.72,4.62,1.61,1.63,1089,176.8,19,0.892,,
580,car,trim_1718,trim_1220,-148.61,-1381.19,-1486.97,-139.94,4.28,1.89,1.45,1876,149.9,73,0.926,,
581,car,trim_6962,trim_4664,1442.72,872.3,-1563.99,1240.87,4.77,1.82,1.58,1145,162.3,57,0.835,,
582,car,trim_9596,trim_2285,-1287.67,-596.01,2092.27,1066.77,4.86,1.66,1.5,1080,154.1,45,0.729,,
583,car,trim_8477,trim_7878,2298.21,1081.52,553.39,-759.16,5.01,1.63,1.47,1560,165.6,64,0.701,,
584,car,trim_8761,trim_4672,-4.92,-1382.75,380.46,-1355.93,4.53,1.72,1.48,1325,146.4,37,0.731,,
585,motorcycle,trim_9159,trim_5043,2409.23,650.28,1915.08,-122.49,2.09,0.88,1.3,194,143.0,38,0.749,,
586,car,trim_2592,trim_7691,1643.15,1403.42,122.45,36.65,4.22,1.63,1.53,1789,156.2,49,0.686,,
587,car,trim_9221,trim_2190,1589.06,439.96,-682.54,183.13,4.39,1.65,1.47,1761,169.5,53,0.803,,
588,car,trim_3073,trim_6961,459.67,-285.78,1453.96,830.77,5.1,1.75,1.36,1493,166.7,51,0.657,,
589,truck,trim_5455,trim_3797,2051.23,122.33,-623.42,-904.2,10.17,2.37,3.64,9844,94.3,34,0.653,,
590,car,5170801504,trim_439,2073.98,472.44,-2104.86,-711.95,4.94,1.77,1.48,1501,179.9,40,0.753,,
591,car,trim_1705,trim_923,-97.06,-1423.23,-1200.22,154.78,4.64,1.82,1.62,1881,169.9,62,0.851,,
592,car,4227797883,trim_4809,1902.82,-1448.69,-1271.45,1241.95,4.41,1.92,1.63,1288,154.3,33,0.73,,
593,car,9908613050,trim_6503,-654.57,-1265.34,518.36,-252.08,4.27,1.79,1.39,1883,171.4,80,0.977,,
594,truck,2970305479,trim_9177,-731.82,2275.63,2102.53,737.33,6.63,2.55,2.8,8832,91.1,44,0.766,,
595,motorcycle,trim_4613,trim_6277,-388.26,1011.29,-395.86,-823.74,1.83,0.8,1.22,175,156.7,37,0.656,,
596,car,trim_9230,trim_2425,-1575.82,852.1,-467.63,1459.87,4.72,1.91,1.49,1636,142.6,61,0.666,,
597,car,trim_7606,trim_5616,-28.87,-1011.71,2482.37,-705.26,4.63,1.93,1.57,1642,159.6,33,0.897,,
598,car,4227798203,3840460039,1182.43,-90.35,-2218.85,1304.35,4.5,1.79,1.55,1297,162.8,68,0.716,,
599,car,trim_8110,trim_6700,-790.94,817.98,1195.03,1225.57,4.65,1.9,1.64,1048,170.2,31,0.844,,
600,car,4225172279,9859525123,-166.39,-148.53,-631,147.4,4.07,1.74,1.4,1175,179.2,38,0.859,,
601,car,trim_8235,trim_7490,-2322.61,-753.01,-822.26,197.23,5.02,1.86,1.45,1085,156.1,65,0.851,,
602,car,trim_102,9843398603,38.74,666.51,1730.86,1161.7,4.52,1.9,1.4,1280,147.1,71,0.93,,
603,car,trim_9064,9859493785,-1790.49,834.18,492.3,-477.07,4.2,1.74,1.42,1887,165.3,59,0.763,,
604,bus,trim_3384,trim_1006,85.3,-487.39,-746.19,40.66,9.9,2.58,3.04,11343,90.5,28,0.692,,
605,truck,9857987873,6928966673,-683.77,-446.96,-1692.05,-1514.25,6.03,2.42,2.54,14957,86.9,24,0.889,,
606,car,5170639282,trim_7911,2065.63,-76,-1377.51,427.73,4.68,1.66,1.42,1311,174.9,35,0.8,,
607,motorcycle,trim_8728,trim_6541,-448.87,1003.99,539.04,-1221.98,2.25,0.83,1.36,137,100.4,72,0.728,,
608,car,6294258002,4225352020,-2183.07,-757.92,-1018.78,1474.03,4.98,1.88,1.39,1841,177.4,29,0.737,,
609,car,trim_3454,11499317439,1268.54,-854.03,-268.64,1101.97,4.57,1.92,1.5,1543,179.9,59,0.884,,
610,car,trim_4808,9852333183,-1268.64,1221.58,68.31,828.41,4.91,1.87,1.63,1602,142.6,47,0.741,,
611,car,9168881203,trim_9533,2187.85,632.14,-836.81,-1283.92,4.54,1.88,1.36,1053,179.3,77,0.973,,
612,car,9843385448,trim_7778,-2129.06,1270.72,505.94,-1536.06,4.83,1.81,1.6,1082,166.2,66,0.849,,
613,car,12889145977,trim_2022,-1390.59,327.66,1514.44,180.61,4.31,1.65,1.58,1264,165.1,67,0.779,,
614,car,9858060925,9843050542,441.48,-339.09,-2318.01,611.69,4.03,1.64,1.52,1549,152.2,52,0.843,,
615,car,trim_2272,11176468178,734.51,822.32,-977.55,-506.41,4.58,1.61,1.63,1276,163.5,38,0.81,,
616,bus,trim_8515,trim_6127,-1366.29,-1105.28,-1320.58,-108.56,10.87,2.41,3.18,9129,98.9,22,0.856,,
617,car,11983071286,11176442507,1118.3,1246.1,-656.11,-1016.09,4.48,1.78,1.6,1458,167.2,21,0.878,,
618,motorcycle,12901340311,trim_9027,229.47,-311.41,-1509.59,1252.86,2.27,0.87,1.3,121,104.3,42,0.793,,
619,ambulance,trim_7670,4225172303,-637.34,-490.38,-330.65,-12.37,5.52,2.28,2.49,3879,157.0,16,0.826,a_7018342625,Vardhman Medicare
620,car,9843385447,trim_3787,-2161.01,1312.01,-1301.87,-1155,5.01,1.72,1.4,1351,149.1,67,0.681,,
621,car,trim_7331,trim_3560,985.66,327.92,-474.57,464.29,4.27,1.83,1.61,1381,162.8,55,0.701,,
622,car,trim_1817,trim_7737,-82.69,-1040.76,-1009.13,101.64,4.81,1.7,1.56,1374,156.5,51,0.861,,
623,car,trim_5040,trim_3844,1912.75,-90.92,-994.97,-1094.99,4.86,1.69,1.35,1623,141.7,73,0.762,,
624,car,trim_9139,4227798154,1359.03,1300.9,1926.39,-234.27,4.08,1.64,1.4,1712,142.7,57,0.692,,
625,car,11118483849,4227743724,-1516.74,-1103.96,1219.7,-1092.08,5.05,1.85,1.56,1256,151.5,49,0.677,,
626,car,trim_9456,trim_2838,2021.43,376.15,-2361.38,581.58,4.91,1.91,1.64,1499,159.9,32,0.78,,
627,car,6925898204,trim_6022,-1796.99,-1552.15,-1440.1,1271.08,4.53,1.64,1.36,1349,143.3,24,0.71,,
628,car,trim_2196,trim_3154,-1060.86,1184.17,582.15,143.83,4.48,1.65,1.53,1037,177.3,40,0.842,,
629,car,trim_3652,trim_2147,-725.38,-811.59,1873.77,944.98,4.05,1.6,1.4,1774,150.0,38,0.738,,
630,car,trim_2019,trim_8487,1492.79,282.22,-1881.13,-663.85,4.71,1.74,1.4,1263,142.5,39,0.807,,
631,car,12128949194,trim_4898,2024.16,837.06,-1188.26,1233.88,4.79,1.61,1.48,1759,164.1,52,0.789,,
632,car,5170823221,trim_7898,874.79,341.11,-77.42,928.34,5.06,1.62,1.56,1369,161.4,37,0.831,,
633,car,9843692473,trim_3379,1418.39,624.02,497.56,18.63,4.04,1.92,1.56,1005,140.1,23,0.853,,
634,car,trim_1142,4225351688,-1833.9,219.45,-863.96,901.05,4.13,1.68,1.54,1507,143.0,76,0.994,,
635,car,trim_7480,trim_5980,-1319.66,258.12,471.34,502.29,4.31,1.82,1.48,1673,167.3,48,0.736,,
636,car,trim_7927,trim_3015,-1365.06,437.16,-1642.94,1277.41,4.53,1.91,1.49,1791,149.0,52,0.809,,
637,car,trim_6530,trim_6809,695.11,-880.61,-352.57,632,5.1,1.91,1.46,1019,172.2,34,0.661,,
638,car,9844004272,trim_4825,-2452,489.75,311.22,-1466.86,4.97,1.9,1.65,1113,165.1,42,0.885,,
639,car,9843036305,4225324593,-2484.65,1218.39,-461.01,-471.3,4.46,1.86,1.48,1350,154.5,57,0.816,,
640,car,5170823236,trim_3739,1268.55,454.04,-464.23,-846.27,4.58,1.69,1.56,1512,177.9,62,0.875,,
641,car,9852333178,7222735462,98.96,756.76,168.26,-1466.76,4.84,1.74,1.54,1192,145.7,29,0.786,,
642,car,12098345438,11909810195,-1725.42,1488.15,2419.86,-1169.5,5.0,1.93,1.61,1371,148.0,59,0.788,,
643,car,trim_4058,9843385448,1326.43,-474.79,-2129.06,1270.72,4.42,1.78,1.4,1399,167.8,65,0.792,,
644,car,trim_3189,trim_5524,481.82,-1168.36,2166.89,-569.67,5.08,1.84,1.58,1577,163.0,41,0.688,,
645,car,trim_8447,trim_4909,1748.56,785.03,-1373.86,1215.87,4.27,1.86,1.58,1438,164.4,20,0.849,,
646,car,trim_7451,trim_4821,-1832.46,-550.07,240.45,-1165.63,4.09,1.6,1.61,1047,174.1,56,0.883,,
647,car,9168854804,4227798227,1945.26,1282.51,1741.23,-33.5,4.82,1.94,1.44,1059,164.9,56,0.796,,
648,car,trim_3830,3960098588,-556.98,-1002.89,-1306.42,711.21,4.52,1.85,1.44,1091,162.5,35,0.691,,
649,motorcycle,trim_4300,trim_7817,2073.76,420.99,-543.25,15.5,2.26,0.75,1.25,204,139.0,51,0.822,,
650,car,trim_5781,trim_5093,-1492.4,-1221.75,2186.32,60.06,5.07,1.83,1.39,1400,170.2,33,0.87,,
651,car,4225077451,trim_3535,-2056.74,1069.32,-311.76,568.27,4.52,1.87,1.53,1889,154.5,72,0.866,,
652,motorcycle,9168951480,12130429769,808.35,-1323.23,-1421.16,787.1,2.25,0.89,1.38,195,152.0,26,0.872,,
653,car,trim_3317,trim_6591,-129.43,-256.94,590.45,-1416.54,4.15,1.71,1.47,1135,179.7,41,0.89,,
654,car,trim_8294,trim_8899,1725.8,650.17,2404.08,-888.62,4.78,1.93,1.37,1543,172.0,18,0.895,,
655,car,11499317442,trim_7004,-289.93,1087.38,-2273.26,1086.69,5.09,1.73,1.43,1462,179.3,19,0.832,,
656,car,trim_6308,9168959361,-1514.19,-1410.86,1387.22,-336.53,4.06,1.68,1.44,1404,157.3,21,0.718,,
657,car,trim_7313,3960095904,-1365.07,-427.72,-1120.26,615.75,4.5,1.63,1.52,1118,179.1,17,0.954,,
658,car,trim_5792,12143965276,-1814.99,-964.02,694.97,784.13,4.42,1.92,1.46,1032,166.9,64,0.734,,
659,car,2960368364,trim_1137,-1932.14,-45.79,-1076.38,483.99,4.94,1.87,1.47,1308,177.7,49,0.788,,
660,car,trim_2817,trim_7376,-2289.28,729.56,2104.34,-576.07,4.29,1.92,1.63,1076,166.6,56,0.865,,
661,car,6294257373,trim_6383,-2421.39,-812.92,2171.86,697.75,4.03,1.64,1.58,1219,147.1,24,0.689,,
662,truck,trim_374,4227798265,-2231.68,204.37,2556.88,34.6,10.67,2.56,2.51,5148,94.2,25,0.689,,
663,motorcycle,12123907741,trim_7564,-1083.34,-218.56,-352.5,-967.48,2.28,0.81,1.17,210,132.9,23,0.826,,
664,car,trim_8010,trim_1440,1477.03,122.28,-1760.92,-650.12,5.02,1.66,1.57,1082,157.3,45,0.703,,
665,car,4227743728,trim_7640,180.17,-1076.44,348.61,-241.62,4.43,1.82,1.41,1736,168.3,79,0.941,,
666,car,9857157143,trim_4906,1807.63,-388.05,-1382.77,1283.33,4.32,1.84,1.61,1055,147.4,16,0.82,,
667,car,trim_9075,4219222657,1731.11,-359.92,1916.73,-1789.73,4.16,1.79,1.64,1630,168.1,25,0.697,,
668,car,trim_1724,trim_4088,-69.94,-1342.87,1463.24,623.34,4.83,1.68,1.47,1752,151.9,68,0.807,,
669,car,trim_7370,9168965311,2064.24,-606.97,1444.91,322.63,4.47,1.89,1.57,1477,166.2,48,0.72,,
670,bus,trim_6658,9859655309,1501.71,-323.25,132.57,-985.73,9.22,2.5,3.54,8362,92.7,71,0.73,,
671,car,2960326600,9852463819,-1844.25,26.36,-2480.1,-742.77,4.79,1.6,1.57,1079,163.5,62,0.825,,
672,car,trim_3179,11045481115,-154.4,322.49,604.03,416.44,5.06,1.8,1.57,1287,154.3,77,0.863,,
673,car,11909810194,2960326748,2427.12,-1155.41,-1552.17,9.7,4.54,1.79,1.57,1205,146.8,61,0.752,,
674,car,9857750374,trim_4734,-98.34,-1062.27,-1494.84,1059.38,4.36,1.88,1.63,1363,174.7,75,0.863,,
675,car,12144193862,trim_7994,1048.26,355.52,-1367.35,-1079.01,4.83,1.75,1.36,1125,152.7,35,0.75,,
676,car,6928966658,trim_9639,-1548.25,-1495.45,-1305.73,1033.7,4.87,1.83,1.4,1534,147.4,28,0.654,,
677,car,trim_3008,trim_5681,-1798.42,1206.98,1291.79,-480.84,4.3,1.67,1.5,1142,173.2,51,0.707,,
678,car,trim_7082,trim_8356,-2099.16,751.75,-281.88,379.23,4.8,1.75,1.63,1144,178.8,23,0.738,,
679,motorcycle,trim_2274,trim_7611,1049.29,877.83,256.16,-1101.67,2.28,0.83,1.26,131,126.3,79,0.991,,
680,car,trim_3032,trim_2784,-2448.34,1074.65,-2316.29,610.81,4.01,1.71,1.4,1567,167.4,70,0.853,,
681,car,trim_118,4227798341,-691.17,538,1617.67,212.88,4.58,1.72,1.46,1620,145.1,76,0.776,,
682,car,trim_705,trim_189,-1384.25,752.35,502.95,193.1,4.46,1.67,1.45,1210,174.9,56,0.808,,
683,car,trim_8489,trim_2799,-1897.54,-725.87,-1758.18,440.54,4.87,1.79,1.52,1298,147.8,32,0.891,,
684,ambulance,12165533318,9852338749,-1921.36,351.71,-2027.33,-303.94,6.13,2.29,2.5,3686,129.5,47,0.572,a_7018738271,Krishna Hospital and Trauma Centre
685,car,trim_4924,trim_1226,-1465.32,1193.03,-1437.99,-264.95,4.02,1.78,1.38,1675,164.9,26,0.782,,
686,car,trim_4911,trim_3171,-1366.78,1176.35,-490.74,108,4.99,1.93,1.57,1060,155.6,40,0.848,,
687,car,9168959348,trim_8653,2478.65,-736.57,282.78,-1314.92,4.16,1.9,1.37,1222,165.3,57,0.739,,
688,car,2960312448,4224981048,-579.63,-404.52,-1887.57,738.13,4.62,1.87,1.64,1436,152.6,41,0.856,,
689,bus,13264387391,5170639284,-1558.96,389.15,2069.21,-109.45,12.35,2.52,3.07,12401,92.1,40,0.781,,
690,car,1680212836,trim_8881,-1655.24,637.38,2238.2,-471.45,4.27,1.73,1.56,1767,151.9,42,0.686,,
691,car,trim_515,9852436595,-2088.49,-981.64,-2306.04,-846.31,4.72,1.87,1.37,1418,176.4,34,0.762,,
692,car,trim_8347,trim_4332,-70.63,684.7,-419.1,1237,4.17,1.76,1.44,1843,158.2,41,0.827,,
693,car,trim_2921,9168951516,-1798.16,1304.18,2045.25,-538.59,4.18,1.64,1.64,1112,174.7,77,0.862,,
694,car,11187666806,12124302393,1894.7,770.93,-1031.08,-1033.5,4.79,1.79,1.54,1582,155.8,57,0.803,,
695,car,2960336691,trim_5879,-1604.31,-406.55,-2018.71,-1437.09,4.71,1.71,1.58,1035,160.5,32,0.774,,
696,ambulance,10206503396,trim_257,1469.07,101.66,-55.7,-363.51,5.64,2.03,2.47,3928,123.7,62,0.693,a_7019130160,Apex Multi Speciality Hospital
697,bus,9168965305,trim_3541,1164.06,339.91,615.94,-109.22,10.44,2.55,3.3,11271,85.7,66,0.834,,
698,car,11491678336,9859738804,50.6,857.95,-733.09,-1178.03,4.1,1.67,1.4,1686,174.7,45,0.71,,
699,car,trim_7479,11983071276,-1333.07,229.39,1137.34,1258.05,4.61,1.62,1.6,1203,141.7,44,0.84,,
700,car,11161018540,trim_7567,2190.7,-1482.31,-366.46,-1089.11,4.15,1.71,1.47,1571,155.8,53,0.773,,
701,car,trim_178,11491501689,225.34,76.89,285.38,-1225.48,4.77,1.79,1.36,1531,148.4,78,0.782,,
702,car,trim_3552,466556905,583.86,-313.91,417.54,-144.63,4.64,1.73,1.62,1148,148.5,16,1.029,,
703,car,trim_6179,8838171106,-1661.91,-703.59,-878.96,-317.13,4.31,1.79,1.5,1144,148.1,48,0.734,,
704,car,trim_4360,trim_2672,1227.09,745.8,-2424.55,-738.16,4.29,1.64,1.44,1026,164.1,67,0.721,,
705,car,trim_9161,trim_11,2330.99,727.63,-2297.58,214.08,4.43,1.64,1.63,1185,170.4,54,0.858,,
706,car,trim_3331,4225324682,233.24,7.24,868.22,197.8,4.98,1.89,1.46,1049,165.0,48,0.704,,
707,car,trim_510,trim_9167,-2095.79,-844.83,2387.62,967.79,4.01,1.89,1.61,1186,177.9,65,0.83,,
708,bus,trim_4667,2960299938,-1559.28,1180.45,-2100.05,353.27,11.11,2.43,3.3,11365,78.6,47,0.669,,
709,car,trim_2143,trim_7609,1862.43,1002.67,-327.76,-460.32,4.0,1.61,1.37,1010,151.0,16,0.876,,
710,car,trim_104,11176503434,-87.83,644.23,-663.24,-708.38,4.62,1.66,1.37,1194,147.6,70,0.885,,
711,car,trim_3579,trim_8762,366.12,381.4,-18.14,-24.71,4.31,1.83,1.44,1031,144.8,34,0.716,,
712,car,trim_3772,9852405450,-242.43,-663.38,-2452.39,-338.76,5.01,1.64,1.54,1857,171.7,76,0.804,,
713,car,trim_6411,trim_141,2333.87,709.47,264.67,-686.37,4.8,1.76,1.62,1625,150.9,18,0.916,,
714,car,trim_2744,trim_1794,-1850.66,563.05,-115.45,-885.54,4.8,1.65,1.37,1610,141.2,79,0.898,,
715,car,5170679564,trim_7090,-1334.56,786.41,-2415.9,481.58,4.19,1.6,1.62,1591,178.4,51,0.827,,
716,car,trim_7606,trim_652,-28.87,-1011.71,-1921.76,509.05,4.22,1.69,1.55,1867,147.5,73,0.933,,
717,car,trim_1045,trim_563,-961.52,128.21,-1613.68,183.92,4.96,1.89,1.48,1857,159.5,45,0.829,,
718,car,trim_1459,9852938591,-1451.06,-838.72,-1498.57,-39.16,4.32,1.63,1.46,1739,161.8,63,0.815,,
719,car,trim_3145,9857682490,595.29,14.3,-843.4,-676.11,4.61,1.65,1.57,1312,147.0,67,0.763,,
720,car,trim_8028,trim_7182,2486.08,1143.97,-2027.22,268.91,4.32,1.88,1.58,1445,161.7,62,0.89,,
721,truck,trim_155,trim_6771,232.95,-789.28,-538.53,173.75,7.52,2.34,3.7,12100,83.5,37,0.872,,
722,car,12098590107,9168850582,1895.96,91.67,-1686.15,778.1,5.01,1.94,1.39,1307,165.3,36,0.863,,
723,car,trim_3965,9855693613,-443.49,956.65,976,63.15,5.07,1.88,1.6,1357,172.9,30,0.898,,
724,car,trim_5869,trim_6829,-289.37,747.42,-2266.51,270.91,4.57,1.8,1.43,1495,177.7,45,0.821,,
725,car,trim_1378,trim_6340,-2028.66,-604.36,1917.84,919.14,4.54,1.71,1.6,1336,177.5,66,0.715,,
726,car,9168934126,trim_1447,2215.59,1296.66,-1367.52,-766.93,4.45,1.86,1.38,1576,158.1,40,0.829,,
727,car,9852938587,9857331052,-1581.47,127.12,-1967.49,-707.37,5.07,1.88,1.5,1824,167.8,55,0.71,,
728,car,trim_6845,trim_9354,-2294.09,266.85,863.75,813.25,4.91,1.79,1.38,1733,140.9,19,0.784,,
729,car,4227743788,trim_9076,1375.91,26.73,1772.7,-434.11,4.91,1.84,1.37,1407,144.8,61,0.815,,
730,car,trim_7274,12109729947,-1841.9,-1334.23,1801.79,1415.94,4.66,1.72,1.46,1273,164.8,77,0.929,,
731,car,12918589245,trim_6830,-765.26,608.75,-2263,274.43,4.75,1.94,1.5,1316,150.2,76,0.975,,
732,motorcycle,trim_45,trim_8401,74.11,478.4,-1329.2,-450.19,2.07,0.67,1.29,203,114.6,78,1.029,,
733,car,trim_3371,6294258000,-63.18,471.87,-2143.43,-756.28,5.06,1.87,1.38,1227,143.7,47,0.831,,
734,ambulance,12278350540,trim_4818,2329.45,-1328.29,209.98,-1208.6,6.13,2.03,2.57,3175,144.1,76,0.569,a_7019995876,Manipal hospital
735,car,trim_4392,trim_2416,2421.76,1028.57,-73.5,1442.63,4.85,1.9,1.41,1370,140.4,32,0.798,,
736,car,trim_7651,trim_7213,207.17,-170.36,-2117.21,-126.81,4.03,1.78,1.37,1163,151.0,65,0.85,,
737,car,4217016594,11015839404,-283.53,2829.51,-1102.12,185.56,4.8,1.69,1.39,1465,147.0,73,0.803,,
738,car,5170868613,trim_1429,1730.88,-404.85,-2468.01,-395.12,4.32,1.72,1.38,1139,173.5,41,0.771,,
739,car,trim_5411,trim_22,2110.55,5.4,-1114.62,-1515.41,4.43,1.86,1.55,1159,155.1,54,0.696,,
740,car,trim_6463,trim_1758,1588.79,443.63,-364.19,-1554.55,4.75,1.9,1.42,1400,168.0,30,0.675,,
741,car,9855693610,5170823247,986.41,43.11,1542.6,477.37,4.81,1.93,1.52,1394,154.7,71,0.715,,
742,bus,trim_786,trim_2677,-720.4,-392.59,-2348.91,-751.44,11.43,2.53,3.06,10842,78.4,70,0.717,,
743,car,trim_158,4219222660,302.5,-886.69,1712.03,-1726.42,4.97,1.83,1.49,1456,149.7,33,0.68,,
744,car,5170868608,trim_79,1607.05,-336.08,229.82,-789.06,4.63,1.83,1.48,1897,154.9,49,0.769,,
745,car,9852371325,trim_8197,-1683.88,-567.42,-1013.43,710.99,4.2,1.74,1.52,1209,145.9,33,0.837,,
746,car,2960299939,trim_8064,-2093.99,347.46,-1749.5,-1386.02,4.41,1.78,1.35,1472,150.6,17,0.846,,
747,car,2960361524,trim_4698,-1207.83,-927.64,1190.61,148.61,4.35,1.69,1.49,1192,166.6,77,0.89,,
748,car,9857826571,trim_6555,203.1,-359.17,485.98,-1171.12,4.43,1.82,1.51,1723,145.8,32,0.864,,
749,car,12144133555,trim_7808,975.01,450.7,199.15,-1561.83,4.84,1.77,1.65,1065,146.6,68,0.89,,
750,car,trim_2305,4227798387,564.55,1332.57,2020.21,329.33,4.91,1.74,1.58,1039,152.8,66,0.667,,
751,car,trim_3253,trim_3614,334.46,-200.32,-807.25,-654.89,5.02,1.74,1.53,1780,169.9,32,0.77,,
752,car,2960366922,trim_339,-1665.41,-487.06,-1290.23,599.73,4.98,1.83,1.58,1142,164.0,52,0.774,,
753,motorcycle,5170798233,trim_4645,90.56,243.04,-1323.51,1138.08,2.1,0.75,1.25,216,144.4,21,0.742,,
754,car,5171030825,trim_6636,-2244.45,486.27,2155.56,-787.77,4.51,1.88,1.63,1273,161.4,57,0.88,,
755,motorcycle,11491066034,trim_4970,-144.52,-1516.93,-1534.81,1147.09,2.06,0.75,1.35,213,138.7,33,0.767,,
756,car,trim_3137,3887993292,403.97,-411.24,1574.53,1026.11,4.54,1.72,1.51,1568,150.1,50,0.884,,
757,car,9859738797,11909810093,-494.82,-1231.74,2355.26,-975.1,4.65,1.68,1.63,1292,149.6,40,0.737,,
758,ambulance,trim_6834,trim_4389,-2019.42,335.94,2248.68,911.72,5.69,2.1,2.7,3057,143.9,40,0.642,a_7019995882,Mittal Hospital and Diagnostic Centre
759,car,trim_1226,trim_7454,-1437.99,-264.95,-1832.73,-545.14,4.15,1.87,1.44,1618,154.5,57,0.701,,
760,car,trim_4911,trim_2502,-1366.78,1176.35,-13.52,1507.93,4.57,1.64,1.57,1262,149.9,59,0.696,,
761,car,trim_845,trim_1510,-1409.32,15.36,-1148.49,-1019.72,4.55,1.69,1.5,1244,162.7,59,0.687,,
762,car,trim_3597,trim_3116,-269.55,304.22,-94.88,104.91,4.28,1.94,1.59,1885,140.1,40,0.853,,
763,car,trim_4661,trim_9305,1636.65,-1026.97,-2115.87,935.08,4.5,1.95,1.53,1249,162.7,41,0.716,,
764,car,trim_4669,trim_920,-1424.6,1412.93,-1274.75,-175.84,5.08,1.81,1.49,1348,144.8,39,0.681,,
765,car,2960336695,trim_391,-1573.89,-395.93,-2183.35,113.08,5.09,1.61,1.37,1097,161.4,32,0.846,,
766,car,9852893339,9168966441,-1525.97,-824.43,1092.92,1642.49,4.47,1.61,1.55,1054,144.5,51,0.721,,
767,bus,trim_5081,trim_5497,2115.06,555.19,2388.16,330.24,9.77,2.52,3.45,13567,80.6,46,0.688,,
768,car,3840470113,trim_5963,-166.66,1586.7,243.18,1009.42,4.35,1.68,1.59,1743,148.1,18,0.979,,
769,car,trim_3136,trim_8671,342.26,-382.15,-515.75,826.08,4.81,1.94,1.43,1438,143.8,68,0.735,,
770,car,trim_9283,trim_3444,-1622.06,1024.86,-250.57,-23.34,4.18,1.66,1.42,1097,149.6,55,0.759,,
771,car,11775194492,trim_5832,194.11,-1639.77,-695.51,551.44,4.93,1.76,1.42,1763,156.3,72,0.831,,
772,car,trim_8525,4225219823,-1369.63,-1106.67,-190.48,-598.83,4.42,1.82,1.46,1487,150.9,78,0.889,,
773,car,9168901721,trim_1005,-685.47,-1400.78,-672.02,-61.1,4.38,1.61,1.5,1349,157.7,42,0.743,,
774,car,trim_7707,4630274537,511.94,-156.91,133.19,-4.07,4.66,1.84,1.46,1709,148.3,56,0.738,,
775,truck,trim_5030,trim_5267,2294.69,-495.15,2196.76,17.32,10.29,2.57,2.99,14655,98.8,47,0.811,,
776,car,9859655309,12098334224,132.57,-985.73,-1668.57,1527.05,4.78,1.61,1.52,1324,140.8,71,0.891,,
777,car,trim_6897,trim_3485,-2337.74,1472.81,462.34,-646.39,4.48,1.72,1.43,1820,150.4,36,0.692,,
778,car,trim_7533,trim_8755,-278.47,-1371.49,530.85,1294.31,4.71,1.81,1.59,1761,179.2,62,0.662,,
779,car,5170630777,trim_3462,2247.57,9.08,486.44,-502.26,4.78,1.66,1.53,1498,150.0,48,0.763,,
780,car,trim_8050,12596352735,2444.7,-1039.21,959.79,306.18,4.94,1.7,1.62,1206,152.5,24,0.708,,
781,car,4225172209,trim_1075,294.84,-548.73,-901.11,-268.4,4.06,1.83,1.59,1858,177.7,38,0.722,,
782,car,trim_9290,3840460028,-1552.21,1141.77,-2207.07,1290.27,4.98,1.68,1.59,1176,168.5,24,0.843,,
783,car,9867730865,trim_3723,2159.53,-1126.89,-805.48,-1234.04,4.86,1.79,1.58,1498,154.8,38,0.688,,
784,car,trim_7427,4227798286,1796.84,-459.57,2289.56,50.02,4.87,1.71,1.4,1245,172.5,80,0.926,,
785,car,11176468173,trim_613,-1023.1,-465.89,-2357.71,353.14,4.15,1.62,1.4,1119,174.5,63,0.793,,
786,motorcycle,trim_5237,trim_4977,2220.59,-672.49,-1410.97,1165.76,1.92,0.69,1.09,147,134.8,21,0.667,,
787,car,trim_3245,4225324693,-288.18,411.73,1028.23,247.45,4.0,1.76,1.59,1610,155.8,67,0.892,,
788,car,2960299986,9852348494,-1311.04,831.1,-1445.74,25.44,5.04,1.72,1.53,1647,170.0,48,0.781,,
789,car,trim_6821,9168959361,-2509.03,-28.81,1387.22,-336.53,4.55,1.77,1.59,1186,164.0,63,0.86,,
790,car,trim_6968,4225172367,1756.06,516.5,-170.58,267.95,4.99,1.73,1.44,1021,159.5,18,0.794,,
791,car,2960326606,2960336789,-1897.06,-10.09,-1190.01,360.3,4.83,1.76,1.53,1683,145.6,54,0.749,,
792,car,12144193858,9852893329,1050.86,325.24,-1622.25,-1311.2,4.99,1.92,1.43,1359,168.5,63,0.871,,
793,car,trim_4640,trim_6467,-1395.66,1081.77,1558.4,404.6,4.46,1.62,1.63,1807,176.9,53,0.744,,
794,car,trim_6951,4227743827,2189.27,1299.88,-1338.17,904.2,5.0,1.91,1.61,1070,151.8,77,0.78,,
795,car,trim_8578,trim_1734,-248.26,-1032.3,-61.5,-1447.14,4.53,1.72,1.41,1830,146.6,28,0.686,,
796,motorcycle,4227743663,trim_2543,379,-1489.69,-760.02,1346.17,1.93,0.66,1.13,188,91.7,67,0.754,,
797,car,trim_3195,9843170049,-305.05,-50.58,-1676.67,1234.57,4.38,1.71,1.46,1721,163.4,72,0.91,,
798,car,trim_4649,trim_6114,-1221.75,1152.45,-1713.43,-4.96,4.57,1.83,1.51,1674,160.2,35,0.883,,
799,truck,trim_115,12143984564,-420.24,585.7,1056.95,768.45,9.96,2.43,3.44,7938,74.3,41,0.673,,
800,car,5170798259,trim_5605,75.93,499.09,2386.08,-695.81,4.43,1.61,1.44,1858,147.8,40,0.754,,
801,car,trim_3851,trim_3621,-615.94,-1095.46,-469.37,-549.43,4.17,1.79,1.43,1824,140.0,24,0.691,,
802,car,11149743463,trim_8157,-2585.4,-945.84,1930.58,-639.03,4.8,1.88,1.42,1824,146.6,79,0.819,,
803,car,trim_3106,trim_9281,286.38,98.69,-1625.07,1026.79,4.89,1.72,1.57,1335,158.8,49,0.794,,
804,car,9852333182,9168861164,72.64,815.69,-1240.02,-324.94,4.99,1.86,1.54,1294,146.2,51,0.852,,
805,car,trim_7239,6294257370,-2312.11,2.04,-2478.44,-818.22,4.27,1.89,1.48,1245,177.6,54,0.775,,
806,car,trim_7592,trim_7128,-669.34,-819.53,-2332.81,223.03,4.06,1.81,1.59,1232,173.0,44,0.861,,
807,car,9168965308,trim_3769,1398.28,335.21,-255.44,-690.66,5.05,1.76,1.4,1089,161.7,62,0.753,,
808,car,4224980859,4224981108,-2450.1,519.25,-2402.91,1219.89,4.62,1.7,1.42,1561,177.9,24,0.844,,
809,car,9857583731,11176468174,-1245.64,-323.03,-1024.41,-468.64,4.48,1.89,1.4,1426,141.2,63,0.68,,
810,car,4227798358,trim_7082,2506.27,210.29,-2099.16,751.75,4.97,1.77,1.64,1530,156.2,46,0.722,,
811,car,trim_3291,trim_1514,-237.6,-41.66,-1293.34,-901.55,4.18,1.66,1.45,1339,143.3,26,0.671,,
812,car,trim_8277,trim_7461,-1333.23,-984.33,-1412.7,-1430,4.17,1.75,1.62,1841,171.7,35,0.898,,
813,car,trim_1671,trim_4710,-379.66,-1473.63,-1599.65,1223.36,4.2,1.65,1.65,1330,167.4,61,0.817,,
814,car,trim_153,2960361439,394.65,-763.65,-2484.59,-243.37,4.18,1.71,1.38,1897,143.3,21,0.804,,
815,car,7222863957,9168946316,-958.79,-1472.27,1831.06,-253.05,4.87,1.91,1.6,1441,150.7,53,0.804,,
816,motorcycle,trim_976,trim_7667,-640.24,-109.05,-103.44,-1.71,2.22,0.72,1.07,201,108.2,28,0.774,,
817,truck,trim_5441,9168966444,1972.29,-242.38,1180.06,1611.88,7.7,2.42,2.94,6791,84.2,73,0.82,,
818,car,trim_343,trim_4388,-1368.52,669.88,2245.19,911.08,4.32,1.85,1.47,1726,149.4,55,0.817,,
819,car,trim_4314,trim_5081,914.88,-83.06,2115.06,555.19,4.51,1.85,1.36,1053,175.0,34,0.677,,
820,car,trim_495,9853276936,-1706.61,838.49,1878.62,498.91,4.16,1.63,1.58,1619,163.2,77,0.879,,
821,car,trim_4452,trim_7296,1793.63,190.68,-1419.18,224.11,4.74,1.84,1.57,1272,168.4,76,0.924,,
822,bus,9852290904,n_9708,279.99,1118.78,1308.4913959594169,-472.66016536556515,10.37,2.47,3.03,13047,94.1,65,0.697,,
823,car,trim_602,trim_4753,-2180.09,1243.37,-1395.61,1061.99,4.72,1.74,1.56,1291,145.3,57,0.836,,
824,car,trim_4672,trim_297,380.46,-1355.93,-2300.88,1404.73,4.72,1.94,1.58,1781,147.4,37,0.889,,
825,car,trim_3035,trim_292,-2485.95,1085.51,-79.73,-447.33,4.54,1.95,1.39,1796,149.6,79,1.029,,
826,car,2960368336,trim_6475,-1679.36,-897.09,1638.48,128.44,4.79,1.75,1.58,1568,168.5,63,0.734,,
827,ambulance,11143288409,trim_8793,1220.92,862.35,683.51,689.37,5.98,2.25,2.63,2922,133.3,80,0.668,a_7020926045,Heera Lal Hospital and Heart Care Centre
828,car,2960299939,trim_878,-2093.99,347.46,-1299.8,-345.73,4.58,1.81,1.63,1177,170.8,21,0.764,,
829,car,2962838317,trim_4228,-131.78,-1116.78,-94.92,846.5,4.6,1.79,1.58,1040,153.3,68,0.827,,
830,car,trim_8436,trim_1848,-1605.19,-489.38,-175.59,-774.46,4.52,1.91,1.63,1823,164.4,45,0.881,,
831,car,trim_3635,trim_4229,-577.37,-928.01,-93.91,841.61,4.25,1.69,1.62,1767,172.7,48,0.749,,
832,car,5170815474,trim_2185,-927.23,-1668.26,-171.54,-549.4,4.25,1.68,1.6,1215,140.1,22,0.89,,
833,car,trim_376,9852338735,-2153.12,66.14,-1819.16,-38.62,4.3,1.89,1.51,1375,160.1,55,0.842,,
834,car,trim_644,trim_7764,-2205.35,426.54,-1033.07,-515.49,4.55,1.8,1.51,1497,171.2,46,0.881,,
835,truck,trim_7093,trim_2546,-1179.75,486.88,-742.46,1242.14,10.35,2.35,3.35,5156,82.9,58,0.812,,
836,car,trim_2699,2960299833,-1819.78,563.61,-2092.53,-726.24,4.11,1.93,1.57,1152,151.7,48,0.754,,
837,car,9852465894,13991918847,-1521.65,-1409.36,-1238.49,2001.45,4.22,1.66,1.38,1839,152.4,24,0.669,,
838,car,2970305235,trim_7557,1851.35,-910.74,-565.68,-962.61,4.13,1.93,1.64,1059,170.8,50,0.891,,
839,motorcycle,3840484486,trim_7171,2191.75,699.9,-1904.63,77.92,2.03,0.68,1.32,227,122.6,31,0.77,,
840,motorcycle,trim_5825,trim_7358,-645.99,710.92,2116.06,-610.33,2.19,0.74,1.08,136,146.5,48,0.831,,
841,car,trim_8365,trim_7521,-502.33,-355.7,-1309.57,-944.45,5.07,1.87,1.65,1146,153.7,40,0.77,,
842,car,trim_1612,2960336719,-1371.41,-717.52,-1427.42,87.5,4.39,1.72,1.47,1681,144.1,67,0.723,,
843,car,trim_5350,trim_1087,2032.62,-146.4,-904.65,-267.88,4.7,1.87,1.57,1060,179.7,45,0.859,,
844,car,trim_459,trim_2907,-2119.77,-123.86,-2205.97,1031.48,4.61,1.76,1.45,1332,176.0,20,0.793,,
845,car,12036084711,trim_4137,-607.05,-1715.09,-566.89,833.7,4.39,1.95,1.63,1584,156.6,16,1.042,,
846,car,trim_5940,trim_4638,116.28,-1458.38,-1393.45,1064.79,4.09,1.9,1.53,1505,144.7,33,0.768,,
847,car,trim_3802,trim_1250,-862.66,-694.83,-1661.93,-389.04,4.37,1.82,1.36,1752,152.7,55,0.784,,
848,motorcycle,12098334226,10259407487,-1725.04,1699.9,2450.23,-1059.87,1.82,0.68,1.38,210,159.9,49,0.854,,
849,car,trim_5993,trim_5234,2205.99,-1470.3,2175.08,-750.21,4.37,1.74,1.37,1478,143.0,55,0.835,,
850,car,9852257574,trim_5795,-2321.14,212.22,-1939.49,-864.22,4.03,1.7,1.41,1084,145.5,28,0.741,,
851,car,466563852,trim_9684,96.95,-347.04,1927.7,-608.28,4.84,1.71,1.39,1519,163.3,26,0.708,,
852,car,9854977036,9168934137,2466.45,-744.93,2353.94,912.99,4.93,1.79,1.51,1773,172.5,54,0.877,,
853,car,trim_4899,11161018548,-1187.38,1228.95,2263.25,-1528.87,4.11,1.74,1.63,1281,175.1,27,0.814,,
854,car,9867730865,12123881282,2159.53,-1126.89,-1600.35,-934.95,4.06,1.62,1.63,1529,144.3,77,0.781,,
855,car,trim_3701,trim_2065,-1204.26,-1001.72,1033.46,1415.2,4.45,1.64,1.4,1846,175.8,47,0.671,,
856,car,trim_6652,trim_5195,1215.57,-339.06,1611,-476.87,4.71,1.8,1.61,1568,140.7,43,0.832,,
857,car,trim_3957,trim_5673,1766.15,479.94,1377.26,-503.1,4.81,1.89,1.55,1215,156.3,50,0.794,,
858,car,trim_7586,2960368367,-557.94,-778.62,-2257.29,-62.77,4.93,1.77,1.42,1387,164.5,65,0.698,,
859,car,trim_949,trim_7399,-612.72,-318.8,2431.71,-863.4,4.38,1.74,1.53,1820,151.5,47,0.804,,
860,motorcycle,trim_878,trim_6444,-1299.8,-345.73,1741.13,243.29,2.15,0.71,1.26,110,98.0,40,0.837,,
861,car,3887993288,trim_4577,1571.31,1017.5,1672.75,214.4,4.63,1.89,1.52,1870,150.0,21,0.708,,
862,car,trim_5407,9857249967,2099.5,87.79,-1787.3,-749.86,4.05,1.63,1.47,1869,151.1,30,0.794,,
863,car,trim_1036,4225324623,-898.45,174.44,843.08,-167.16,4.79,1.89,1.35,1096,148.3,34,0.687,,
864,bus,trim_904,trim_1384,-1320.22,-90.96,-2194.32,-558.41,9.43,2.47,3.59,10272,85.6,51,0.761,,
865,car,9855693602,trim_1791,1588.81,93.04,113.15,-1250.15,4.7,1.67,1.46,1783,174.3,47,0.772,,
866,motorcycle,trim_5528,trim_8199,2233.82,-612.09,-1031.03,760.71,1.82,0.65,1.21,119,152.2,23,0.837,,
867,car,trim_968,11909810091,-736.86,-108.8,2377.62,-990.64,4.22,1.64,1.44,1255,147.1,17,0.888,,
868,car,2960358784,9859639833,-1653.34,-140.36,-456.16,-311.16,4.07,1.76,1.44,1202,148.0,51,0.86,,
869,car,2960299941,trim_8852,-2087.91,335.39,2254.12,-1029.24,4.18,1.68,1.62,1015,149.4,78,0.876,,
870,car,trim_2389,trim_9222,-251.86,1328.22,-1289.13,596.3,4.71,1.65,1.43,1334,150.2,28,0.718,,
871,car,trim_9045,trim_803,-1231.34,1224.76,-1153.13,246.01,4.88,1.86,1.36,1510,175.4,46,0.875,,
872,motorcycle,trim_5429,trim_1508,1861.24,-686.21,-1167.83,-1065.97,1.92,0.89,1.38,238,130.2,39,0.807,,
873,car,trim_7674,2962861570,-512.75,-205.94,-700.24,-1567.95,4.16,1.61,1.58,1693,156.8,59,0.65,,
874,car,trim_8500,trim_5356,1725.46,-58.64,2048.58,-263.88,4.12,1.71,1.58,1226,172.2,41,0.807,,
875,car,trim_2118,9859738784,188.76,59.58,-419.63,-1135.84,5.06,1.8,1.46,1342,165.0,47,0.731,,
876,truck,trim_1790,trim_8445,109.68,-1253.74,2105.45,716.68,8.14,2.53,3.19,10425,82.9,18,0.912,,
877,car,457278262,trim_4151,726.78,-92.72,-615,1106.64,4.99,1.68,1.61,1184,156.5,25,0.676,,
878,car,10187672623,9852318747,41.14,977.52,-1422.52,501.02,4.79,1.68,1.41,1334,141.5,17,1.0,,
879,car,9852961437,5170783085,-2544.22,80.76,1980.79,219.48,5.09,1.83,1.62,1804,143.7,46,0.803,,
880,car,trim_2240,trim_1578,-35.92,-417.73,-1241.19,-702.23,4.28,1.81,1.57,1844,149.6,76,0.932,,
881,car,trim_8117,trim_2046,-558.02,764.19,1443.88,-412.61,4.72,1.84,1.35,1758,172.7,43,0.849,,
882,motorcycle,trim_3681,4227743818,-178.61,-695.86,812.25,738.38,1.85,0.78,1.13,196,90.0,60,0.884,,
883,car,trim_9596,12098345437,-1287.67,-596.01,-1785.35,1550.57,4.61,1.66,1.57,1883,162.9,51,0.698,,
884,car,trim_3767,trim_4056,-728.71,-1248.96,1251.06,-427.94,4.26,1.62,1.4,1745,147.9,53,0.765,,
885,car,trim_9323,trim_489,-2478.17,1290.71,-1771.46,1116.53,4.25,1.65,1.39,1821,148.2,54,0.859,,
886,motorcycle,trim_9649,trim_2220,-1339.82,1266.85,2154.46,-1241.13,2.14,0.86,1.11,167,102.0,20,0.813,,
887,car,11302966225,trim_8615,896.88,1065.68,-319.03,-1142.91,4.98,1.64,1.58,1191,146.1,29,0.759,,
888,car,trim_9336,trim_1499,642.6,923.19,-1238.99,-1176.6,4.18,1.85,1.56,1795,161.2,58,0.872,,
889,car,trim_4053,9857635285,1025.51,-310.6,-646.25,-1038.13,5.1,1.79,1.52,1858,157.0,72,0.79,,
890,car,12139778396,trim_3128,1434.03,-1357.95,-270.91,327.78,4.24,1.86,1.58,1018,156.2,64,0.843,,
891,car,5170849684,9859493775,-1360.36,977.32,403.4,-410.51,4.96,1.64,1.56,1811,149.2,30,0.79,,
892,car,trim_2841,trim_7492,-2280.74,558.4,-881.91,158.9,4.64,1.86,1.39,1466,161.6,45,0.85,,
893,car,5170801492,trim_8088,2128.78,572.12,-1264.4,-1376.86,4.06,1.9,1.51,1067,161.6,26,0.735,,
894,motorcycle,4225352020,trim_2240,-1018.78,1474.03,-35.92,-417.73,1.93,0.73,1.1,137,119.9,42,0.685,,
895,car,9852371325,trim_6620,-1683.88,-567.42,1793.25,-24.52,4.77,1.63,1.39,1398,156.9,26,0.834,,
896,car,9843433158,trim_733,1414.18,628.85,-1530.76,941.21,4.18,1.7,1.6,1027,170.6,19,0.904,,
897,car,3887993270,9852465852,1546.54,1012.58,-2190.15,-842.19,4.95,1.85,1.38,1148,169.7,26,0.671,,
898,car,trim_5437,trim_2857,1963.08,-160,-1886.15,552.92,5.05,1.63,1.59,1485,154.9,19,0.89,,
899,car,4227695053,12124070351,2484.5,1387.51,2169.15,712.58,4.42,1.64,1.62,1581,170.1,49,0.69,,
900,car,trim_8348,trim_3789,121.06,741.25,-1288.15,-1138.06,4.16,1.83,1.51,1258,160.9,25,0.688,,
901,car,trim_6256,2960358788,-635.5,-1336.7,-1614.6,-43.1,4.32,1.82,1.36,1342,141.6,71,0.827,,
902,car,2960326226,trim_119,-1609.62,171.32,-696.1,537.13,4.05,1.83,1.62,1340,165.5,27,0.74,,
903,car,trim_9254,trim_5190,-1080.72,286.6,2373.37,-540.08,4.58,1.74,1.52,1212,146.0,50,0.778,,
904,car,9843692472,trim_221,1421.75,623.81,423.01,-38.56,4.73,1.73,1.6,1707,155.0,21,0.788,,
905,car,trim_1432,9168861166,-2442.37,-422.33,-1034.97,-83.99,4.52,1.74,1.42,1542,164.6,74,0.895,,
906,car,9857249952,trim_5749,-1884.48,-519.55,-1972.54,-1218.7,4.85,1.87,1.64,1771,161.0,32,0.666,,
907,car,4227797913,trim_431,2026.23,-930.32,-2304.41,134.68,4.05,1.64,1.47,1751,145.0,16,0.865,,
908,car,trim_3725,10044811636,-848.27,-1009.61,-90.44,-2319.12,5.06,1.83,1.51,1426,175.2,47,0.779,,
909,car,trim_7459,trim_1809,-319.28,606.01,-108.54,-1155.47,4.84,1.78,1.37,1241,146.2,24,0.685,,
910,car,9844004277,2960312590,-2463.3,477.59,-536.65,-345.31,4.75,1.85,1.51,1581,166.7,55,0.752,,
911,car,4227798173,trim_2349,1047.18,-176.12,-2105.54,-713.84,4.27,1.75,1.57,1331,169.0,71,0.763,,
912,truck,trim_4062,trim_7239,2435.03,979.65,-2312.11,2.04,7.51,2.44,2.55,9292,98.4,65,0.689,,
913,car,trim_1616,457278207,-1255.5,-748.73,70.96,381.99,4.83,1.9,1.36,1363,149.2,63,0.735,,
914,car,trim_8948,9855014978,1134.52,1246.04,1790.21,-455.1,4.32,1.94,1.62,1021,143.4,64,0.727,,
915,motorcycle,trim_6173,trim_5014,-1582.94,-498.21,2362.16,-749.59,2.23,0.78,1.39,190,154.1,18,0.933,,
916,car,trim_3649,trim_2092,-740.26,-841.23,2485.67,1111.46,4.41,1.79,1.5,1161,179.3,58,0.831,,
917,car,trim_238,5170679565,1058.62,418.22,-1339.02,790.08,4.67,1.84,1.55,1306,151.6,23,0.898,,
918,bus,trim_8892,11143605593,2417.38,-873.3,2269.6,538.43,9.72,2.44,3.58,12944,75.8,48,0.797,,
919,car,trim_3623,trim_4886,-426.06,-496.56,269.21,-1288.26,4.13,1.85,1.59,1725,143.6,74,0.872,,
920,car,9857249963,4227798404,-1886.71,-577.51,1910.62,375.66,4.6,1.81,1.41,1534,165.2,41,0.773,,
921,car,trim_4209,trim_6847,1099.58,315.75,-2311.41,245.57,4.71,1.95,1.36,1366,141.4,25,0.889,,
922,motorcycle,trim_6191,trim_2264,-1351.2,-723.37,-320.4,-268.25,2.18,0.77,1.39,259,96.7,80,1.015,,
923,car,11080052826,trim_8741,-2281.54,-72.37,-7.72,1454.13,4.79,1.78,1.35,1820,148.3,19,0.959,,
924,car,trim_7246,trim_2524,-2302.23,-755.86,273.61,1359.19,4.12,1.87,1.38,1115,163.9,17,0.831,,
925,car,trim_3540,trim_4150,-286.11,414.63,1541.39,792.74,4.52,1.85,1.43,1255,179.2,31,0.89,,
926,car,9852961425,trim_2960,-1420.32,-1197.06,-2485.28,975.41,5.01,1.91,1.55,1353,164.4,60,0.683,,
927,car,trim_765,11586812696,-737.39,-497.74,-24.46,-15.87,4.34,1.62,1.39,1473,170.9,52,0.677,,
928,car,trim_8896,11143538273,2399.89,-889.42,2141.05,139.93,4.25,1.79,1.45,1024,145.6,68,0.729,,
929,car,11757325224,trim_7579,-1243.68,-1238.96,-415.69,-812.94,4.17,1.68,1.53,1133,149.6,51,0.734,,
930,car,9843992518,trim_8763,-2252.35,1160.35,-23.73,-32.62,4.1,1.93,1.56,1772,151.8,68,0.915,,
931,car,trim_5877,9857635277,-1951.72,334.88,-736.12,-1017.74,4.4,1.61,1.59,1214,177.4,70,0.809,,
932,car,trim_3457,2960312491,-1343.29,-416.9,-1145.48,32.95,4.76,1.64,1.39,1702,140.7,21,0.886,,
933,car,11491144950,trim_7746,-590.03,-1364.72,-979.06,-475.04,4.57,1.67,1.47,1796,143.5,19,0.807,,
934,car,12143948737,trim_3021,1046.4,955.67,-1487.71,1334.01,4.08,1.93,1.41,1858,170.7,48,0.874,,
935,motorcycle,trim_6320,trim_9171,1951.25,1255.47,-1071.42,-568.25,2.21,0.78,1.11,196,124.0,78,0.886,,
936,motorcycle,trim_4510,2960326538,-758.31,1321.09,-1424.99,390.84,2.25,0.81,1.39,235,110.3,21,0.679,,
937,car,trim_2144,trim_5734,1864.47,991.26,-2474.66,-811.58,4.61,1.88,1.65,1702,153.7,46,0.769,,
938,car,trim_3412,2970305377,315.54,345.17,141.23,1022.71,4.81,1.79,1.47,1191,165.8,31,0.663,,
939,car,trim_3413,trim_3143,316.27,340.22,571.05,14.75,4.5,1.84,1.53,1043,154.7,24,0.851,,
940,car,trim_7367,11168866173,2037.57,-628.23,-434.77,1006.44,4.2,1.61,1.65,1893,163.3,37,0.751,,
941,car,9857987894,trim_7668,-516.5,288.65,-69.2,108.76,4.63,1.93,1.48,1562,172.3,53,0.858,,
942,car,trim_6117,trim_3600,-1395.28,149.42,-264.28,272.92,4.84,1.86,1.55,1685,174.2,27,0.872,,
943,car,10259407500,12144133552,2304.51,-985.11,923.1,448.83,4.59,1.73,1.47,1857,149.9,58,0.791,,
944,truck,11909847464,trim_2345,2414.84,-1045.81,-2233.43,-615.29,10.63,2.57,3.24,13715,95.7,38,0.873,,
945,car,trim_7840,9168959371,2171,1069.12,1410.22,-298.67,4.92,1.88,1.42,1702,171.1,71,0.811,,
946,car,trim_4770,9859618307,-592.27,1465.84,-924.07,-526.04,4.45,1.84,1.65,1426,155.9,31,0.764,,
947,car,9843992523,trim_1225,-2283.24,1057.37,-1477.87,-281.28,4.03,1.75,1.57,1279,177.7,45,0.78,,
948,motorcycle,9168946309,trim_4357,1639.86,-100.02,1144.23,732.44,2.14,0.8,1.18,147,156.5,33,0.814,,
949,car,12127352319,9852348514,-941.64,1218.98,-1369.25,-691.97,4.02,1.89,1.44,1003,153.8,68,0.902,,
950,car,9168946219,trim_4435,2102.6,580.62,1006.73,290.25,4.99,1.8,1.48,1027,172.2,34,0.752,,
951,motorcycle,trim_1211,trim_2597,-1642.8,-70.82,1625.47,1514.89,2.07,0.69,1.28,124,128.5,64,0.736,,
952,bus,2960312470,trim_6518,-1235.59,35.96,31.96,160.87,12.23,2.44,3.34,12852,72.9,34,0.842,,
953,car,9857625468,trim_9245,-1166.06,-875.87,-492.24,-231.22,4.35,1.72,1.63,1108,173.7,50,0.75,,
954,car,trim_3419,trim_5542,878.87,-276.42,2111.45,555.1,4.65,1.87,1.6,1245,176.0,19,0.918,,
955,car,trim_5161,4224980840,1580.53,-446.99,-1912.72,447.73,4.83,1.6,1.55,1463,164.0,65,0.666,,
956,car,11176468178,9168881197,-977.55,-506.41,2022.86,574.31,4.92,1.87,1.5,1068,166.7,58,0.856,,
957,car,9857647469,2962838276,-687.44,-1282.2,-140.49,-1478.87,4.03,1.93,1.46,1050,165.9,26,0.723,,
958,motorcycle,trim_3513,9859736952,-185.66,364.21,41.7,109.72,2.23,0.73,1.21,226,150.4,41,0.868,,
959,car,trim_745,2960336726,-1574.16,688,-1446.82,107.76,4.45,1.65,1.57,1198,151.2,18,0.964,,
960,car,2960299954,trim_671,-1282.12,528.67,-1609.26,625.87,4.66,1.74,1.37,1849,175.4,67,0.861,,
961,car,trim_7085,trim_7631,-2375.25,547.19,258.45,-161.73,4.14,1.65,1.36,1719,169.8,78,0.961,,
962,bus,9857647477,trim_586,-627.79,-1121.48,-1775.15,690.21,12.23,2.58,3.59,11393,98.0,24,0.842,,
963,car,4219222638,trim_5795,2002.86,-1861.54,-1939.49,-864.22,4.44,1.78,1.51,1060,147.8,41,0.763,,
964,car,4225172211,5170823240,477.66,-530.55,1371.64,458.81,5.05,1.71,1.56,1154,153.8,67,0.697,,
965,ambulance,trim_7770,trim_5860,-909.51,-525.73,-239.51,676.93,6.43,2.14,2.49,4492,156.3,29,0.47,a_7021222684,"Ganesh Hospital, Ghaziabad"
966,car,trim_4990,trim_6259,1636.65,-497.89,-523.62,-1503.27,4.42,1.68,1.48,1743,179.2,56,0.683,,
967,car,trim_2935,2970305362,-2155.51,1095.05,105.38,818.58,4.63,1.72,1.39,1196,143.0,53,0.727,,
968,car,trim_8121,trim_891,-537.34,620.78,-1209.63,-266.47,4.8,1.66,1.52,1043,174.6,53,0.778,,
969,car,trim_3721,trim_273,-837.49,-1280.5,140.31,-522.34,4.47,1.7,1.37,1407,167.3,29,0.75,,
970,motorcycle,trim_2530,trim_8473,-1042.95,1189.02,2173.16,1054.74,2.26,0.88,1.31,185,125.9,39,0.669,,
971,car,trim_3719,trim_2037,-645.35,-950.52,1521.62,-294.61,4.7,1.91,1.62,1530,173.1,29,0.807,,
972,car,12139772308,trim_858,1904.82,-1408.98,-1157.75,-22.23,5.02,1.75,1.52,1306,173.2,72,0.778,,
973,car,9843455327,trim_1907,-1571.49,1634.18,-147.69,-1153.78,4.91,1.91,1.51,1789,173.9,38,0.786,,
974,car,trim_4119,5171028511,1722.4,917.05,-2554.13,115.89,4.03,1.68,1.58,1864,140.9,70,0.801,,
975,car,trim_5575,12098345442,2146.8,389.13,-1811.43,1292.88,4.53,1.62,1.61,1447,176.0,34,0.865,,
976,car,trim_5911,9852317031,-1720.88,-1349.83,295.98,908.17,4.84,1.73,1.39,1593,146.8,44,0.807,,
977,car,trim_2075,9858060919,1077.07,722.18,366.84,-171.93,4.18,1.95,1.55,1594,140.6,58,0.785,,
978,car,3960095899,3004576913,-1419.72,786.84,647.5660602306848,816.2788518475362,4.76,1.74,1.4,1066,166.1,38,0.668,,
979,car,trim_8676,trim_7342,-521.42,853.56,1098.02,66.18,4.36,1.74,1.49,1535,141.6,50,0.709,,
980,car,trim_1097,2970305323,-787.87,-427.52,-238.98,109.71,4.6,1.87,1.61,1858,145.1,20,0.893,,
981,car,trim_7442,trim_7280,-2322.46,-135.89,-1964.14,-1472.54,5.05,1.84,1.42,1758,157.3,48,0.777,,
982,car,11909810177,9168861154,2353.87,-913.64,-1403.56,-63.99,4.14,1.91,1.45,1662,160.5,24,0.812,,
983,car,trim_7366,9168881189,2031.56,-452.97,2120.17,642.96,4.5,1.79,1.49,1729,176.5,72,0.743,,
984,car,trim_3568,4227798435,1075.54,-990.06,2514.18,431.6,4.98,1.74,1.47,1176,170.8,39,0.657,,
985,car,2970305369,trim_2953,-1024.78,905.41,-1719.76,1478.65,4.3,1.87,1.64,1057,165.1,75,0.874,,
986,car,2970305303,9844249447,-403.42,-192.57,-2157.01,812.47,4.42,1.65,1.54,1824,160.2,35,0.859,,
987,truck,4225357189,trim_4302,1581.01,253.86,1529.2,638.85,9.1,2.36,3.79,5420,89.3,56,0.82,,
988,car,9857647511,9844004263,-595.58,-1457.49,-2356.71,817.69,4.71,1.84,1.59,1332,167.8,19,0.876,,
989,car,2962860513,12109680692,-251.13,-1126.29,1335.58,1444.6,4.83,1.74,1.57,1299,158.3,20,0.688,,
990,car,trim_6443,trim_6646,1819.32,325.62,1311.15,-292.7,4.31,1.79,1.58,1308,155.0,48,0.696,,
991,car,trim_7673,trim_2708,-723.08,56.81,-2225.92,504.05,4.51,1.74,1.39,1744,164.5,39,0.81,,
992,car,trim_8409,5170823236,-1603.68,175.06,1268.55,454.04,4.75,1.86,1.6,1711,173.2,44,0.867,,
993,car,4227798216,2970305363,1721.32,-53.54,103.88,845.75,5.06,1.92,1.63,1306,146.6,26,0.821,,
994,motorcycle,trim_4356,9857157146,1079.98,720.19,1805.83,-455.47,2.07,0.73,1.4,182,154.0,59,0.747,,
995,car,12099984754,11158326326,-462.1,1114.42,624.21,-743.1,4.44,1.81,1.61,1200,161.2,63,0.676,,
996,car,7222735484,trim_504,134.99,-1628.43,-1635.59,698.5,4.12,1.85,1.46,1023,165.8,49,0.889,,
997,car,2962837691,trim_2399,-145.06,-1303.04,-590.84,1444.22,4.36,1.81,1.58,1696,151.5,49,0.706,,
998,car,trim_9112,trim_4375,1692.32,-59.81,2223.4,876.27,4.69,1.64,1.55,1461,163.1,30,0.878,,
999,car,trim_117,11237649537,-493.33,572.83,-1935.64,621.88,4.18,1.67,1.6,1300,149.4,20,0.702,,
1000,car,9852290904,4225324623,279.99,1118.78,843.08,-167.16,4.43,1.63,1.44,1097,173.1,41,0.677,,
1001,car,trim_3750,9859748017,-610.16,-733.07,603.41,-1002.22,4.4,1.91,1.6,1428,173.8,28,0.71,,
1002,car,4227743922,12130429769,-1352.88,1882.3,-1421.16,787.1,4.94,1.62,1.64,1239,173.9,29,0.721,,
1003,bus,2960326577,trim_1626,-1640.73,126.87,-1602.75,-592.55,9.3,2.56,3.11,10298,85.9,31,0.824,,
1004,car,trim_1012,2960299895,-726.53,57.44,-2009.13,1008.69,4.62,1.81,1.6,1682,140.3,62,0.682,,
1005,car,2962837653,trim_7973,-166.14,-1232.99,-1003.78,396.79,4.58,1.9,1.45,1147,145.5,58,0.789,,
1006,bus,trim_3702,trim_463,-1208.94,-999.97,-2125.47,-14.64,10.5,2.41,3.19,12638,85.2,73,0.865,,
1007,car,trim_5856,trim_9411,2195.69,-718.14,2323.03,-1337.94,4.95,1.65,1.56,1459,179.3,51,0.785,,
1008,motorcycle,11056361047,12124045424,1296.29,490.34,-849.54,-984.22,2.09,0.89,1.33,158,139.9,52,0.694,,
1009,car,trim_6474,trim_8471,1558.64,291.64,2120.66,1044.76,5.05,1.92,1.64,1731,157.1,58,0.656,,
1010,car,trim_1679,trim_5772,-283.41,-1381.48,-1191.3,-1463.39,4.97,1.62,1.59,1335,149.2,45,0.668,,
1011,car,4227798320,trim_6461,2489.42,168.49,1739.34,509.55,4.71,1.89,1.65,1104,153.0,56,0.667,,
1012,car,5170815486,trim_6963,-1100.15,-1527.44,1386.01,823.1,4.37,1.61,1.41,1570,162.2,39,0.82,,
1013,car,9854981051,trim_3984,2006.36,-422.96,1057.23,850.15,4.31,1.78,1.54,1347,164.8,78,0.816,,
1014,truck,trim_8591,trim_2598,-185.11,-1352.43,1539.06,1038.28,11.94,2.37,3.08,12011,83.2,53,0.811,,
1015,truck,trim_2160,9852893341,1254.09,-458.37,-1417.9,-858.31,6.04,2.41,3.17,13126,75.0,63,0.722,,
1016,car,trim_6513,9857996489,-177.56,-228.48,-737.2,-175.87,4.24,1.88,1.56,1727,144.2,33,0.698,,
1017,car,trim_1847,trim_6438,-81.11,-820.27,1803.46,412.9,4.22,1.65,1.6,1006,152.2,27,0.665,,
1018,car,trim_7991,trim_6243,-1417.97,-1187.27,-1395.37,-1393.81,4.97,1.78,1.47,1441,148.2,75,0.836,,
1019,car,trim_9609,trim_5104,-634.09,142.17,1634.21,-439.04,4.84,1.74,1.56,1599,147.1,39,0.875,,
1020,car,trim_2701,trim_4930,-1761.34,574.16,-1444.78,1053.11,4.35,1.86,1.46,1565,159.4,64,0.689,,
1021,car,trim_8673,6925898192,-518.74,828.09,-1959.17,-1344.55,4.36,1.82,1.5,1698,166.8,74,0.836,,
1022,car,trim_4741,trim_2413,-1222.53,1200.49,-214.57,1418.87,4.27,1.64,1.37,1782,168.7,31,0.811,,
1023,car,9853181596,trim_1793,828.68,-1070.4,-63.54,-910.83,4.5,1.68,1.48,1645,148.7,39,0.889,,
1024,car,trim_8237,trim_4358,-2300.56,-758.89,1149.16,733.3,4.2,1.65,1.64,1819,148.6,68,0.9,,
1025,car,trim_2227,4225219771,446.49,-712.56,-876.29,-975.92,4.47,1.71,1.61,1068,152.1,34,0.709,,
1026,car,4227798128,9843462197,1570.22,-364.77,1349.35,803.58,4.72,1.85,1.42,1520,175.8,42,0.73,,
1027,car,trim_3998,4227797921,2193.9,781.25,2124.75,-840.04,4.46,1.77,1.54,1663,175.3,44,0.69,,
1028,car,trim_619,11909810118,-2229.59,503.6,2464.36,-982.42,4.27,1.61,1.45,1779,163.1,79,0.943,,
1029,car,trim_3807,trim_6424,-728.59,-812.59,1949.88,500.43,4.2,1.76,1.6,1775,157.6,39,0.793,,
1030,car,12455157388,trim_3503,-1343.41,478.45,-116.24,-318.1,4.18,1.72,1.55,1536,170.4,79,0.97,,
1031,car,trim_4202,trim_2705,869.92,198.42,-2354.87,617.65,4.78,1.89,1.39,1856,177.8,47,0.683,,
1032,car,9852436604,trim_3726,-2235.82,-773.05,-1222.81,-1150.01,4.74,1.94,1.39,1328,169.2,22,0.787,,
1033,car,trim_7792,trim_7425,572.34,-983.84,-2455.12,-969.44,4.97,1.69,1.52,1546,177.6,75,0.88,,
1034,car,trim_2735,trim_5933,-1847.85,652.09,198.91,-1523.11,4.63,1.72,1.41,1666,168.2,63,0.817,,
1035,car,12109729952,trim_5417,1874,1250.57,1662.1,-547.18,4.26,1.79,1.63,1719,176.9,21,0.7,,
1036,car,11104704530,trim_4037,2413.01,-542.69,737.34,522.65,4.26,1.74,1.37,1515,171.8,57,0.677,,
1037,car,trim_8311,9843842914,249.89,-1111.94,2225.97,665.18,4.92,1.66,1.41,1655,175.9,27,0.656,,
1038,car,2970305277,2960336746,1097.94,-366.34,-1373.44,341.08,4.63,1.87,1.57,1528,153.9,19,0.733,,
1039,car,2970305314,trim_7189,1591.09,-74.93,-1870.97,425.44,4.3,1.9,1.5,1051,172.9,16,0.944,,
1040,car,trim_9301,4225172246,-1554.55,1143.6,531.39,-381.94,4.23,1.81,1.38,1871,145.8,22,0.808,,
1041,car,2960361527,trim_5686,-973.78,-827.33,2102.41,-1200.34,4.13,1.66,1.61,1832,178.4,68,0.797,,
1042,car,trim_5638,9855693611,-2363.85,1491.92,980.01,74.56,4.06,1.81,1.57,1080,144.5,67,0.696,,
1043,truck,4225170888,trim_387,1116.15,-730.75,-2255.9,261.58,6.73,2.52,3.08,12953,89.9,72,0.953,,
1044,car,trim_4189,trim_1094,1613.06,-290.25,-968.2,-381.03,4.82,1.67,1.44,1173,155.2,42,0.784,,
1045,car,trim_2861,11158326325,-2492.39,1309.85,1068.17,-1004.51,4.5,1.91,1.59,1699,144.1,52,0.694,,
1046,car,trim_7711,trim_7364,485.03,-498.58,2007.48,-508.37,4.02,1.8,1.47,1472,176.9,17,0.914,,
1047,car,trim_6958,trim_4208,1324.66,673.64,1097.89,320.46,4.17,1.7,1.39,1756,163.7,62,0.899,,
1048,car,9843437522,trim_8602,2053.44,1337.35,-268.63,-998.2,4.42,1.88,1.59,1662,140.0,43,0.829,,
1049,ambulance,9852391730,trim_4604,-2125.75,-726.85,-743.2,828.53,6.1,2.04,2.71,3493,120.7,28,0.507,a_7021267999,City Central Hospital
1050,motorcycle,12098345444,trim_5204,-1810.63,1287.47,2139.53,430.71,1.87,0.7,1.38,192,127.8,65,0.727,,
1051,car,trim_3901,trim_7336,1555.11,400.85,935.26,104.05,4.93,1.69,1.37,1668,146.2,34,0.898,,
1052,car,2960361555,2960299911,-1040.31,-604.52,-2249.95,1334.43,4.14,1.81,1.49,1502,151.1,37,0.8,,
1053,car,12124137956,trim_503,-510.22,-798.62,-1622.67,697.47,4.79,1.94,1.48,1776,140.9,45,0.682,,
1054,motorcycle,7222735476,9854981063,45.36,-1514.33,2108.19,-590.32,2.07,0.89,1.09,158,156.7,36,0.857,,
1055,car,11302966226,trim_1106,892.09,1058.24,-1472.94,62.48,4.71,1.68,1.56,1257,150.0,31,0.654,,
1056,car,trim_6798,trim_8088,594.1,1101.26,-1264.4,-1376.86,5.0,1.93,1.52,1692,158.1,70,0.923,,
1057,car,trim_4382,trim_1093,2205.71,751.33,-971.06,-376.92,4.07,1.75,1.55,1898,154.9,70,0.911,,
1058,car,4227798207,4227798238,2220.95,-79.86,1947.06,-15.15,4.53,1.64,1.6,1226,157.4,30,0.661,,
1059,car,9168861171,trim_6108,-429.85,-380.61,-1640.5,173.86,4.13,1.87,1.39,1186,172.2,68,0.818,,
1060,car,9859493795,trim_2926,164.96,-731.77,-1745.91,1002.2,4.44,1.87,1.38,1146,160.7,17,0.899,,
1061,car,trim_3726,4225219807,-1222.81,-1150.01,-762.07,-714.84,4.74,1.76,1.39,1027,168.8,59,0.826,,
1062,car,trim_4638,trim_170,-1393.45,1064.79,358.57,-961.87,4.22,1.61,1.49,1222,158.5,45,0.733,,
1063,motorcycle,trim_6123,trim_7505,-1327.82,-120.52,-1323.5,-1102.86,2.24,0.74,1.24,151,111.0,67,0.714,,
1064,car,trim_3122,trim_5368,493.65,-128.9,1762.94,-279.86,4.03,1.8,1.4,1479,161.1,61,0.762,,
1065,car,trim_3103,trim_9652,509.88,-154.35,-1345.32,1307.39,4.66,1.77,1.41,1505,153.4,41,0.802,,
1066,motorcycle,trim_5671,trim_7788,1326.05,-475.93,-765.44,-1184.61,2.2,0.88,1.37,236,152.3,71,0.916,,
1067,car,trim_7618,4227695058,235.39,-178.18,2431.78,1399.95,4.64,1.78,1.6,1630,159.0,20,0.694,,
1068,car,4227797915,trim_6857,1960.47,-908.58,-2418.52,221.78,4.46,1.64,1.64,1564,141.0,24,0.849,,
1069,car,trim_884,12129753495,-1071.48,-442.43,-1379.66,752.76,4.65,1.83,1.39,1227,140.8,49,0.796,,
1070,car,trim_6741,trim_379,-309.33,850.88,-1916.41,145.93,5.04,1.62,1.56,1682,174.3,50,0.794,,
1071,car,trim_9172,trim_5408,1906.25,773.03,2104,51.23,4.73,1.85,1.44,1155,150.2,80,0.809,,
1072,car,trim_2492,8819311729,-14.94,1136.93,2247.97,-1538.9,4.71,1.81,1.5,1821,171.3,79,0.95,,
1073,car,trim_903,trim_8637,-1321.03,-95.9,229.79,-1125.78,4.22,1.81,1.56,1732,155.3,53,0.676,,
1074,car,trim_8089,trim_329,-1261.29,-1372.95,-71.58,668.24,5.05,1.65,1.5,1857,159.4,50,0.712,,
1075,car,trim_9545,trim_6529,-882.04,-1111.84,605.04,-1069.46,4.84,1.75,1.41,1620,160.6,53,0.796,,
1076,car,trim_8464,trim_3291,2009.61,660.71,-237.6,-41.66,4.49,1.61,1.56,1820,146.6,71,0.922,,
1077,car,trim_2861,9855693612,-2492.39,1309.85,979.26,69.66,4.03,1.76,1.5,1738,161.6,37,0.676,,
1078,car,trim_7017,trim_7768,-2430.11,563.71,-977.78,-522.55,4.93,1.83,1.55,1568,166.4,49,0.674,,
1079,car,trim_8494,trim_8348,-1899.31,-726.43,121.06,741.25,5.04,1.88,1.42,1616,170.0,80,1.021,,
1080,motorcycle,9852405422,4227695029,-2214.49,-330.4,309.9,1008.6,2.02,0.69,1.09,256,157.4,80,0.956,,
1081,car,trim_8870,4871211877,2460.83,-1007.3,-2448.15,1393.48,4.56,1.89,1.61,1873,177.1,49,0.726,,
1082,truck,trim_4431,trim_4980,1165.66,27.04,1331.86,-233.18,10.55,2.44,3.64,8917,85.4,45,0.793,,
1083,car,trim_695,trim_9069,-1351.58,470.09,-1691.46,748.79,4.41,1.93,1.51,1056,141.0,21,0.755,,
1084,car,trim_4304,trim_2896,1562.44,647.98,-1904.68,885.14,4.73,1.89,1.4,1170,162.5,54,0.799,,
1085,car,9168951436,9859931205,419.94,-339.16,-1851.24,50.54,4.71,1.63,1.4,1802,167.0,50,0.848,,
1086,car,6674480292,9857826603,-557.17,580.97,378.56,93.73,4.47,1.92,1.4,1654,155.7,77,0.936,,
1087,motorcycle,trim_887,trim_8282,-1162.67,-391.57,2028.14,-791.67,1.82,0.74,1.3,149,145.3,70,0.728,,
1088,car,4227743969,trim_6110,-871.25,2526.3,-1616.7,185.21,4.54,1.79,1.42,1439,167.0,44,0.733,,
1089,car,trim_3245,4229519498,-288.18,411.73,2663.82,1245.85,4.12,1.93,1.52,1773,166.3,66,0.705,,
1090,car,trim_6057,trim_1229,-1367.76,382.83,-1516.45,-28.41,4.97,1.92,1.56,1255,164.4,65,0.787,,
1091,car,2962838437,9854981084,-154.32,-945.11,1914.45,-537.54,5.03,1.75,1.43,1461,146.1,72,0.723,,
1092,car,trim_2535,trim_6681,-744.51,1239.26,1199.84,389.28,4.11,1.65,1.64,1320,170.4,68,0.749,,
1093,car,9903339261,trim_6441,91.28,906.84,1850.28,356.85,4.0,1.94,1.64,1701,150.6,67,0.803,,
1094,car,9168834907,5170630780,-1810.53,980.78,2229.68,125.97,4.68,1.91,1.39,1233,159.2,72,0.87,,
1095,car,trim_3314,4871211870,-96.69,-303.43,-2101.8,1734.52,4.02,1.89,1.38,1066,179.9,30,0.797,,
1096,car,trim_6161,trim_3653,-1372.94,-684.98,-698.16,-752.75,4.27,1.83,1.65,1576,146.5,42,0.829,,
1097,car,trim_8467,trim_6403,2021.75,1035.4,2275.27,638,4.23,1.85,1.62,1308,179.2,21,0.88,,
1098,car,trim_8286,11499113730,1453.03,575,-542.73,1193.29,4.56,1.74,1.58,1630,176.4,62,0.877,,
1099,car,9854981037,2960299861,2127.47,-615.71,-1256.22,-761.63,4.33,1.65,1.39,1088,152.7,20,0.898,,
1100,car,12109752104,11909810090,1372.3,1267.63,2389.49,-993.79,4.3,1.88,1.47,1761,158.8,77,0.994,,
1101,car,trim_1470,trim_4821,-1429.21,-878.7,240.45,-1165.63,4.85,1.64,1.43,1484,170.1,21,0.787,,
1102,car,trim_7823,trim_6269,-1664.99,-903.23,-522.09,-694.51,4.0,1.74,1.6,1131,150.9,72,0.788,,
1103,car,trim_1295,trim_1707,-1273.84,303.89,-126.9,-1465.56,5.09,1.88,1.6,1560,176.8,64,0.887,,
1104,car,trim_1979,12141557824,120.31,755.29,-2313.8,1389.27,4.68,1.79,1.59,1224,179.0,66,0.834,,
1105,car,11491678302,trim_695,112.84,996.34,-1351.58,470.09,4.34,1.78,1.52,1620,174.7,57,0.735,,
1106,car,trim_2655,12124253949,1898.55,-1429.64,2072.34,731.01,4.88,1.62,1.39,1121,164.0,39,0.665,,
1107,car,9843336856,9852338743,1088.48,1803.24,-2029.68,-144.79,4.53,1.73,1.56,1343,167.8,60,0.678,,
1108,ambulance,trim_8447,trim_668,1748.56,785.03,-1696.19,605.19,5.58,2.2,2.43,4165,141.5,66,0.512,a_7022093963,Prime Hospital
1109,car,trim_6388,trim_5254,1947.89,743.29,2206.69,-32.69,4.45,1.85,1.39,1463,150.4,63,0.8,,
1110,car,trim_3239,trim_6007,-250.22,581.44,-2046.15,859,4.01,1.61,1.55,1515,172.3,54,0.783,,
1111,car,trim_4601,11206931704,-751.93,895.37,2226.76,107.27,4.2,1.7,1.46,1338,174.6,71,0.818,,
1112,bus,9852168757,trim_887,-2449.56,495.07,-1162.67,-391.57,10.14,2.49,3.1,12921,97.9,56,0.756,,
1113,car,9852290903,trim_7057,348.77,1050.68,-2336.1,677.75,4.83,1.72,1.62,1514,171.3,55,0.842,,
1114,car,9855014989,trim_7388,1803.75,-33.43,1800.06,-233.7,4.86,1.88,1.36,1118,174.3,63,0.715,,
1115,car,trim_7136,trim_6262,-2357.82,247.92,-813.04,-1389.83,4.42,1.65,1.54,1693,153.5,53,0.664,,
1116,car,trim_6876,trim_7203,-2292.92,804.03,-1423.13,299.64,4.37,1.81,1.42,1048,167.8,70,0.74,,
1117,car,trim_4281,trim_4300,1795.9,-456.81,2073.76,420.99,4.19,1.7,1.64,1718,157.1,77,0.943,,
1118,car,trim_588,9843687279,-1807.36,730.59,2252.95,839.52,4.44,1.87,1.53,1351,144.1,38,0.72,,
1119,car,trim_3160,trim_1675,496.08,401.03,-337.99,-1440.36,4.55,1.93,1.51,1465,155.5,23,0.652,,
1120,car,trim_8933,2149341062,-1515.67,-1277.18,450.59,1852.12,4.02,1.77,1.5,1356,168.4,32,0.699,,
1121,motorcycle,trim_7634,9168951487,273.48,-200.23,502.29,-1134.58,2.09,0.87,1.18,250,152.8,50,0.762,,
1122,car,2962838311,trim_606,-103.45,-1156.11,-2548.33,122.9,4.87,1.9,1.54,1382,145.9,30,0.88,,
1123,motorcycle,trim_1574,trim_5181,-1060.9,-640.88,1500.47,170,2.06,0.71,1.32,182,106.0,60,0.824,,
1124,car,trim_6270,9858060966,-550.24,-754.75,598.03,520.11,4.95,1.79,1.49,1315,172.8,37,0.742,,
1125,car,9854981085,9857465289,1975,-580.56,-1015.71,492.86,4.19,1.64,1.55,1625,149.3,57,0.87,,
1126,motorcycle,4227798502,11140291067,678.56,1465.82,-2079.08,-323.91,2.18,0.89,1.07,211,120.0,55,0.813,,
1127,car,trim_7371,trim_939,2074.57,-598.1,-814.19,235.21,4.51,1.86,1.61,1761,143.1,33,0.886,,
1128,car,trim_7824,9168953545,2117.6,-1186.36,338.34,-1573.1,5.08,1.7,1.51,1689,169.2,78,0.951,,
1129,car,12123907740,trim_3724,-848.88,-226.69,-999.21,-965.52,4.9,1.63,1.48,1696,170.6,47,0.816,,
1130,car,trim_6778,trim_1461,627.69,245.31,-1453.37,-866.77,4.18,1.66,1.41,1749,161.6,37,0.855,,
1131,car,9852391732,2960299889,-2350.33,-752.11,-1692.59,571.47,4.39,1.6,1.51,1721,142.7,65,0.891,,
1132,truck,9859738809,trim_10,-678.2,-1143.96,-2258.55,261.9,7.53,2.51,2.75,9253,99.8,45,0.731,,
1133,car,trim_5861,trim_9272,-264.17,672.41,-1764.71,854.66,4.91,1.69,1.62,1298,149.2,55,0.653,,
1134,ambulance,trim_3457,trim_1790,-1343.29,-416.9,109.68,-1253.74,6.42,2.21,2.69,2708,122.8,66,0.57,a_7025117453,Pannalal Shyamlal Hospital
1135,ambulance,trim_6748,5170791985,49.96,593.71,-1694.41,697.16,5.79,2.27,2.78,3191,126.9,48,0.514,a_7025924014,Rizvi Surgical Centre
1136,car,trim_7623,3085851339,198.22,21.48,1314.56,1954.35,4.29,1.75,1.6,1189,161.4,62,0.822,,
1137,car,trim_358,trim_3476,-1670.38,503.76,-490.24,111.53,4.68,1.76,1.59,1096,165.7,57,0.71,,
1138,car,trim_2249,trim_6431,-840.25,514.27,1998.13,419.87,4.16,1.76,1.5,1595,175.0,65,0.851,,
1139,car,trim_8788,trim_4467,-750.14,845.57,-571.67,985.01,4.47,1.81,1.5,1140,175.5,23,0.727,,
1140,car,trim_6385,trim_575,2021.7,754.6,-1983.08,653.15,4.64,1.65,1.49,1247,158.0,33,0.713,,
1141,car,trim_9246,9852465875,2271.89,638.19,-1872.94,-1551.54,4.89,1.9,1.65,1486,178.5,48,0.694,,
1142,car,5170823244,11960342625,1480.6,467.21,-1494.51,-1251.13,4.22,1.79,1.42,1405,160.9,46,0.792,,
1143,car,457278262,trim_5691,726.78,-92.72,1945.04,-1009.64,5.07,1.94,1.55,1450,155.7,36,0.886,,
1144,car,11499043127,4225324624,-838.61,996.63,821.64,-157.26,5.08,1.78,1.5,1044,163.1,43,0.692,,
1145,car,9855691376,trim_833,1939.85,28.92,-1529.39,27.02,4.9,1.61,1.42,1800,140.7,65,0.765,,
1146,motorcycle,11168894837,trim_8437,-258.09,605.52,1889.9,633.05,1.82,0.66,1.34,200,150.7,77,0.949,,
1147,car,trim_5169,trim_8064,1800.31,60.33,-1749.5,-1386.02,4.6,1.89,1.41,1345,143.7,23,0.879,,
1148,car,4227798435,9852391732,2514.18,431.6,-2350.33,-752.11,4.61,1.92,1.54,1577,143.4,22,0.847,,
1149,motorcycle,9168959347,9843036305,2476.04,-745.32,-2484.65,1218.39,2.19,0.84,1.24,131,112.0,68,0.897,,
1150,car,trim_2474,trim_4501,-192.98,1252.93,1751.45,783.01,4.92,1.88,1.36,1179,170.9,18,0.854,,
1151,car,2960299863,trim_7116,-1250.16,-707.71,-2383.28,269.75,5.01,1.6,1.6,1251,153.2,64,0.759,,
1152,ambulance,11498996006,9859736964,572.66,231.17,11.8,212.48,5.83,2.27,2.42,3366,155.9,65,0.556,a_7027732228,"Brij Medical Centre, Ghaziabad"
1153,car,trim_205,9857987903,255.06,-521.58,37.3,165.77,4.01,1.83,1.62,1269,143.5,27,0.826,,
1154,motorcycle,trim_8362,trim_5348,-1453.74,-349.11,2102,132.24,2.29,0.65,1.21,159,117.9,50,0.843,,
1155,car,trim_4707,trim_6829,-1374.69,1234.64,-2266.51,270.91,4.58,1.61,1.58,1684,157.2,41,0.724,,
1156,ambulance,5170798229,trim_4254,73.41,470.38,977.5,256.22,5.88,2.22,2.65,3311,135.5,74,0.736,a_7031610785,"Sunetra Eye, Laser and Dental Care Centre"
1157,truck,trim_952,trim_7829,-587.52,-301.12,2487.52,534.62,9.24,2.47,3.18,11988,73.5,78,0.975,,
1158,motorcycle,trim_6519,trim_7178,-41.92,148.96,383.7,1014.71,1.82,0.85,1.2,164,149.1,74,0.964,,
1159,car,9852378895,3887993328,-2029.25,-892.7,1697.93,1147.47,4.65,1.64,1.63,1119,175.2,61,0.764,,
1160,motorcycle,2960312475,trim_1061,-1353.59,64.38,-788.48,107.08,2.09,0.86,1.12,112,158.4,16,0.99,,
1161,truck,trim_7271,trim_7965,-2391.07,-821.07,-442.48,841.63,8.21,2.34,2.59,10071,80.1,56,0.893,,
1162,car,9843592168,9843119610,2111.97,610.1,-1547.23,1010.9,4.54,1.7,1.38,1673,159.5,65,0.801,,
1163,car,trim_1396,9859736965,-2426,-399.78,11.8,210.03,4.11,1.84,1.6,1496,151.2,67,0.905,,
1164,car,trim_4812,trim_5422,-1200.77,994.2,2016.18,-818.22,4.19,1.65,1.63,1301,163.5,73,0.743,,
1165,car,457278243,2962860471,300.37,-1210.22,-218.24,-754.3,5.1,1.91,1.57,1330,176.6,29,0.856,,
1166,car,9168946217,trim_6702,2013.82,629.58,1143.23,1216.15,4.32,1.77,1.6,1287,171.2,32,0.651,,
1167,truck,trim_4152,trim_7330,-600.22,1108.66,958.53,315.87,6.76,2.56,3.15,5001,87.2,22,0.666,,
1168,car,4224981018,5170637552,-2400.13,683.85,1243.47,112.21,5.02,1.91,1.47,1856,158.4,43,0.857,,
1169,car,trim_5021,2962838273,2187.14,-650.36,-72.05,-1507.61,4.95,1.95,1.5,1828,164.4,51,0.651,,
1170,car,trim_3124,trim_6007,378.7,-463.84,-2046.15,859,4.57,1.93,1.6,1164,167.6,73,0.79,,
1171,car,trim_9019,trim_2729,1107.25,197.85,-2319.06,1317.12,4.08,1.93,1.51,1838,170.9,16,0.92,,
1172,car,9857996485,trim_7452,-471.47,-375.68,-1900.81,-554.51,4.39,1.8,1.56,1854,143.7,63,0.894,,
1173,car,trim_7690,trim_6588,-109.81,21.7,816.48,-1335.26,4.93,1.91,1.38,1735,143.4,39,0.757,,
1174,car,trim_1470,11189732863,-1429.21,-878.7,-10.37,-893.08,4.05,1.73,1.63,1776,157.6,33,0.7,,
1175,car,9852465882,trim_4976,-1952.99,-1342.22,-1456.8,1159.51,4.08,1.75,1.44,1013,178.3,48,0.877,,
1176,car,11198940397,trim_927,-817.81,-1152.65,-1079.01,198.48,4.1,1.78,1.59,1506,153.1,53,0.707,,
1177,car,13264387391,trim_4254,-1558.96,389.15,977.5,256.22,4.88,1.78,1.47,1500,148.5,68,0.766,,
1178,car,trim_5816,trim_4869,-789.44,565.68,919.66,-1377.07,4.31,1.77,1.38,1753,143.5,34,0.894,,
1179,car,trim_4568,trim_6143,1636.41,126.41,-1252.52,-785.07,4.34,1.79,1.41,1693,170.9,20,0.744,,
1180,car,trim_1219,trim_2221,-1470.4,-130.09,2178.82,-1283.82,4.39,1.8,1.53,1200,147.3,75,0.973,,
1181,car,4225324675,2962860471,926.44,165.19,-218.24,-754.3,4.86,1.85,1.48,1472,175.3,46,0.734,,
1182,car,2970305123,trim_9324,2037.13,-1106.03,-2454.16,1266.47,4.58,1.74,1.43,1491,141.6,70,0.812,,
1183,car,trim_5619,9852333182,-90.8,1214.47,72.64,815.69,4.24,1.85,1.43,1270,161.7,40,0.787,,
1184,car,trim_6552,trim_2147,539.44,-1218.62,1873.77,944.98,4.88,1.73,1.64,1817,178.8,54,0.751,,
1185,motorcycle,trim_4433,6673295941,1229.94,115.11,-774.25,743.73,1.82,0.73,1.21,177,109.4,22,0.748,,
1186,truck,trim_494,trim_958,-1707.74,843.36,-413.83,-291.09,8.01,2.32,3.75,6754,86.9,17,0.919,,
1187,motorcycle,trim_4585,trim_4030,-562.17,773.77,1655.17,770.24,2.25,0.73,1.06,204,111.7,19,0.877,,
1188,bus,trim_336,trim_3186,-545.39,588.36,392.44,-1114.64,12.11,2.42,3.05,8601,93.4,65,0.674,,
1189,car,4227798508,9168911139,1109.71,1545.95,-1848.59,-1009.96,4.16,1.88,1.56,1401,155.6,38,0.692,,
1190,car,2960299836,trim_6845,-2097.6,-804.73,-2294.09,266.85,4.79,1.73,1.42,1736,177.3,26,0.821,,
1191,car,9857647511,2960336651,-595.58,-1457.49,-1529.62,-49.3,4.09,1.65,1.48,1282,171.8,61,0.868,,
1192,motorcycle,trim_8368,trim_7274,-469.29,-405.13,-1841.9,-1334.23,1.88,0.75,1.33,248,95.5,30,0.734,,
1193,car,trim_7803,trim_8505,153.19,-1412.26,-115.98,-1082.35,5.02,1.92,1.45,1718,167.5,49,0.76,,
1194,car,trim_1239,9859639828,-1436.68,-261.72,-424.93,-183.09,4.37,1.75,1.36,1751,144.0,72,0.896,,
1195,car,trim_1684,trim_4574,-198.94,-1274.93,1654.43,188.03,4.51,1.79,1.63,1637,163.6,62,0.811,,
1196,car,trim_5206,4225172437,2384.6,337.62,38.09,486.82,4.83,1.62,1.35,1353,178.3,43,0.892,,
1197,car,trim_416,trim_4714,-1941.39,249.92,-223.36,-933.67,4.01,1.84,1.52,1003,153.9,20,0.9,,
1198,car,4227743928,trim_1230,-982.33,1971,-1445.94,-190.33,4.56,1.84,1.58,1058,161.7,28,0.889,,
1199,car,trim_800,5170823226,-1057.1,101.33,981.31,385.67,4.97,1.82,1.4,1491,153.8,47,0.877,,
1200,car,trim_6718,trim_4532,1024,1440.47,-904.2,894.63,4.37,1.62,1.47,1030,156.3,78,0.922,,
1201,car,9988275074,6928966669,-494.75,1180.23,-1635.23,-1532.39,4.71,1.74,1.48,1823,173.0,23,0.668,,
1202,car,7249093956,trim_7796,352.69,485.22,-33.13,-926.93,4.48,1.69,1.58,1806,179.8,80,0.867,,
1203,car,11983071054,trim_5174,1037.91,1196.82,1950.94,465.39,4.79,1.93,1.55,1513,151.6,63,0.865,,
1204,car,trim_7466,trim_1666,-2021.06,-779.78,-581.2,-1684.79,4.43,1.76,1.58,1762,153.4,17,0.824,,
1205,car,trim_7200,trim_2292,-1459.9,322.37,2238.76,1100.77,4.91,1.63,1.41,1342,150.2,66,0.706,,
1206,car,trim_9356,4225077458,860.77,831.67,-1638.88,1092,4.59,1.66,1.37,1168,177.9,35,0.705,,
1207,truck,4227798189,trim_6362,1839.69,-115.35,2112.85,877.25,7.99,2.33,2.52,13662,87.1,69,0.9,,
1208,car,trim_7314,9168854795,-1354.01,-424.66,2041.78,1278.32,4.27,1.82,1.64,1500,156.6,48,0.711,,
1209,car,2970305122,trim_3353,2048.22,-1120.22,-241.61,-584.91,4.99,1.63,1.47,1198,145.4,16,0.87,,
1210,car,9168986467,11143272203,607.67,387.66,1562.48,661.07,5.05,1.92,1.49,1679,179.8,73,0.811,,
1211,car,9852331995,7222770487,-751.82,1008.9,185.58,-1658.7,4.2,1.66,1.57,1694,152.5,66,0.672,,
1212,car,11491307974,trim_5544,-373.35,-1214.09,2134.89,577.8,4.46,1.88,1.4,1008,167.8,74,0.833,,
1213,car,trim_1008,4227798113,-789.54,13.44,1860.62,-406.02,4.09,1.76,1.49,1022,163.8,16,1.027,,
1214,ambulance,trim_87,trim_8457,698.92,-45.68,1887.03,635.09,5.59,2.1,2.47,3927,142.0,39,0.497,a_7033516100,Sarvodaya Hospital and Research Centren
1215,car,11777944683,9853262763,716.06,798.74,1251.22,-312.31,4.11,1.88,1.57,1154,154.1,31,0.781,,
1216,car,trim_2751,trim_7571,-2292.47,727.99,-409.4,-788,4.0,1.73,1.38,1096,144.5,71,0.763,,
1217,car,trim_3168,9843492416,623.86,11.26,1461.7,503.26,4.61,1.63,1.53,1282,170.0,76,0.802,,
1218,car,3887993285,9168951446,1538.59,1023.62,42.68,-555.45,4.42,1.78,1.56,1675,170.9,46,0.77,,
1219,car,trim_406,10685694466,-2136.72,132.63,-1100.37,-734.4,4.77,1.9,1.37,1881,164.3,35,0.777,,
1220,car,3840470122,trim_2743,102.09,1526.22,-1849.84,558.11,4.99,1.88,1.43,1865,152.4,22,0.814,,
1221,car,trim_7977,4227798276,-975.43,488.37,1184.97,57.32,4.18,1.86,1.4,1049,162.0,53,0.784,,
1222,truck,trim_866,trim_9492,-1025.67,-187.01,-537.32,-1012.57,11.88,2.34,3.73,5651,72.7,51,0.772,,
1223,car,11909810171,trim_922,2153.48,-702.31,-1227.31,203.6,4.23,1.65,1.57,1472,144.4,69,0.933,,
1224,car,3085851345,trim_7955,781.64,2343.89,-475.49,1051.37,4.66,1.67,1.35,1114,165.1,17,0.802,,
1225,ambulance,4225172303,9852938584,-330.65,-12.37,-1608.72,187.66,5.71,2.02,2.82,3892,128.8,32,0.483,a_7035329353,"Manav Hospital, Ghaziabad"
1226,car,11015711792,trim_2882,-988.62,610.22,-1801.81,475.3,4.4,1.93,1.56,1093,154.9,40,0.66,,
1227,car,trim_363,trim_1254,-2184.68,14.86,-1529.04,-399.56,4.14,1.63,1.45,1042,150.1,41,0.651,,
1228,car,trim_6254,trim_767,-598.67,-1226.91,-840.7,-527.37,4.38,1.88,1.42,1745,158.3,61,0.749,,
1229,car,4227695020,trim_7729,203.01,916.13,117.21,-437.71,4.67,1.68,1.58,1615,166.1,27,0.754,,
1230,car,trim_3623,trim_3691,-426.06,-496.56,-1315.36,-1112.7,4.75,1.86,1.49,1340,164.3,36,0.796,,
1231,car,9859655306,9168965310,-161.41,-560.37,1445.43,353.54,4.13,1.87,1.43,1758,169.7,51,0.667,,
1232,car,7249093947,9843127278,472.03,507.73,-2132.31,531.18,4.18,1.8,1.59,1183,144.7,78,0.783,,
1233,bus,trim_7751,9709087007,-990.8,-400.45,623.6,780.55,10.42,2.58,3.58,10506,99.1,66,0.775,,
1234,car,2960299867,9857647472,-1305.4,-551.14,-687.89,-1250.66,4.98,1.73,1.56,1837,143.4,66,0.751,,
1235,car,2962860474,trim_2072,-539.95,-602.87,1055.18,847.28,4.64,1.87,1.58,1270,141.4,71,0.808,,
1236,motorcycle,trim_5370,trim_2129,1771.28,-265.13,1066.25,949.55,1.95,0.84,1.3,195,114.1,54,0.812,,
1237,motorcycle,4225172439,9168959366,-277.34,490.89,1347.92,-360.1,2.03,0.68,1.11,130,151.7,31,0.672,,
1238,car,trim_4041,trim_4871,744.04,460.71,1061.74,-1496.7,4.24,1.74,1.39,1746,153.7,57,0.717,,
1239,motorcycle,trim_5688,trim_72,2014.76,-1082.4,554.75,-762.51,2.14,0.86,1.27,253,127.4,79,1.027,,
1240,motorcycle,trim_808,9843336865,-810.31,577.02,1100.48,1702.06,2.11,0.83,1.38,132,106.8,55,0.877,,
1241,car,4227743639,trim_7726,429.56,-1564.23,334.78,-998.11,4.72,1.8,1.46,1199,162.4,46,0.872,,
1242,motorcycle,2962838434,9854981064,-153.12,-953.26,2115.65,-565.55,2.27,0.89,1.12,165,94.0,46,0.706,,
1243,car,trim_5345,9168946301,1835.84,-1299.71,1662.27,124.28,5.04,1.61,1.56,1070,168.3,62,0.862,,
1244,car,trim_963,11491986720,-795.26,-149.8,-1779.24,808.11,4.45,1.73,1.57,1333,158.7,65,0.879,,
1245,motorcycle,trim_2538,9857847222,-781.46,1473.21,203.67,-166.42,1.93,0.73,1.21,198,152.6,50,0.83,,
1246,car,11198955253,trim_7919,-1888.15,-745.99,-1592.06,387.87,4.37,1.67,1.64,1393,162.6,50,0.748,,
1247,car,trim_4744,trim_4579,-680.49,-605.21,-917.1,672.83,4.85,1.73,1.59,1388,176.2,32,0.67,,
1248,car,trim_5301,trim_8886,1876.35,48.8,2060.83,-606.5,4.41,1.79,1.62,1515,177.0,55,0.777,,
1249,car,trim_3655,9168946260,-1257.35,-1253.83,1693.25,188.34,4.2,1.74,1.39,1708,154.8,64,0.749,,
1250,motorcycle,trim_8326,12129753494,-263.62,-1353.22,-1306.27,712.18,1.89,0.86,1.13,178,158.7,33,0.71,,
1251,bus,trim_465,9857750378,-2130.62,14.08,19.75,-980.22,11.06,2.42,3.11,8735,94.4,22,0.899,,
1252,car,9854981084,trim_933,1914.45,-537.54,-1003.5,240.59,4.6,1.67,1.59,1142,156.6,30,0.725,,
1253,car,trim_2153,trim_3351,1897.07,808.02,-287.73,-635.93,4.34,1.85,1.37,1510,148.8,74,0.797,,
1254,car,trim_9151,trim_6694,-1666.64,-900.03,1138.09,1222.52,4.99,1.61,1.54,1658,159.8,61,0.88,,
1255,car,12144193862,5170783085,1048.26,355.52,1980.79,219.48,4.09,1.86,1.48,1825,162.3,56,0.689,,
1256,car,trim_1958,trim_7523,535.48,1435.78,-959.75,-1234.69,5.07,1.7,1.62,1390,176.2,74,0.805,,
1257,car,trim_8325,trim_6708,-307.08,-1301.64,1050.38,1199.12,4.72,1.84,1.36,1447,165.7,36,0.867,,
1258,car,trim_9539,12143857474,-934.71,-1203.7,440.45,367.41,4.03,1.79,1.59,1788,172.8,44,0.876,,
1259,car,trim_4913,trim_2917,-1362.63,1134.21,-1742.81,1249.26,4.15,1.75,1.55,1366,147.8,16,0.828,,
1260,car,trim_7570,2960326551,-429.13,-778.79,-1522.74,361.15,4.91,1.92,1.54,1321,146.1,72,0.953,,
1261,car,trim_1847,trim_513,-81.11,-820.27,-2090.55,-951.96,5.02,1.73,1.54,1592,141.8,19,0.94,,
1262,car,trim_2853,trim_8964,-1907.46,667.24,92.25,-1395.97,4.75,1.86,1.37,1168,158.5,40,0.68,,
1263,car,trim_7226,trim_7396,-1936.73,-1147.89,-68.89,284.9,4.33,1.94,1.56,1111,176.7,66,0.792,,
1264,car,trim_916,3887993343,-1212.97,-77.58,1674.63,1162.26,4.1,1.95,1.62,1179,147.9,60,0.738,,
1265,car,trim_7824,trim_822,2117.6,-1186.36,-1270.18,182.46,4.85,1.66,1.57,1541,147.5,78,0.976,,
1266,ambulance,2960361528,4225324684,-960.62,-768.61,1937.24,198.13,5.63,2.11,2.68,4154,154.4,43,0.677,a_7035680845,Yashoda Super speciality Hospital
1267,car,3004576870,9168959359,724.25,-194.26,1337.44,-303.01,4.17,1.84,1.59,1204,164.6,38,0.65,,
1268,car,trim_7179,trim_1918,532.34,1090.8,-375.44,-1295.1,4.52,1.84,1.62,1748,171.3,44,0.682,,
1269,car,3840460028,4227743956,-2207.07,1290.27,-890.21,2368.19,4.1,1.72,1.36,1357,176.3,74,0.751,,
1270,car,trim_4274,trim_9377,2052.01,-269.79,-1184.67,485.98,4.67,1.88,1.39,1455,146.3,41,0.745,,
1271,ambulance,9168951446,12901340311,42.68,-555.45,229.47,-311.41,5.51,2.04,2.58,3208,153.8,44,0.673,a_7035744523,Anand Nursing Home Orthopaedic Centre and Maernity Home
1272,car,4225352084,9858060933,-483.33,2274.59,149.1,127.51,4.62,1.94,1.56,1867,159.7,71,0.941,,
1273,car,2960336681,12139823111,-1648.81,-300.08,1911.59,-1463.33,4.59,1.69,1.47,1180,157.7,49,0.683,,
1274,car,trim_3933,9853262752,821.6,-53.11,1306.39,234.72,5.08,1.94,1.39,1145,168.5,18,0.899,,
1275,car,trim_1595,4225172389,-1427.91,-454.52,-377.19,324.87,4.32,1.95,1.45,1891,174.3,35,0.829,,
1276,car,1680108666,12143948730,-1378.27,454.24,1014.34,897.54,4.69,1.66,1.57,1318,142.3,39,0.855,,
1277,bus,9859639823,5170637544,-412.6,-245.66,1103.45,202.69,9.74,2.53,3.54,9453,96.9,77,0.986,,
1278,car,11143615613,11158364725,2378.94,50.73,252.78,-1108.64,4.94,1.64,1.37,1357,171.7,51,0.676,,
1279,car,trim_5342,trim_7934,2483.86,206.49,-1182.63,-1458.63,4.53,1.71,1.61,1855,170.9,57,0.687,,
1280,bus,9859618309,trim_8818,-884.04,-524.13,-2354.81,1497.06,9.25,2.55,3.1,11967,85.3,52,0.816,,
1281,car,4227798241,trim_4139,2379.51,-11.25,-519.44,843.11,4.91,1.77,1.46,1057,169.2,76,0.771,,
1282,car,trim_4119,n_9705,1722.4,917.05,1861.3501227662694,-907.5682987433079,4.63,1.88,1.63,1594,154.7,70,0.944,,
1283,truck,11135769029,trim_3117,1914.07,-767.7,-78.6,11.92,6.46,2.53,3.38,8629,78.1,27,0.794,,
1284,motorcycle,trim_3432,12134115459,-128.36,441.22,-348.37,832.91,2.29,0.8,1.21,184,146.3,23,0.769,,
1285,car,9168883592,trim_7522,-593.05,-1464.17,-1237.07,-964.49,4.15,1.69,1.48,1142,140.6,79,0.814,,
1286,car,trim_6267,trim_9323,-611.47,-729.84,-2478.17,1290.71,4.1,1.71,1.63,1514,170.1,71,0.936,,
1287,motorcycle,trim_8365,9709086995,-502.33,-355.7,-2363.26,183.98,2.03,0.79,1.21,115,156.8,76,0.814,,
1288,truck,trim_5106,4227743930,1652.31,-412.48,-1245.82,1993.33,8.94,2.45,2.6,11621,93.1,32,0.759,,
1289,car,trim_9380,trim_175,-1360.02,453.29,165.51,53.26,4.84,1.76,1.45,1519,161.2,76,0.922,,
1290,car,9844203635,trim_7834,-2356.74,1315.26,2618.54,1155.55,4.26,1.82,1.41,1568,162.9,55,0.701,,
1291,car,trim_3475,trim_207,-487.16,107.59,334.05,-392.63,4.69,1.73,1.44,1028,160.5,58,0.695,,
1292,car,trim_6444,trim_4000,1741.13,243.29,891.86,390.53,4.05,1.64,1.37,1758,171.0,78,0.982,,
1293,car,trim_5010,9854981039,2401.22,-771.5,2099,-556.45,4.62,1.76,1.63,1432,168.4,16,0.835,,
1294,car,trim_4554,trim_4930,-941.58,1291.35,-1444.78,1053.11,4.44,1.71,1.55,1392,156.0,73,0.878,,
1295,car,trim_9166,trim_9563,2433.11,976.73,-448.75,-556.23,5.04,1.75,1.41,1801,157.1,20,0.744,,
1296,car,trim_6686,trim_5888,832.46,649.49,-1902.23,-1387.01,4.03,1.69,1.44,1199,148.0,65,0.894,,
1297,car,11499043124,4227743936,-860.3,1033.82,-1179.07,2064.94,4.68,1.94,1.48,1099,165.4,61,0.684,,
1298,car,trim_9131,trim_3362,1641.14,1431.05,-15.96,477.51,4.25,1.67,1.56,1534,168.8,38,0.742,,
1299,car,trim_2084,trim_2036,2545.28,767.28,1524.15,-290.3,4.58,1.76,1.55,1384,149.4,26,0.863,,
1300,car,trim_4605,trim_8877,-551.18,697.02,2465.12,-942.64,5.01,1.82,1.52,1513,153.4,66,0.747,,
1301,truck,9854981064,4224981073,2115.65,-565.55,-2495.18,854.31,9.94,2.37,3.76,13291,96.2,53,0.836,,
1302,bus,trim_4376,trim_4887,2204.58,850.58,265.59,-1291.7,9.9,2.41,3.54,11672,81.9,47,0.838,,
1303,car,5170633537,4227743751,2222.62,306.32,-670.9,-921.97,4.78,1.9,1.43,1406,149.1,50,0.869,,
1304,car,4227743757,trim_5761,1459.16,-904.62,-1920.75,-1159.05,4.58,1.84,1.55,1505,145.8,22,0.798,,
1305,car,trim_2897,4224981118,-1845.21,916.25,-2330.15,1331.51,4.14,1.85,1.57,1197,163.0,50,0.675,,
1306,car,4225324608,n_9709,1041.84,-276.13,725.7118037109694,271.50650258480954,5.06,1.95,1.58,1401,142.4,38,0.679,,
1307,car,trim_569,2960336685,-1950.34,404.56,-1656.49,-366.88,4.05,1.71,1.62,1467,147.7,68,0.773,,
1308,car,trim_3005,trim_9116,-1985.9,1127.83,-2414.83,-226.44,4.64,1.9,1.39,1220,141.7,51,0.792,,
1309,car,trim_1749,trim_8470,-57.68,-1396.55,2115.77,1043.74,4.42,1.62,1.57,1201,142.2,19,0.745,,
1310,car,trim_7512,9859738798,-1323.9,-984.26,-497.96,-1229.77,4.39,1.65,1.38,1660,158.5,66,0.876,,
1311,car,2960312571,trim_5669,-463.67,-218.45,305.79,-1213.42,4.65,1.67,1.52,1565,173.6,16,0.939,,
1312,car,trim_9042,9859738781,-1241.4,1283.54,-1123.31,-734,4.09,1.8,1.42,1062,168.2,54,0.697,,
1313,car,9168854790,trim_8035,1548.92,1384.89,1241.37,667.2,4.44,1.68,1.37,1841,162.0,22,0.871,,
1314,car,trim_6004,trim_8359,2482.11,-1146.02,-1408.09,-327.28,4.2,1.89,1.4,1604,145.4,47,0.699,,
1315,truck,9843358007,9855691351,-1508.07,1227.76,2433.7,-854.1,7.1,2.42,3.35,5206,77.0,73,0.909,,
1316,motorcycle,trim_2959,trim_5654,-2483.6,1082.33,-1640.54,698.58,2.17,0.82,1.28,227,127.8,19,0.718,,
1317,car,trim_7288,trim_8487,-1619.32,-572.66,-1881.13,-663.85,5.09,1.83,1.56,1807,162.8,51,0.745,,
1318,motorcycle,trim_1965,2960326215,186.35,1281.43,-1113.27,-366.75,1.88,0.85,1.08,209,124.1,52,0.666,,
1319,car,4219222638,trim_5291,2002.86,-1861.54,2065.76,-100.67,5.09,1.71,1.6,1053,149.1,62,0.887,,
1320,car,trim_8790,trim_8746,-1084.56,-1169.45,-449.94,1375.11,4.67,1.7,1.47,1163,170.1,36,0.7,,
1321,car,5170823233,9899655655,1214.09,452.63,-964.31,-35.18,5.09,1.82,1.42,1123,145.4,67,0.813,,
1322,truck,trim_2283,trim_5503,1986.66,1044.29,1260.13,-174.19,7.23,2.3,2.53,7170,82.2,72,0.737,,
1323,car,3887993320,trim_4451,1481.84,1120.38,1902.19,298.86,4.74,1.75,1.49,1840,140.4,70,0.735,,
1324,car,trim_2711,trim_3445,-1916.21,466.22,-246.18,-20.94,4.67,1.86,1.44,1809,142.3,51,0.81,,
1325,car,trim_4315,9859596016,910.28,-81.11,-1034.32,-432.38,4.09,1.92,1.62,1661,162.2,49,0.854,,
1326,car,trim_3528,4227798443,950.58,-450.38,2464.28,444.92,4.03,1.69,1.63,1713,141.9,53,0.765,,
1327,car,9852405455,trim_2498,-2369.58,-326.26,-226.1,1474.7,4.89,1.88,1.63,1015,158.2,36,0.889,,
1328,motorcycle,2960299898,9852405433,-2203.74,1274.37,-2221.68,-163.62,1.87,0.66,1.18,176,151.5,68,0.909,,
1329,car,4227797875,4224981112,974.75,-1621.8,-2570.46,1246.62,4.97,1.76,1.58,1091,176.7,79,0.87,,
1330,ambulance,trim_691,trim_2661,-1241.29,716.6,1562.73,-1642.83,5.91,2.19,2.77,4371,127.3,49,0.463,a_7036050227,"Nagar Hospital, Ghaziabad"
1331,car,9168966501,9857996503,932.12,2239.57,-1345.58,407.61,4.6,1.79,1.63,1139,167.1,34,0.735,,
1332,car,11491162928,5049369468,-178.53,-1107.16,-7.15,-832.44,4.2,1.71,1.36,1860,171.3,59,0.746,,
1333,car,trim_1632,trim_34,-1528.27,-621.67,-1001.79,880.07,4.31,1.69,1.5,1666,177.9,78,0.842,,
1334,ambulance,9885134827,trim_5156,-2458.11,-490.46,2086.61,-241.83,5.95,2.23,2.43,2873,125.2,27,0.695,a_7173737316,DISTRICT MMG MALE HOSPITAL
1335,car,trim_5574,9859655306,2026.17,376.94,-161.41,-560.37,4.5,1.78,1.42,1312,167.5,69,0.892,,
1336,motorcycle,9852893338,trim_8118,-1515.12,-818.78,-549.05,699.85,1.82,0.88,1.39,121,149.9,78,0.853,,
1337,car,6925898202,11080052821,-1807.64,-1573.35,-2261.09,-70.98,4.69,1.68,1.4,1093,178.9,48,0.824,,
1338,car,9168951499,trim_3400,879.53,-1283.91,-430.16,265.95,4.35,1.91,1.58,1445,146.9,34,0.876,,
1339,car,trim_3360,trim_1462,331.96,617.85,-1305.31,-898.18,4.28,1.68,1.49,1147,154.4,53,0.687,,
1340,car,3840484487,trim_3538,2245.83,715.03,-296.29,479.05,4.19,1.84,1.56,1235,175.2,64,0.862,,
1341,car,trim_5199,4220874676,1782.83,-223.15,-504.75,-1757.38,4.21,1.86,1.56,1735,148.1,53,0.724,,
1342,car,5170849701,9857647474,-1609.58,639.8,-723.39,-1251.15,5.0,1.61,1.5,1467,160.3,58,0.653,,
1343,car,5170849687,trim_439,-1455.12,970.27,-2104.86,-711.95,4.88,1.6,1.46,1615,170.6,60,0.668,,
1344,car,trim_9429,trim_8262,-2114.98,200.19,-594.71,-1366.19,4.34,1.88,1.48,1232,168.1,39,0.749,,
1345,car,trim_9681,trim_4899,-1618.52,330.33,-1187.38,1228.95,4.23,1.93,1.53,1285,149.3,39,0.763,,
1346,car,trim_2882,trim_586,-1801.81,475.3,-1775.15,690.21,4.35,1.66,1.62,1511,140.7,26,0.871,,
1347,car,trim_6945,trim_4481,2200.84,1257.86,-346.87,767.67,4.09,1.88,1.39,1589,162.9,36,0.688,,
1348,car,11909810163,9843592172,2019.55,-603.1,2057.3,609.28,4.08,1.92,1.64,1692,148.7,35,0.798,,
1349,motorcycle,trim_8438,2960361579,1921.64,677.16,-1398.68,-503.62,2.13,0.8,1.13,147,136.8,35,0.811,,
1350,car,trim_3189,9859738809,481.82,-1168.36,-678.2,-1143.96,4.68,1.7,1.58,1162,157.3,25,0.734,,
1351,ambulance,trim_4329,trim_9572,796.88,358.46,1295.89,-1436.01,6.12,2.01,2.7,3179,127.8,29,0.506,b_1360703247,Hospital (building b_1360703247)
1352,truck,trim_5919,2960336671,-983.71,881.53,-1587.66,-399.82,11.11,2.31,3.25,14368,76.7,36,0.666,,
1353,car,trim_1262,9859595986,-1387.93,250.6,299.52,-1155.55,4.19,1.65,1.63,1156,143.1,53,0.778,,
1354,car,trim_3623,trim_9160,-426.06,-496.56,2333.07,714.4,4.78,1.79,1.61,1489,161.4,67,0.744,,
1355,car,trim_6247,trim_2317,-1416.17,-1431.08,708.46,516.21,4.84,1.64,1.45,1501,142.3,55,0.897,,
1356,car,trim_1614,5170823232,-1352.86,-720.29,1180.17,450.79,4.92,1.84,1.36,1349,162.8,80,1.029,,
1357,car,4225077392,2960299964,-2100.86,918.3,-1583.55,505.75,4.7,1.77,1.6,1469,171.0,65,0.809,,
1358,car,9854981065,trim_1895,2130.88,-554.12,-348.31,-1109.95,4.44,1.71,1.57,1536,169.0,43,0.724,,
1359,car,trim_3456,9843687268,1186.92,-926.9,2419.45,695.91,4.67,1.85,1.48,1130,143.0,39,0.654,,
1360,car,trim_2563,5049369465,1496.42,1043.51,-37.65,-839.38,4.05,1.66,1.43,1195,178.9,52,0.833,,
1361,car,trim_674,9857750374,-1556.57,631.83,-98.34,-1062.27,4.63,1.9,1.61,1081,174.5,73,0.768,,
1362,car,2960336693,trim_6844,-1590.02,-401.04,-2280.5,283.79,4.65,1.81,1.53,1518,161.1,36,0.778,,
1363,car,trim_2026,trim_4184,1541.53,89.87,2489.69,708.71,4.81,1.61,1.42,1389,156.4,37,0.827,,
1364,bus,trim_1799,trim_6306,-222.4,-839.72,-1078.18,-1542.45,10.22,2.44,3.1,10020,86.3,40,0.868,,
1365,car,trim_30,trim_9199,-709.69,-1844.7,1417.87,624.43,4.69,1.71,1.4,1220,161.2,46,0.787,,
1366,car,11490977076,9168854810,-457.55,-1483.93,2063.22,1117.41,4.61,1.66,1.48,1729,146.8,23,0.665,,
1367,car,trim_2457,2970305379,-2359.12,823.85,-1032.52,1043.48,4.77,1.66,1.49,1393,149.8,45,0.694,,
1368,car,trim_2383,trim_878,-425.3,1296.84,-1299.8,-345.73,4.23,1.91,1.53,1347,171.6,42,0.704,,
1369,car,trim_2891,9709086985,-1950.03,685.6,-2477.57,8.12,4.99,1.63,1.45,1103,165.2,67,0.714,,
1370,car,trim_3014,3004576907,-1647.53,1275.43,672.016200672027,810.499727743219,4.27,1.79,1.64,1098,178.9,40,0.689,,
1371,car,trim_2736,trim_7295,-1846.2,647.37,-1651.48,-578.28,4.17,1.92,1.57,1137,166.9,44,0.737,,
1372,car,9857157147,5170849693,1793.77,-463.88,-1567.15,877.11,4.81,1.85,1.37,1429,168.3,18,0.842,,
1373,car,trim_2673,5171030839,-2405.94,-743.13,-1962.18,806.82,4.54,1.63,1.36,1680,168.9,37,0.652,,
1374,car,6294257360,trim_4490,-2438.72,-782.63,-981.92,884.49,4.57,1.9,1.59,1223,143.0,32,0.767,,
1375,car,2960300013,trim_607,-1558.88,689.07,-2483.71,201.1,4.13,1.92,1.56,1317,163.7,47,0.785,,
1376,car,9855373897,9843437522,2247.08,-1298.64,2053.44,1337.35,4.73,1.66,1.55,1892,172.9,35,0.825,,
1377,car,9858060958,trim_89,-272.14,490.89,705.34,197.21,4.77,1.89,1.51,1687,164.5,61,0.794,,
1378,car,9168951446,12096791263,42.68,-555.45,1155.93,38.23,4.36,1.67,1.54,1534,175.6,36,0.736,,
1379,car,trim_5355,trim_2256,2043.32,-235.53,-600.41,127.84,4.3,1.75,1.54,1688,169.5,33,0.795,,
1380,car,4225172359,trim_8302,-344.8,235.99,-1994.43,-820.94,4.49,1.82,1.39,1556,156.9,54,0.666,,
1381,car,trim_6095,11168866173,-1179.7,730.44,-434.77,1006.44,4.68,1.77,1.52,1498,163.8,55,0.822,,
1382,car,trim_2882,trim_4785,-1801.81,475.3,1633.04,-1027.51,4.62,1.84,1.61,1256,151.0,40,0.851,,
1383,car,trim_431,9843170046,-2304.41,134.68,-1655.75,632.68,4.93,1.64,1.49,1260,158.3,59,0.702,,
1384,bus,trim_9551,trim_2498,-837.76,-985.27,-226.1,1474.7,10.88,2.51,3.6,9758,87.5,19,0.776,,
1385,car,trim_2548,trim_7277,1771.97,653.43,-1642.86,-1107.39,4.87,1.66,1.54,1726,175.0,57,0.891,,
1386,car,9853276944,9168897692,2047.19,407.56,-332.88,-897.21,4.98,1.61,1.47,1865,141.6,67,0.742,,
1387,car,trim_6761,11198935208,-481.26,215.58,-1893.28,-679.83,4.07,1.89,1.4,1481,150.1,29,0.843,,
1388,motorcycle,9168883592,11499113730,-593.05,-1464.17,-542.73,1193.29,2.24,0.79,1.12,210,92.9,77,0.846,,
1389,car,trim_3655,trim_4585,-1257.35,-1253.83,-562.17,773.77,4.61,1.82,1.57,1236,174.2,29,0.788,,
1390,car,9844203624,2962838264,-2473.05,1138.89,-296.69,-1606.83,4.26,1.65,1.64,1709,176.6,22,0.65,,
1391,car,trim_549,12143938633,-1416.56,-257.38,511.75,1138.6,4.38,1.74,1.55,1092,175.5,61,0.811,,
1392,car,trim_5746,trim_9129,-1891.5,-1130.14,1875.72,1242.02,4.43,1.63,1.43,1509,173.0,53,0.758,,
1393,car,trim_6734,trim_776,-502.09,913.59,-1065.25,-520.28,4.55,1.77,1.57,1018,144.7,76,0.8,,
1394,motorcycle,trim_4722,trim_1265,-179.83,-966.59,-1350.36,334.22,2.2,0.66,1.27,141,116.1,31,0.662,,
1395,car,trim_3982,4227797928,865.88,816.16,1906.77,-762.77,4.14,1.81,1.36,1436,166.6,70,0.84,,
1396,motorcycle,9852964133,trim_5952,-2488.15,385.69,-1055.24,-1379.72,2.26,0.69,1.38,167,145.1,32,0.679,,
1397,car,12098580600,trim_2262,1924.43,134.71,-392.42,-162.8,4.66,1.91,1.39,1839,170.7,39,0.885,,
1398,car,trim_3523,trim_6446,1156.43,-671.49,1819.25,329.18,4.67,1.72,1.41,1572,166.4,72,0.918,,
1399,truck,10044811636,trim_6915,-90.44,-2319.12,-1744.11,664.24,7.84,2.57,2.89,8174,93.6,63,0.799,,
1400,car,trim_3287,trim_8200,-540.44,449.24,-1079,839.48,4.36,1.63,1.6,1209,149.0,16,0.922,,
1401,car,12107569869,trim_5306,645.17,-376.63,1130.99,129.61,4.32,1.86,1.42,1150,173.2,23,0.651,,
1402,car,4227798247,trim_2721,2110.72,4.21,-2400.86,408.19,4.14,1.66,1.38,1782,177.2,76,0.819,,
1403,car,11080052828,trim_7476,-2291.26,-82.49,-1367.43,379.81,4.16,1.94,1.5,1383,150.8,47,0.804,,
1404,car,trim_2381,trim_4020,-501.82,1283,1708.56,644.73,4.78,1.71,1.45,1163,166.7,37,0.82,,
1405,bus,trim_8299,trim_3893,1791.64,558.32,943.18,137.77,11.49,2.46,3.24,13865,79.8,63,0.804,,
1406,motorcycle,trim_6893,4227743723,-1585.84,840.69,222.2,-1095.8,1.83,0.88,1.24,206,115.4,27,0.715,,
1407,car,trim_2923,trim_4113,-1819.41,1326.67,2201.06,850.01,4.3,1.68,1.46,1193,170.9,54,0.76,,
1408,car,11059051403,2960361527,-435.14,-261.55,-973.78,-827.33,4.82,1.86,1.38,1711,158.4,61,0.795,,
1409,car,9168951432,trim_1577,535.36,-210.23,-1162.4,-725.13,5.08,1.76,1.43,1763,164.1,20,0.763,,
1410,ambulance,13968415817,trim_2883,-1611.12,277.74,-2200.99,684.95,6.01,2.01,2.49,3560,136.9,24,0.622,b_352921089,Santosh hospital
1411,car,trim_5546,9857647506,2161.46,604.11,-578.6,-1227.74,4.71,1.92,1.64,1384,141.5,76,0.887,,
1412,car,8838171102,trim_6544,-1287.97,-377.44,965.89,-1105.98,4.89,1.79,1.46,1157,161.7,41,0.652,,
1413,car,11491243646,trim_4336,-625.87,-1195.73,-311.64,1314.86,4.48,1.71,1.37,1163,157.8,55,0.752,,
1414,car,trim_9257,9843057340,-1036.78,-1028.86,-2674.01,1160.8,4.23,1.71,1.42,1731,171.4,22,0.675,,
1415,car,trim_8714,trim_7806,-874.18,1140.05,201.07,-1521.98,4.12,1.75,1.49,1263,174.8,79,0.812,,
1416,car,trim_653,trim_671,-1884.14,515.3,-1609.26,625.87,4.82,1.93,1.53,1358,177.3,55,0.706,,
1417,motorcycle,trim_3787,trim_2814,-1301.87,-1155,-2358.91,751.86,1.87,0.8,1.14,166,145.6,49,0.893,,
1418,car,4227798445,2960361540,1889.41,448.08,-1137.58,-574.33,4.67,1.8,1.59,1621,144.5,59,0.77,,
1419,car,trim_4156,trim_8497,-488.74,1125.29,-1979.76,-1218.53,4.58,1.68,1.63,1638,146.5,26,0.785,,
1420,motorcycle,5171028512,trim_2748,-2534.87,139.15,-2066.82,514.63,2.06,0.88,1.11,154,109.4,54,0.805,,
1421,car,4223620664,9857635272,-2415.19,-503.4,-470.4,-1099.4,4.74,1.85,1.52,1394,162.4,63,0.856,,
1422,car,2960312520,trim_7055,-1268.52,-404.25,-2353.34,622.4,4.36,1.85,1.45,1468,177.8,30,0.861,,
1423,car,trim_8404,trim_3567,-1044.03,-513.82,898.39,-868.83,4.16,1.75,1.53,1658,164.4,25,0.855,,
1424,car,9855373892,2960312572,2276.91,-1288.97,-461.51,-219.07,4.59,1.82,1.62,1407,143.3,17,1.002,,
1425,car,trim_6159,trim_5845,-1345.13,-694.51,-898.97,874.12,4.58,1.92,1.43,1296,144.0,50,0.849,,
1426,car,4227743780,trim_5642,1422.8,-111.6,-1926.78,1907.46,4.55,1.91,1.51,1352,160.9,26,0.696,,
1427,car,trim_5387,2960336786,1371.76,434.3,-1173.69,383.95,4.03,1.78,1.45,1391,161.5,26,0.795,,
1428,car,9857987914,4225076171,-138.43,37.89,-2249.99,620.34,4.92,1.63,1.63,1303,140.5,18,0.924,,
1429,car,9859655302,3960095904,-301.1,-373.81,-1120.26,615.75,5.01,1.94,1.57,1567,146.7,29,0.761,,
1430,car,trim_6732,trim_9597,-472.64,1049.19,-1456.66,-133.7,4.41,1.65,1.61,1832,163.4,44,0.856,,
1431,ambulance,trim_3341,457278207,-248.45,-188.74,70.96,381.99,5.59,2.25,2.54,3509,150.0,75,0.79,b_353140064,Shree Parshvanath Digambar Jain Charitable Hospital
1432,car,6928966890,trim_1144,-1776.3,-1489.17,-1717.8,238.8,4.92,1.71,1.39,1355,169.8,31,0.68,,
1433,car,5170799983,9857249961,2172.6,502.75,-1865.94,-583.85,4.64,1.6,1.64,1479,174.1,76,0.837,,
1434,car,trim_6070,9168959334,-1548.1,188.64,-262.72,-1518.35,4.35,1.64,1.57,1038,142.4,57,0.857,,
1435,car,9852405427,trim_7721,-2228.16,-98.87,339.95,-929.65,4.94,1.85,1.36,1295,175.2,54,0.703,,
1436,car,5170849692,4227798198,-1556.15,897.09,1306.56,-99.27,4.44,1.92,1.63,1716,161.2,42,0.745,,
1437,car,trim_2782,trim_6677,-2379.94,331.87,948.27,125.14,5.01,1.63,1.56,1459,164.0,47,0.702,,
1438,car,trim_9187,trim_7433,2235.15,493.7,-2327.44,-135.87,4.68,1.85,1.54,1490,179.0,71,0.733,,
1439,truck,9857249942,11909810176,-1463.77,278.08,2346.55,-921.61,8.7,2.37,3.35,14469,94.6,46,0.796,,
1440,car,trim_8078,trim_5163,-745.21,846.38,1793.64,-392.36,4.39,1.88,1.38,1342,149.8,21,0.815,,
1441,car,trim_7556,5170849698,-527.37,-988.78,-1620.93,707.11,5.0,1.77,1.4,1025,146.3,69,0.939,,
1442,car,trim_1045,trim_112,-961.52,128.21,-316.38,603.97,4.45,1.72,1.42,1159,143.3,48,0.714,,
1443,car,trim_9541,trim_7731,-906.47,-1162.57,-49.95,-86.91,4.75,1.63,1.62,1561,167.9,57,0.809,,
1444,car,9168965286,trim_9198,1388.84,107.31,1914.16,953.77,4.59,1.89,1.63,1369,150.6,63,0.891,,
1445,motorcycle,11149743463,4227798217,-2585.4,-945.84,2042.34,-53.03,2.13,0.79,1.1,257,90.6,34,0.772,,
1446,car,trim_4425,12141557824,1011.17,-98.76,-2313.8,1389.27,4.15,1.9,1.61,1237,150.4,50,0.763,,
1447,car,2960312572,trim_6162,-461.51,-219.07,-1422.52,-626.8,4.64,1.81,1.59,1834,163.0,21,0.755,,
1448,car,trim_612,6202106507,-2376.2,332.28,1825.3,-913.13,4.76,1.9,1.55,1546,178.6,16,0.942,,
1449,car,9168951488,12088347353,520.11,-1101.56,-1877.44,700.33,4.59,1.9,1.63,1458,170.6,56,0.839,,
1450,car,12109637076,9843687267,2231.56,1118.59,2403.2,699.04,4.94,1.68,1.6,1296,169.9,74,0.774,,
1451,car,12088417515,trim_6432,-2299.29,687.92,1998.35,415.94,4.5,1.91,1.36,1871,172.2,31,0.847,,
1452,car,trim_1596,trim_45,-1441.92,-447.01,74.11,478.4,4.92,1.89,1.58,1689,141.4,55,0.887,,
1453,car,10187645415,trim_669,-27.66,1027.18,-1659.27,615.39,4.84,1.92,1.5,1185,158.8,61,0.89,,
1454,car,trim_5276,trim_7529,1905.09,-46.4,-1073.49,-923.86,4.26,1.74,1.58,1405,173.2,28,0.708,,
1455,car,trim_6247,12134045453,-1416.17,-1431.08,-126.66,302.69,4.01,1.92,1.63,1314,160.5,69,0.932,,
1456,truck,trim_5053,13944573784,1936.08,-294.58,-242.44,687.21,6.77,2.34,2.84,6835,71.2,49,0.667,,
1457,car,trim_1763,trim_3530,-94.01,-1484.88,1193.36,-585.16,4.95,1.68,1.38,1031,166.1,73,0.845,,
1458,car,trim_1492,trim_9699,-1352.19,-1324.42,2133.27,-1048.68,4.83,1.62,1.37,1621,167.6,50,0.675,,
1459,car,4225324644,12096819275,1087.24,-4.03,1142.85,-307.13,4.3,1.95,1.42,1496,143.0,77,0.949,,
1460,car,trim_9166,trim_9487,2433.11,976.73,216.99,-330.09,5.05,1.92,1.39,1249,178.1,19,0.857,,
1461,motorcycle,4225219758,11407830137,-1089.6,-1017.69,-584.97,2137.7,2.04,0.84,1.39,240,130.2,42,0.696,,
1462,car,trim_3334,trim_60,139.8,338.31,163.95,-187.05,5.09,1.89,1.59,1167,140.6,43,0.693,,
1463,car,trim_126,trim_7843,152.63,-789.35,2019.07,1037.38,4.59,1.82,1.36,1275,161.0,28,0.822,,
1464,car,4225324644,9857583734,1087.24,-4.03,-1105.95,-366.65,4.52,1.65,1.47,1625,146.8,35,0.845,,
1465,car,11013660004,trim_4484,-2063.34,-1156.95,-920.43,674.74,4.37,1.88,1.47,1722,168.9,24,0.793,,
1466,car,trim_5368,9852961439,1762.94,-279.86,-2550.28,77.03,5.05,1.8,1.35,1418,164.2,19,0.725,,
1467,motorcycle,4225077405,11079279977,-2140.22,961.15,2034.58,504.72,1.87,0.89,1.25,112,145.9,43,0.804,,
1468,bus,trim_3485,trim_5040,462.34,-646.39,1912.75,-90.92,11.63,2.41,3.27,8961,73.3,64,0.792,,
1469,car,trim_1457,12129482868,-1625.47,-795.92,-1282.81,627.02,4.52,1.63,1.47,1128,144.8,48,0.729,,
1470,motorcycle,trim_4964,2960326568,307.83,-1441.56,-2019.25,230.25,1.94,0.75,1.09,184,129.9,24,0.768,,
1471,car,trim_7934,4225077501,-1182.63,-1458.63,-1678.73,1260.68,4.28,1.69,1.37,1881,173.0,54,0.723,,
1472,car,trim_6468,trim_4995,1590.3,483.2,1574.56,-592.33,4.4,1.63,1.47,1130,147.2,50,0.839,,
1473,car,trim_7333,trim_1543,1042.17,353.77,-1010.9,-950.44,5.01,1.83,1.36,1244,169.7,73,0.929,,
1474,car,trim_668,4225219828,-1696.19,605.19,-457.84,-532.16,4.2,1.82,1.41,1164,165.7,61,0.729,,
1475,car,4227798305,4225324729,2094.48,128.65,1568.08,392.3,4.52,1.63,1.49,1737,168.8,19,0.953,,
1476,car,trim_3216,5170823231,204.32,265.68,1110.81,437,4.3,1.72,1.56,1526,154.0,64,0.659,,
1477,truck,trim_9356,trim_2276,860.77,831.67,1081.35,883.34,9.45,2.33,3.74,10907,97.7,27,0.693,,
1478,car,trim_9043,trim_5820,-1273.38,1320.51,-724.4,746.46,4.97,1.95,1.56,1659,172.1,68,0.744,,
1479,motorcycle,trim_2379,trim_4670,-556.08,1273.18,-1272.44,1604.63,2.2,0.88,1.23,173,105.0,64,0.9,,
1480,car,9852961426,trim_5786,-1427.31,-1201.26,-1643.17,-1103.92,4.55,1.69,1.49,1021,170.0,72,0.925,,
1481,car,2970305426,4225172204,-729.63,1765.67,354.3,-582.52,5.07,1.64,1.36,1262,173.9,32,0.671,,
1482,car,trim_5515,2960299874,2429.31,-1084.15,-1633.54,265.79,4.06,1.8,1.57,1476,173.0,41,0.748,,
1483,car,12124137957,trim_865,-522.81,-793.69,-1029.74,-189.92,4.14,1.67,1.45,1207,161.6,71,0.778,,
1484,motorcycle,trim_1435,9843170047,-2373.23,-489.96,-1655.71,642.14,1.88,0.71,1.39,172,109.2,39,0.687,,
1485,car,2962837696,trim_531,-92.75,-1330.98,-1636.28,-1113.36,4.18,1.95,1.41,1654,167.5,34,0.867,,
1486,car,3085851336,11198935218,1348.07,1912.61,-1902.3,-722.79,4.36,1.91,1.58,1002,140.8,64,0.712,,
1487,car,trim_8895,trim_1647,2371.73,-886.26,-1613.89,-764.45,4.79,1.74,1.42,1100,140.2,27,0.68,,
1488,car,4227798409,9709086990,2060.42,375.44,-2283.11,280.12,4.88,1.61,1.64,1765,155.4,35,0.855,,
1489,car,trim_7343,trim_9346,1072.09,10.2,1026.62,982.84,4.54,1.93,1.57,1524,161.3,74,0.925,,
1490,truck,9859639826,trim_558,-412.77,-207.94,-1538.92,24.33,8.33,2.46,3.45,8302,99.7,26,0.886,,
1491,car,trim_1907,trim_7902,-147.69,-1153.78,89.31,759.55,4.47,1.95,1.47,1037,140.9,51,0.821,,
1492,car,trim_5411,trim_9637,2110.55,5.4,-1301.58,1005.68,4.13,1.63,1.6,1858,143.3,28,0.781,,
1493,car,trim_80,trim_6800,216.09,-803.83,1762.93,921.91,4.1,1.81,1.54,1625,153.2,34,0.84,,
1494,car,trim_7304,4225324812,-1254.24,-781.82,2444.65,794.36,4.17,1.61,1.54,1724,166.6,24,0.741,,
1495,car,trim_6713,2960358785,1386.68,818.15,-1649.33,-134.92,4.26,1.74,1.36,1289,177.7,48,0.721,,
1496,car,trim_1239,trim_3122,-1436.68,-261.72,493.65,-128.9,4.3,1.74,1.48,1645,143.8,33,0.717,,
1497,car,2960326537,trim_4718,-1432.38,370.75,-200.97,-949.31,4.02,1.65,1.58,1819,167.5,35,0.88,,
1498,car,trim_931,5170655688,-1028.18,227,1916.63,-56,4.56,1.81,1.58,1871,146.0,66,0.695,,
1499,car,9859660234,9168881216,-165.65,-554.52,2016.38,624.16,4.55,1.62,1.43,1292,145.4,45,0.847,,
1500,car,trim_6887,12165533326,1762.38,1536.87,-1299.93,451.34,5.07,1.74,1.4,1837,153.8,74,0.744,,
1501,truck,10259407503,trim_159,2411.42,-1039.46,305.64,-890.58,6.96,2.33,3.5,15455,86.5,58,0.677,,
1502,car,trim_6972,trim_5549,1913.13,543.9,1126.33,1458.09,4.46,1.62,1.4,1568,153.1,18,0.812,,
1503,car,2962837729,2960336668,-385.11,-1536.33,-1576.51,-356.34,4.44,1.91,1.37,1541,148.8,49,0.757,,
1504,car,9852378903,2960361555,-2017.1,-901.89,-1040.31,-604.52,4.09,1.8,1.51,1412,141.2,38,0.7,,
1505,motorcycle,13852443488,trim_6439,-1499.93,-1246.95,1775.05,378.03,2.08,0.9,1.27,120,96.3,19,0.874,,
1506,truck,11006730400,trim_9610,1963.04,-609.51,-546.82,16.27,10.29,2.3,3.46,9787,79.8,49,0.728,,
1507,car,trim_3804,2960312509,-777.1,-783.95,-1407.47,-280.44,5.07,1.71,1.4,1130,157.6,44,0.863,,
1508,car,7219691569,trim_98,2348.22,-1291.73,230.88,700.48,4.91,1.61,1.54,1300,140.3,79,0.97,,
1509,car,9857196225,trim_864,-2328.06,-135.82,-1067.17,-215.2,5.08,1.94,1.44,1761,150.4,60,0.79,,
1510,car,9844203653,trim_7877,-2436.21,1212.3,537.44,-751.94,4.54,1.74,1.4,1846,170.3,32,0.857,,
1511,car,trim_3218,9855014943,209.5,237.92,1547.55,-609.98,4.43,1.95,1.5,1763,168.1,65,0.884,,
1512,car,9880891784,trim_1200,1052.16,878.29,-1777.86,-405.16,4.44,1.65,1.39,1885,178.3,72,0.941,,
1513,car,11059063630,trim_1933,-2481.64,70.77,-451.37,-1381.16,4.6,1.78,1.6,1711,151.7,75,0.957,,
1514,car,9843992526,trim_9025,-2327.79,905.5,1147.52,-302.1,4.64,1.82,1.46,1033,179.0,29,0.852,,
1515,motorcycle,trim_3985,trim_6086,1216.14,875.97,-1844.45,919.44,2.08,0.9,1.39,129,111.9,50,0.853,,
1516,motorcycle,trim_6361,2960361552,2182.92,824.93,-1057,-625.82,1.95,0.75,1.31,167,100.7,30,0.688,,
1517,truck,trim_6373,trim_8206,2108.26,714.71,-1683.79,-643.58,9.82,2.55,3.29,13263,74.9,48,0.794,,
1518,motorcycle,4225170871,trim_5761,427.92,-1132.14,-1920.75,-1159.05,2.28,0.81,1.15,152,147.3,31,0.675,,
1519,car,4227743679,trim_2011,250.89,-1429.23,-385.24,19.85,4.54,1.67,1.52,1478,158.5,16,1.014,,
1520,bus,trim_3028,trim_9247,-1246.33,1408.17,2245.7,612.62,10.07,2.47,3.35,9725,96.2,80,1.002,,
1521,car,9857750346,trim_2175,-600.58,-860.18,214.21,-1101.58,4.58,1.7,1.59,1483,179.7,67,0.735,,
1522,car,trim_409,6294258020,-2113.71,136.5,-2049.16,-1068.46,4.38,1.63,1.38,1039,143.6,63,0.728,,
1523,car,trim_2634,trim_6188,-1132.02,637.45,-1382.29,-834.08,4.31,1.88,1.41,1777,144.7,67,0.683,,
1524,car,trim_2262,2960366930,-392.42,-162.8,-1523.99,-788.83,5.05,1.75,1.6,1216,145.7,80,0.896,,
1525,car,trim_1870,9855693607,-659.78,-478.39,1634.86,116.14,4.18,1.95,1.41,1535,162.0,22,0.67,,
1526,car,trim_8013,trim_5130,-1126.86,-888.59,2479.9,-706.52,4.04,1.6,1.44,1843,172.5,46,0.677,,
1527,car,trim_2578,trim_2969,1394.18,1023.09,-2211.52,1132.9,4.82,1.81,1.49,1587,156.6,29,0.871,,
1528,motorcycle,9852348504,11491683792,-1449.88,-444.53,434.81,719.51,2.24,0.69,1.4,163,140.1,22,0.83,,
1529,car,4219134347,12901340307,112.95,-2132.66,230.2,-304.12,4.64,1.7,1.64,1420,161.0,62,0.88,,
1530,car,trim_872,trim_7409,-1293.47,-240.07,2014.11,186.71,4.08,1.94,1.45,1304,146.6,31,0.656,,
1531,motorcycle,9855014976,2970305468,1573.07,-358.87,-554.86,2185.29,2.06,0.87,1.21,222,123.0,75,0.9,,
1532,car,9859601719,11491501686,-1033.64,-438.61,282.24,-1222.87,4.25,1.64,1.47,1384,162.1,30,0.845,,
1533,car,trim_9303,trim_3635,-1539.74,1146.29,-577.37,-928.01,4.17,1.91,1.55,1791,163.5,65,0.713,,
1534,car,trim_2783,trim_427,-2351.64,619.45,-1900.13,35.73,4.13,1.67,1.45,1204,157.9,69,0.83,,
1535,motorcycle,trim_2273,trim_7889,1044.36,877.01,-2457.24,-489.1,2.25,0.7,1.15,112,140.6,62,0.846,,
1536,car,trim_5651,2962860505,-1346.31,798.73,-149.44,-1152,5.07,1.61,1.4,1231,174.7,40,0.85,,
1537,car,trim_3712,trim_2835,-773.68,-1503.34,-2406.98,595.77,5.06,1.66,1.6,1352,141.5,65,0.801,,
1538,car,2960326748,trim_326,-1552.17,9.7,91.78,694.49,4.61,1.9,1.43,1600,140.8,72,0.891,,
1539,truck,trim_6321,trim_9627,1941.47,1327.49,242.03,-1123.15,8.62,2.51,2.82,14347,97.4,62,0.824,,
1540,car,4227743701,12144193862,-917.29,-1279.35,1048.26,355.52,4.1,1.62,1.38,1366,151.9,34,0.747,,
1541,car,5170815476,trim_2716,-956.32,-1644.97,-1820.94,609.23,5.02,1.68,1.46,1881,178.2,49,0.873,,
1542,car,n_9708,11909810152,1308.4913959594169,-472.66016536556515,2211.75,-471.87,4.93,1.85,1.56,1558,174.6,33,0.722,,
1543,car,trim_1755,9855691350,-168.97,-1503.8,2433.28,-845.72,4.55,1.68,1.35,1822,169.5,25,0.854,,
1544,car,trim_4501,trim_9466,1751.45,783.01,100.04,-1143.72,4.25,1.65,1.46,1064,159.1,62,0.841,,
1545,car,4227743647,trim_1973,252.62,-1542.87,132.62,983.42,5.09,1.84,1.47,1715,149.2,58,0.708,,
1546,ambulance,4225324816,trim_1975,1136.85,802.27,126.17,953.2,5.59,2.0,2.41,2737,150.4,79,0.695,b_9710,Hospital (building b_9710)
1547,car,trim_1142,trim_9400,-1833.9,219.45,1861.2790265928284,-918.7958053185657,4.54,1.89,1.53,1382,178.4,56,0.768,,
1548,car,trim_2390,trim_4258,-60.68,1362.81,1024.32,167.76,4.35,1.87,1.61,1123,170.8,73,0.957,,
1549,car,trim_4830,trim_7508,933.62,743.9,-1219.94,-858.17,4.11,1.68,1.46,1507,160.3,59,0.741,,
1550,car,2970305129,trim_3389,2036.19,-1068.66,-235.33,507.17,4.94,1.82,1.58,1731,158.5,45,0.834,,
1551,car,trim_5751,2970305112,-1895.28,-1067.8,2186.71,-1302.79,4.33,1.7,1.58,1758,154.8,51,0.756,,
1552,car,trim_3883,6925898197,874.13,286.55,-1898.64,-1550.11,4.39,1.75,1.36,1183,173.1,75,0.781,,
1553,car,trim_42,9852938606,88.06,599.48,-1246.83,-687.73,4.29,1.83,1.51,1577,149.2,23,0.704,,
1554,car,trim_7062,trim_2146,-2120.42,724.72,1872.85,949.89,4.34,1.68,1.35,1167,157.7,25,0.86,,
1555,car,2960299994,trim_1731,-1709.91,680.95,25.43,-1402.28,4.36,1.76,1.4,1045,162.5,58,0.715,,
1556,motorcycle,2960299862,4224980842,-1250.21,-729.15,-2357.96,459.52,2.14,0.75,1.1,178,128.9,54,0.899,,
1557,car,9843168321,trim_3031,-1607.15,847.05,-2299.75,1031.79,4.47,1.65,1.48,1803,167.3,34,0.77,,
1558,car,trim_253,11490986515,-192.18,-451.55,170.34,-1327.16,4.92,1.67,1.45,1654,178.7,67,0.789,,
1559,car,3887993306,12096791263,1570.82,1039.19,1155.93,38.23,4.39,1.64,1.62,1388,160.2,76,0.912,,
1560,motorcycle,trim_6839,9852414804,-2304.07,309.24,-2422.9,-815.47,2.14,0.66,1.14,248,126.6,66,0.808,,
1561,car,trim_6419,trim_6587,2349.53,591.93,781.42,-1285.86,4.06,1.72,1.46,1212,140.2,19,0.882,,
1562,motorcycle,4227743765,4225172353,-681,-844.28,-144.38,217.97,2.19,0.77,1.25,221,157.0,57,0.799,,
1563,ambulance,2960361528,trim_490,-960.62,-768.61,-1748.74,1004.07,5.93,2.08,2.4,2884,146.2,57,0.553,bn_6888421987,Hospital (building bn_6888421987)
1564,car,trim_9004,trim_7515,-742.26,-487.6,-1276.11,-1037.23,4.52,1.81,1.49,1640,153.8,36,0.759,,
1565,car,trim_3496,3840470135,-16.1,-66.83,393.88,1535.71,4.77,1.61,1.6,1474,145.9,39,0.769,,
1566,bus,7222735483,5171028517,75.52,-1581,-2437.94,256.24,11.62,2.43,3.44,9082,91.2,38,0.886,,
1567,car,4225324687,2960299934,771.74,215.88,-1984.29,788.7,4.11,1.87,1.6,1747,166.0,78,0.886,,
1568,car,trim_4240,trim_7078,1976.48,155.69,-2125.91,777.37,4.12,1.66,1.58,1142,175.3,63,0.679,,
1569,car,14063521243,trim_4839,2126.82,-1014.8,-397.16,-939.29,4.61,1.8,1.42,1337,177.6,70,0.939,,
1570,car,trim_6244,trim_4692,-1362.5,-1336.09,1331.45,48.56,4.64,1.88,1.41,1809,169.9,17,0.794,,
1571,car,trim_1227,trim_5175,-1433.43,-262.9,1975.08,-889.61,4.2,1.74,1.5,1070,156.9,19,0.927,,
1572,car,trim_6908,trim_4927,-2046.52,1073.35,-1453.01,1112.83,4.97,1.87,1.63,1726,143.2,40,0.761,,
1573,car,trim_7238,2960358832,-2299.81,-94.95,-2430.76,-434.34,4.98,1.84,1.63,1262,147.9,39,0.753,,
1574,car,trim_4940,9855014942,-1639.79,1250.34,1558.99,-608.38,4.28,1.7,1.52,1768,174.5,72,0.76,,
1575,car,11909810173,9852338766,2164.48,-696.82,-1834.89,-304.08,4.49,1.94,1.62,1005,148.9,20,0.865,,
1576,motorcycle,2960361567,9843462197,-1359.18,-641.83,1349.35,803.58,1.93,0.69,1.17,219,147.2,57,0.677,,
1577,car,trim_3603,9168965308,-251.41,198.81,1398.28,335.21,4.81,1.68,1.49,1142,170.3,39,0.785,,
1578,car,trim_7720,9857157134,369.2,-749.45,1150.63,-197.66,4.98,1.64,1.47,1313,141.9,70,0.715,,
1579,motorcycle,trim_6241,trim_4895,-890.4,-1141.56,-1235.1,1281.8,2.16,0.76,1.28,234,121.8,37,0.788,,
1580,car,trim_9526,9168854793,1671.74,950.29,1964.29,1258.8,5.07,1.81,1.43,1674,163.5,18,0.853,,
1581,car,9857647512,12088347353,-595.59,-1460.68,-1877.44,700.33,4.95,1.75,1.59,1377,159.8,62,0.838,,
1582,car,11491066024,trim_1891,47.91,-1375.62,-385.52,-1074.03,4.02,1.62,1.35,1643,144.1,37,0.799,,
1583,car,trim_4987,trim_5164,1652.5,-472.75,1933.68,-293.61,4.85,1.92,1.58,1850,175.3,46,0.805,,
1584,car,trim_5856,9844049036,2195.69,-718.14,1071.02,-1699.87,4.6,1.92,1.53,1156,146.3,40,0.712,,
1585,motorcycle,trim_7793,5170894031,576.81,-986.08,-1104.31,-1533.5,2.28,0.71,1.07,133,116.2,58,0.736,,
1586,car,9168861170,trim_6383,-406.79,-364.88,2171.86,697.75,4.68,1.86,1.65,1255,171.8,20,0.737,,
1587,car,trim_6850,trim_8749,-2332.53,219.47,-334.78,1457.49,4.55,1.79,1.52,1626,148.3,40,0.839,,
1588,motorcycle,trim_5326,9855014987,2291.36,35.39,1830.89,-181.43,2.24,0.72,1.14,248,131.4,32,0.652,,
1589,car,4225352002,9852378913,-1029.53,1294.32,-1980.61,-1104.59,4.38,1.86,1.51,1581,144.9,50,0.838,,
1590,car,trim_3459,5170868610,424.23,-435.62,1555.77,-309.19,4.97,1.62,1.58,1676,155.7,33,0.888,,
1591,car,11061427358,4227743804,2024.6,613.64,979.98,344.19,4.27,1.77,1.41,1433,152.4,63,0.719,,
1592,car,trim_8639,9168911122,273.13,-1191.33,-1550.32,-1439.28,4.02,1.66,1.58,1241,143.7,42,0.875,,
1593,truck,trim_3919,8838171114,1815.08,164.9,-864.43,-394.56,11.92,2.33,2.67,9351,72.3,45,0.675,,
1594,motorcycle,9858060942,trim_6405,519.01,408.14,2376.14,626.6,2.16,0.68,1.2,253,123.1,35,0.817,,
1595,car,trim_344,trim_850,-1386.76,679,-1254.72,-15.24,5.01,1.69,1.38,1815,168.0,70,0.73,,
1596,car,trim_8011,trim_381,-1132.39,-904.68,-2039.32,294.81,4.25,1.6,1.53,1594,175.2,50,0.729,,
1597,car,12096791269,trim_8914,1112.97,108.41,2261.6,-986.87,4.07,1.66,1.38,1318,149.2,58,0.739,,
1598,car,trim_2149,trim_3383,1880.9,902.79,89.29,-490.41,4.3,1.85,1.39,1524,144.2,46,0.817,,
1599,car,2960336801,trim_1310,-1165.91,-248.62,-1300.37,209.93,4.94,1.77,1.53,1574,150.4,32,0.744,,
1600,motorcycle,trim_1651,4225324613,-1456.06,-982.7,1071.71,-246.78,2.23,0.69,1.08,192,139.6,48,0.807,,
1601,car,9857847224,trim_4089,207.63,-170.7,1461.4,578.08,4.77,1.79,1.38,1162,177.1,16,0.876,,
1602,car,trim_4481,trim_2848,-346.87,767.67,-1943.88,744.96,4.54,1.75,1.54,1747,147.9,42,0.87,,
1603,motorcycle,trim_1596,4225172196,-1441.92,-447.01,1307.66,-655.56,2.09,0.9,1.2,124,151.1,23,0.691,,
1604,car,2960299990,11491328433,-1273.8,852.08,214.23,-1208.73,4.6,1.7,1.48,1052,160.8,80,0.996,,
1605,car,3085851336,9857625479,1348.07,1912.61,-1104.96,-1010.09,4.58,1.67,1.57,1155,171.0,71,0.888,,
1606,car,trim_2795,trim_4779,-1834.2,428.53,1073.3,291.5,4.44,1.66,1.57,1240,159.3,37,0.741,,
1607,car,9853262752,trim_5935,1306.39,234.72,166.03,-1498.82,4.86,1.91,1.57,1072,163.4,37,0.789,,
1608,motorcycle,9859748021,9855014942,451.46,-1242.74,1558.99,-608.38,2.23,0.65,1.09,138,141.1,67,0.712,,
1609,car,trim_4829,12278350548,-480.52,-575.46,2350.45,-1295.74,4.49,1.79,1.41,1684,175.2,17,0.793,,
1610,ambulance,2960312447,6202105983,-616.15,-431.74,1496.78,-572.54,6.29,2.07,2.52,3075,142.9,17,0.767,bn_6888421988,Hospital (building bn_6888421988)
1611,car,trim_3179,trim_6502,-154.4,322.49,599.49,-210.67,4.72,1.74,1.6,1399,145.4,67,0.67,,
1612,car,12124302392,trim_8361,-891.05,-1110.78,-1449.23,-346.95,4.38,1.89,1.64,1325,147.8,24,0.769,,
1613,car,trim_7373,11015786213,2088.09,-588.12,-1406.14,291.27,4.04,1.85,1.53,1045,170.4,44,0.711,,
1614,car,trim_1216,trim_9364,-1646.25,-70.77,1495.73,255.79,4.59,1.66,1.4,1753,143.7,44,0.746,,
1615,car,trim_8127,trim_2585,-1114.98,-1511.86,1658.68,1317.11,4.05,1.94,1.63,1129,159.4,20,0.76,,
1616,car,trim_6633,trim_7020,2203.75,-817.23,-2463.67,457.7,4.12,1.84,1.48,1756,159.0,71,0.928,,
1617,car,trim_647,9854981063,-2136.06,377.24,2108.19,-590.32,4.24,1.78,1.63,1009,162.9,45,0.766,,
1618,car,trim_5397,10205548835,1420.92,156.06,2281.63,-869.96,4.47,1.76,1.48,1132,148.9,30,0.701,,
1619,car,trim_8579,trim_9557,-159.49,-1141.62,-288.84,-632.7,4.22,1.74,1.35,1843,164.7,52,0.828,,
1620,car,trim_759,7219691568,-1119.12,1005.28,2298.32,-1269.08,4.15,1.67,1.38,1314,176.0,52,0.679,,
1621,car,trim_6192,trim_5172,-1315.06,-785.47,1762.03,-276.39,4.51,1.76,1.55,1350,154.5,69,0.914,,
1622,car,trim_9586,trim_5655,-1281.46,-591.98,-2091.32,-1109.22,4.46,1.84,1.59,1544,147.2,21,0.855,,
1623,car,9857750374,4227743939,-98.34,-1062.27,-927.84,2089.27,4.89,1.77,1.61,1090,162.0,18,0.99,,
1624,car,9168897690,9859747831,-321.49,-895.01,43.42,-1353.1,4.54,1.82,1.41,1270,147.3,37,0.722,,
1625,car,4227798416,trim_5726,1378.49,387.05,-1473.71,683.4,4.34,1.87,1.37,1447,148.8,60,0.757,,
1626,car,trim_4178,2960328323,1985.25,827.84,-1689.53,-59.68,4.22,1.89,1.52,1404,170.4,17,0.811,,
1627,car,11491144948,10259407487,-585.44,-1271.14,2450.23,-1059.87,4.85,1.73,1.42,1758,145.5,21,0.72,,
1628,car,5170849680,trim_6557,-1324.48,980.47,511.18,-1118.09,4.22,1.75,1.56,1057,140.5,16,0.949,,
1629,ambulance,9885134827,5170630786,-2458.11,-490.46,2208.28,286.75,6.0,2.1,2.8,3463,157.7,38,0.473,bn_6888421991,Hospital (building bn_6888421991)
1630,car,9857682485,trim_5020,-864.31,-687.87,2191.46,-652.87,4.26,1.87,1.53,1752,141.3,44,0.769,,
1631,car,5170798246,12139823105,150.28,-106.67,2037.54,-1469.08,4.74,1.62,1.5,1583,156.4,28,0.723,,
1632,car,trim_8553,5170791986,-1489.01,1330.96,-1698.95,689.5,5.05,1.78,1.43,1411,155.8,64,0.671,,
1633,car,trim_1566,4225077486,-1220.41,-489.63,-2039.2,1187.09,4.93,1.94,1.46,1374,175.8,75,0.783,,
1634,car,trim_3818,11491669778,-856.07,-1436.4,336.88,619.8,4.83,1.74,1.63,1811,171.3,63,0.815,,
1635,car,trim_3730,3887993354,-389.07,-680.88,1680.26,1168.74,4.1,1.73,1.51,1548,141.3,23,0.687,,
1636,car,trim_6919,9168854790,-1645.45,412.04,1548.92,1384.89,4.18,1.9,1.35,1465,153.4,74,0.902,,
1637,car,trim_9491,trim_4557,-502.08,-1000.37,-940.56,1338.7,4.42,1.7,1.42,1371,175.3,20,0.764,,
1638,car,6925898198,4227798313,-1889.28,-1551.92,2226.92,143.85,4.78,1.76,1.62,1533,149.8,19,0.809,,
1639,truck,trim_1306,2960299970,-1336.36,228.25,-1331.94,483.81,10.0,2.31,3.03,12709,96.6,31,0.787,,
1640,car,trim_4777,trim_5680,1048.32,272.34,1442.39,-569.59,4.81,1.75,1.62,1428,163.0,51,0.844,,
1641,car,trim_4621,9852465898,-643.07,708.83,-1668.44,-1335.41,4.85,1.76,1.54,1388,148.7,58,0.819,,
1642,car,10685694466,4225219742,-1100.37,-734.4,-743.08,-1085.48,4.05,1.76,1.41,1373,152.2,37,0.824,,
1643,car,3887993344,9859639824,1699.46,1163.99,-410.3,-234.21,4.96,1.78,1.49,1360,169.7,56,0.85,,
1644,car,trim_1134,trim_9205,-1266.17,448.59,1505.15,635.71,4.93,1.9,1.54,1514,145.6,31,0.824,,
1645,car,trim_7671,4219222666,-493.23,-390.73,1901.46,-1499.73,4.71,1.8,1.58,1688,161.8,67,0.841,,
1646,car,trim_718,trim_7248,-1607.33,628.85,-2290.57,-924.9,4.45,1.67,1.6,1686,156.1,36,0.794,,
1647,truck,trim_3163,trim_5734,501.39,354.77,-2474.66,-811.58,11.28,2.44,3.73,11382,75.3,26,0.818,,
1648,car,11499043128,trim_1489,-824.94,1007.1,-1020.1,-1154.23,4.59,1.66,1.39,1139,168.1,42,0.843,,
1649,car,trim_8232,4227743839,2245.69,609.12,-1384.96,1025.07,4.1,1.86,1.63,1481,172.9,55,0.803,,
1650,motorcycle,4225172249,trim_7137,729.72,-365.53,-2343.83,265.25,2.09,0.69,1.12,214,127.5,46,0.893,,
1651,car,trim_7719,9857826607,305.11,-886.39,307.96,-157.84,4.85,1.94,1.44,1891,164.1,18,0.768,,
1652,car,trim_2056,2960326607,1622.62,1516.94,-1900.41,-16.6,4.62,1.94,1.48,1894,164.0,24,0.804,,
1653,bus,trim_7516,trim_8103,-1099.62,-1359.48,-956.55,794.23,10.54,2.4,3.16,11644,74.9,50,0.708,,
1654,car,trim_1137,trim_1459,-1076.38,483.99,-1451.06,-838.72,4.85,1.83,1.42,1049,145.9,25,0.766,,
1655,car,trim_4486,12124088201,-934.96,715.41,2421.23,641.07,4.46,1.78,1.63,1348,155.1,50,0.816,,
1656,car,11168934281,trim_8464,119.27,116.37,2009.61,660.71,4.38,1.83,1.52,1680,176.1,22,0.676,,
1657,car,trim_1035,trim_1714,-936.8,148.17,-282.99,-1384.93,4.28,1.87,1.63,1592,176.1,27,0.732,,
1658,car,10206503399,9843168320,1429.51,28.29,-1615.96,849.39,4.85,1.64,1.37,1539,146.2,54,0.661,,
1659,car,trim_1805,trim_6127,7.97,-1024.15,-1320.58,-108.56,4.22,1.78,1.51,1466,175.9,24,0.764,,
1660,car,trim_612,2970305244,-2376.2,332.28,1497.48,-596.22,4.58,1.81,1.47,1156,174.8,53,0.858,,
1661,car,trim_8616,trim_999,-392.06,-1199.4,-626.88,-123.03,4.36,1.93,1.55,1017,145.9,80,0.965,,
1662,car,11056361038,4227695031,1245.52,464.4,-861.62,1043.5,4.2,1.83,1.54,1080,156.8,16,0.906,,
1663,car,trim_6729,12143948738,-183.09,997.53,1047.65,948.72,4.12,1.81,1.62,1773,146.9,76,0.862,,
1664,car,trim_246,6928966908,1460.71,465.31,-1729.01,-1342.77,4.61,1.79,1.6,1216,144.8,23,0.809,,
1665,motorcycle,trim_8517,trim_6568,-1296.64,-903.24,965.74,-1109.59,2.3,0.76,1.29,242,109.6,43,0.732,,
1666,car,4225351662,trim_3226,-928.92,697.84,-89.88,641.33,4.69,1.66,1.43,1898,167.2,78,1.005,,
1667,bus,trim_2098,9168951502,618.7,-106.75,1056.29,-1107.33,9.04,2.55,3.49,13583,74.3,36,0.814,,
1668,car,trim_46,trim_6663,70.24,432.25,1114.81,-6.16,4.45,1.61,1.38,1833,178.3,74,0.831,,
1669,car,trim_2370,11158326323,-1477.34,-1225.63,741.7,-797.03,4.61,1.69,1.49,1741,177.1,23,0.712,,
1670,car,9858060953,trim_7491,-247.05,487.01,-758.86,150.44,4.84,1.6,1.63,1264,155.0,33,0.861,,
1671,car,trim_1234,trim_2139,-1509.71,-215.23,1391.38,1025.14,4.34,1.72,1.42,1688,150.2,26,0.825,,
1672,car,trim_1529,trim_7980,-1082.88,-1172.65,-1075.72,528.62,4.87,1.87,1.43,1015,149.7,67,0.877,,
1673,motorcycle,trim_5013,trim_3756,2386.36,-763.28,-530.1,-1081.87,2.24,0.78,1.1,163,140.2,73,0.98,,
1674,car,trim_5267,2960336767,2196.76,17.32,-1297.44,197.58,4.41,1.93,1.47,1137,147.9,32,0.708,,
1675,motorcycle,9852378885,trim_6748,-2163.25,-722.2,49.96,593.71,2.0,0.77,1.32,256,118.5,25,0.682,,
1676,car,trim_2501,9843687280,-228.96,1476.72,2254.15,848.63,4.62,1.77,1.62,1799,176.2,33,0.837,,
1677,car,9853181601,9857157142,1251.35,-1059.79,1798.18,-392.09,4.67,1.74,1.4,1370,164.8,17,0.866,,
1678,car,trim_2847,trim_6519,-2362.27,822.11,-41.92,148.96,5.06,1.93,1.52,1367,147.6,60,0.744,,
1679,car,trim_8733,4220874683,-229.97,1106.74,-536.28,-1727.92,4.98,1.81,1.6,1529,169.5,47,0.704,,
1680,car,2960299864,3834051376,-1252.9,-690.66,-105.47,1650.37,4.81,1.9,1.47,1463,168.4,73,0.883,,
1681,car,11498996005,9852338742,549.21,403.1,-2034.19,-142.63,4.48,1.71,1.42,1473,142.0,48,0.874,,
1682,car,trim_7507,trim_6613,-1318.93,-1113.01,2203.22,-164.5,4.11,1.67,1.51,1171,170.6,26,0.689,,
1683,car,9168946255,5171028517,1884.15,502.95,-2437.94,256.24,4.01,1.6,1.37,1268,166.1,75,0.982,,
1684,car,trim_4040,trim_3782,743.58,465.69,-562.95,-1128.45,4.68,1.86,1.37,1713,169.6,45,0.863,,
1685,car,4227743734,trim_7363,-319.15,-1036.66,2001.93,-459.21,4.8,1.8,1.42,1106,148.2,79,0.87,,
1686,ambulance,trim_4774,trim_8493,1019.19,653.82,-1874.8,-882.06,6.14,2.16,2.46,3683,141.6,57,0.658,bn_6906240215,Hospital (building bn_6906240215)
1687,car,trim_45,trim_9374,74.11,478.4,2457.67,-1213.76,4.18,1.88,1.63,1122,176.3,58,0.805,,
1688,car,4227743688,trim_941,246.37,-1384.36,-758.2,153.89,4.17,1.78,1.42,1748,141.2,78,1.028,,
1689,bus,4227743916,trim_3448,-1200.56,1691.24,-151.28,127.19,12.3,2.42,3.57,11352,88.6,32,0.879,,
1690,ambulance,trim_2223,trim_8787,2206.52,-1465.35,-578.79,868.25,6.44,2.25,2.65,4446,152.7,63,0.551,a_1086642598_c,SHIKHA ACUPUNCTURE SANATORIUM
1691,car,trim_249,trim_1830,1590.93,485.3,-78.6,-933.1,4.0,1.77,1.46,1565,140.1,68,0.782,,
1692,truck,trim_977,9852243276,-636.13,-106.22,-1199.16,1285.06,9.43,2.59,2.7,13409,97.5,53,0.862,,
1693,motorcycle,5170894034,trim_4062,-1042.71,-1584.51,2435.03,979.65,1.92,0.88,1.22,128,101.4,44,0.891,,
1694,car,trim_2633,trim_9112,-1129.63,633.06,1692.32,-59.81,4.53,1.82,1.61,1087,142.1,78,0.904,,
1695,car,trim_1262,trim_5675,-1387.93,250.6,1531.47,-599.05,4.08,1.95,1.45,1203,143.4,38,0.891,,
1696,car,4227743807,3888008196,874.47,467.12,1771.9,1339.04,4.37,1.82,1.6,1538,142.8,41,0.779,,
1697,car,trim_8500,4225324625,1725.46,-58.64,815.03,-147.71,4.51,1.67,1.57,1729,174.1,55,0.719,,
1698,car,trim_732,trim_6601,-1577.12,855.51,1974.97,-402.85,4.6,1.6,1.43,1388,157.8,69,0.907,,
1699,car,trim_402,4227798357,-2129.71,27.33,1974.08,280.45,4.35,1.62,1.64,1005,173.5,68,0.76,,
1700,car,trim_7177,2960361592,-2372.2,47.68,-1368.62,-698.74,4.67,1.88,1.54,1880,167.5,61,0.672,,
1701,car,trim_2587,trim_5552,1652.05,1352.18,2282.55,546.99,5.06,1.66,1.51,1312,150.7,65,0.698,,
1702,car,trim_4870,11001379067,1057.88,-1493.54,-2407.37,-1027.61,4.67,1.63,1.59,1458,153.8,26,0.832,,
1703,car,trim_6141,trim_2244,-1109.05,-873.04,42.61,-370.09,4.35,1.89,1.43,1646,164.8,62,0.712,,
1704,car,4225172437,trim_6396,38.09,486.82,2047.21,598.5,5.01,1.62,1.5,1426,142.0,17,0.917,,
1705,car,2960336668,trim_3641,-1576.51,-356.34,-658.58,-1024.48,4.88,1.85,1.45,1281,161.6,18,0.989,,
1706,car,trim_5268,trim_7396,2203.84,-30.53,-68.89,284.9,5.02,1.85,1.39,1073,161.6,42,0.797,,
1707,motorcycle,5171030822,trim_1149,-2310.76,408.46,-1703.81,150.8,1.88,0.88,1.31,146,116.0,67,0.841,,
1708,car,11909810172,trim_6126,2159.2,-702.31,-1298.85,-112.6,5.07,1.86,1.55,1481,140.5,66,0.74,,
1709,car,9857987898,trim_9127,-87.68,352.89,1874.09,1430.3,4.37,1.94,1.46,1623,168.4,42,0.867,,
1710,motorcycle,trim_7581,trim_5262,-237.02,-864.26,2513.48,15.67,1.97,0.75,1.12,250,132.3,75,0.825,,
1711,motorcycle,2962837693,2960299833,-138.5,-1300.66,-2092.53,-726.24,2.05,0.78,1.07,225,120.2,21,0.776,,
1712,car,trim_3303,4225352103,-126.34,302.89,-389.65,2388.74,4.53,1.94,1.53,1037,167.2,31,0.8,,
1713,car,11272173875,trim_287,-712.07,797.57,109.17,-726.78,4.59,1.85,1.56,1797,151.3,44,0.67,,
1714,car,10206503398,trim_8951,1449.49,48.27,1129.12,1223.57,4.94,1.65,1.47,1090,153.4,51,0.788,,
1715,car,trim_2534,trim_8389,-939.17,1206.18,-1455.32,-130.38,4.38,1.88,1.42,1592,144.5,67,0.678,,
1716,car,4225077501,trim_7429,-1678.73,1260.68,-2438.71,-139.25,4.75,1.95,1.39,1282,164.0,76,0.93,,
1717,car,11909810140,11168960893,2455.98,-803.9,580.61,1099.58,4.78,1.7,1.57,1863,142.3,33,0.88,,
1718,car,trim_7463,4227798150,-2391.8,-679.75,1717.52,-249.53,4.09,1.86,1.44,1671,172.9,59,0.832,,
1719,car,trim_3977,trim_5010,-474.64,1146.59,2401.22,-771.5,4.46,1.88,1.59,1898,145.3,68,0.725,,
1720,car,trim_4213,trim_3547,1321.67,675.75,606.28,-185.43,4.83,1.73,1.35,1209,140.5,65,0.668,,
1721,car,2970305419,trim_8188,-1007.88,1652.42,2211.97,-1289.03,4.02,1.73,1.59,1816,140.2,65,0.779,,
1722,car,trim_8392,trim_4105,-1370.45,-166.56,831.52,654.4,5.02,1.62,1.42,1357,149.5,17,0.863,,
1723,car,trim_4573,trim_3647,1648.23,178.83,-760.67,-876.33,4.58,1.82,1.54,1386,173.5,31,0.653,,
1724,car,trim_7339,11499173760,1281.74,150.61,397.43,1514.58,4.05,1.64,1.4,1725,149.5,19,0.746,,
1725,car,trim_4702,9852378900,1084.01,219.04,-2031.22,-889.88,4.67,1.72,1.56,1691,158.4,63,0.792,,
1726,ambulance,9855373893,12109713186,2303.61,-1268.27,1735.99,1446.63,6.1,2.07,2.45,3799,127.5,66,0.47,a_1408808783_c,Manipal Hospital
1727,car,2960326201,9857987876,-911.34,-451.53,174.31,-1129.53,4.59,1.62,1.61,1417,176.7,79,1.024,,
1728,car,trim_9318,9843692473,-2481.62,1294.33,1418.39,624.02,4.28,1.7,1.54,1857,141.8,52,0.837,,
1729,car,trim_3518,trim_7375,-174.03,295.8,2100.48,-579.23,4.76,1.92,1.42,1082,162.3,31,0.83,,
1730,truck,9868746839,trim_9381,-785.96,566.28,-1348.73,455.75,8.09,2.41,2.77,14749,95.4,58,0.75,,
1731,car,trim_6846,trim_4460,-2297.26,262.99,1254.26,-426.85,4.95,1.81,1.56,1134,159.7,79,0.803,,
1732,car,trim_9337,trim_7309,655.61,852.67,-2467.11,25.13,4.42,1.68,1.59,1092,156.8,33,0.727,,
1733,car,trim_603,11001379062,-2210.25,1283.65,-2325.61,-1066.03,4.49,1.7,1.61,1139,156.9,67,0.674,,
1734,bus,trim_5171,4227695055,1655.38,-213.94,2471.89,1389.61,11.8,2.41,3.3,8163,81.2,41,0.82,,
1735,bus,trim_256,9852318748,-59.95,-366.14,-1420.21,501.18,9.81,2.55,3.57,10539,94.3,56,0.756,,
1736,car,12124025154,trim_999,2219.68,700.58,-626.88,-123.03,4.48,1.62,1.39,1230,143.0,47,0.798,,
1737,bus,trim_6361,2960299962,2182.92,824.93,-1588.19,511.01,10.99,2.41,3.23,9585,92.4,43,0.674,,
1738,car,9168861181,trim_4317,-1225.87,-868.76,1511.06,789.71,4.76,1.95,1.49,1049,168.9,31,0.793,,
1739,ambulance,11983071051,9857625480,1078.63,1204.3,-1096.95,-1013.4,5.58,2.19,2.64,3651,135.9,54,0.662,a_1408818183_c,Hospital (amenity a_1408818183_c)
1740,motorcycle,9852257573,12099965336,-2340.28,229.54,-493.72,1214.9,1.91,0.73,1.36,193,103.6,57,0.828,,
1741,motorcycle,4225077405,4227743757,-2140.22,961.15,1459.16,-904.62,2.11,0.79,1.19,253,116.2,75,0.762,,
1742,truck,4227797986,trim_5118,1736.71,-505.7,2133.46,471.03,11.96,2.51,3.6,13814,72.7,49,0.711,,
1743,car,5170815488,trim_1580,-1132.97,-1496.68,-1159.45,-723.36,4.71,1.8,1.4,1543,157.3,46,0.704,,
1744,bus,trim_1744,trim_3722,-181.6,-1352.02,-808.3,-1238.17,9.5,2.54,3.42,9276,90.5,42,0.791,,
1745,bus,7222770486,trim_6849,181.63,-1660.92,-2329.36,223.34,10.01,2.41,3.52,13529,79.7,36,0.854,,
1746,car,trim_6219,trim_5733,-1416.12,-1057.48,-2404.15,-746.19,5.06,1.73,1.61,1587,150.3,72,0.838,,
1747,motorcycle,4227798254,trim_1081,2522.82,17.57,-815.32,-385.28,2.27,0.69,1.3,240,135.6,21,0.684,,
1748,car,trim_6718,9168951462,1024,1440.47,797.8,-1005.68,4.02,1.63,1.56,1000,156.9,40,0.707,,
1749,car,trim_7442,trim_6568,-2322.46,-135.89,965.74,-1109.59,4.57,1.7,1.41,1267,166.4,35,0.872,,
1750,car,trim_8264,9852405457,-1544.89,-1169,-2366.17,-301.35,4.74,1.72,1.45,1076,173.7,59,0.682,,
1751,car,trim_7093,9857987870,-1179.75,486.88,-773.13,-510.56,5.01,1.75,1.48,1621,164.9,41,0.788,,
1752,car,trim_5565,trim_6453,1890.99,-92.18,1761.81,216.21,4.03,1.85,1.47,1256,149.8,35,0.696,,
1753,car,9168861189,trim_4648,-1519.67,-603.32,-1256.61,1147.55,5.09,1.85,1.4,1115,158.0,75,0.805,,
1754,car,trim_52,trim_2846,111.66,116.3,-2570.29,864.7,4.98,1.78,1.64,1859,156.1,54,0.833,,
1755,car,trim_8240,9857249938,-2260.46,-769.12,-2045.39,-51.03,4.49,1.67,1.46,1214,171.9,58,0.804,,
1756,motorcycle,6202105982,trim_1072,1477.91,-560.75,-918.32,-241.49,2.05,0.73,1.27,123,147.7,76,0.958,,
1757,car,11161018548,9857750355,2263.25,-1528.87,-689.51,-605.91,4.06,1.91,1.43,1608,174.7,76,0.955,,
1758,motorcycle,n_9702,9168850581,593.1793752858642,775.1571776638147,-1693.47,784.39,1.88,0.76,1.1,195,90.2,71,0.918,,
1759,ambulance,9168861177,6928966661,-1024.72,-781.15,-1547.46,-1486.42,6.34,2.07,2.58,4110,146.5,61,0.609,a_1409201613_c,Yashoda Hospital
1760,bus,2960326622,trim_1510,-2101.01,-704.67,-1148.49,-1019.72,12.3,2.58,3.48,13675,91.9,52,0.793,,
1761,truck,trim_8176,trim_9172,2031.63,-789.23,1906.25,773.03,9.57,2.49,2.77,10750,76.5,78,0.967,,
1762,motorcycle,trim_9492,trim_8725,-537.32,-1012.57,-367.63,736.65,2.15,0.86,1.26,122,131.9,80,0.907,,
1763,car,trim_2483,11118483849,-23.36,1167.21,-1516.74,-1103.96,4.68,1.71,1.44,1780,163.9,42,0.686,,
1764,car,trim_7005,2960326606,-2297.04,1012.18,-1897.06,-10.09,4.96,1.7,1.39,1671,179.0,48,0.873,,
1765,car,trim_72,9168946281,554.75,-762.51,1659.91,401.14,4.11,1.85,1.53,1841,161.3,25,0.815,,
1766,car,trim_9339,9843433134,708.95,627.94,949.44,653.98,4.68,1.8,1.45,1226,140.2,25,0.696,,
1767,car,trim_9266,trim_754,-1981.57,1104.06,-1097.54,865.88,4.82,1.95,1.61,1124,147.7,54,0.885,,
1768,motorcycle,12278350539,9859748021,2330.88,-1328.19,451.46,-1242.74,2.21,0.88,1.11,170,122.3,80,0.974,,
1769,car,trim_1843,trim_1735,12.42,-820.99,-65.5,-1444.15,4.56,1.78,1.39,1869,148.2,77,0.784,,
1770,car,trim_4803,11491678313,-1226.76,1188.39,95.98,910.2,5.07,1.7,1.47,1045,167.9,41,0.824,,
1771,truck,trim_2665,12099984755,1307.19,-1445.17,-457.84,1115.14,9.85,2.42,3.11,15775,88.0,50,0.748,,
1772,car,trim_9582,9852333189,-1332.59,-447.19,194.85,832.07,4.36,1.75,1.48,1242,171.0,65,0.698,,
1773,car,9860068758,trim_8724,604.79,411.97,-353.78,658.1,4.27,1.6,1.54,1826,146.2,66,0.861,,
1774,car,2960312523,9857635272,-1031.34,-448.84,-470.4,-1099.4,4.6,1.8,1.39,1075,156.0,16,0.825,,
1775,motorcycle,trim_9205,9843418611,1505.15,635.71,2026.44,1335.63,2.25,0.83,1.29,171,109.4,79,0.956,,
1776,motorcycle,trim_980,9844004263,-599.22,-80.79,-2356.71,817.69,1.96,0.84,1.18,184,97.0,38,0.714,,
1777,bus,trim_7110,trim_5530,-1195.39,1259.69,2273.93,-634.47,9.02,2.41,3.31,10025,93.6,69,0.892,,
1778,car,trim_1728,5170823238,-5.45,-1379.55,1326.56,456.09,4.32,1.62,1.37,1344,150.2,29,0.688,,
1779,car,trim_1243,9853181600,-1452.49,-345.74,1265.87,-1056.82,4.95,1.69,1.58,1530,158.9,53,0.651,,
1780,motorcycle,trim_371,trim_1736,-2267.19,186.46,-84.56,-1430.15,2.22,0.7,1.19,190,119.8,45,0.859,,
1781,motorcycle,4225219708,trim_4970,-1204.15,-1297.54,-1534.81,1147.09,2.23,0.83,1.21,254,118.6,21,0.87,,
1782,car,trim_9406,trim_3695,2335.85,-1339.4,-1225.2,-1041.71,5.03,1.65,1.41,1579,142.4,21,0.849,,
1783,car,trim_4124,trim_3707,1560.02,688.1,-829.18,-959.91,4.05,1.81,1.51,1027,164.3,51,0.837,,
1784,car,trim_4354,7134890041,829.09,142.68,2172.66,-1214.95,4.73,1.6,1.58,1574,172.9,76,0.909,,
1785,car,4225219717,6294257993,-1039.05,-1221.17,-2382.39,-647.68,4.63,1.77,1.6,1303,146.1,50,0.677,,
1786,car,4227798536,trim_9442,638.16,1857.03,-1347,458.68,4.67,1.78,1.44,1823,158.6,61,0.838,,
1787,bus,12134065832,2960361557,-383.51,403.15,-1250.96,-738.99,11.42,2.46,3.31,13902,87.2,79,0.95,,
1788,car,9882537522,trim_3964,1751.91,45.22,-438.05,924.11,4.28,1.61,1.45,1746,170.5,21,0.685,,
1789,car,trim_9030,trim_1944,-1322.65,1166.73,-488.41,-1460.07,4.19,1.82,1.43,1586,172.3,21,0.85,,
1790,car,trim_3462,4227695046,486.44,-502.26,2636.1,1283.8,5.0,1.81,1.58,1299,151.2,18,0.857,,
1791,car,trim_1683,trim_6367,-260.43,-1353.2,2360.39,852.92,4.17,1.68,1.52,1396,158.4,52,0.783,,
1792,motorcycle,9843170049,4227798536,-1676.67,1234.57,638.16,1857.03,2.1,0.89,1.09,156,125.9,70,0.884,,
1793,car,9168966441,trim_9239,1092.92,1642.49,-598.58,-77.31,4.79,1.67,1.5,1679,145.2,56,0.847,,
1794,ambulance,4224980815,trim_795,-2030.74,386.09,-1021.23,48.52,6.37,2.21,2.76,3053,142.8,36,0.511,a_352730718_c,Hospital (amenity a_352730718_c)
1795,car,trim_381,5170637564,-2039.32,294.81,1421.9,-28.29,4.19,1.91,1.36,1579,168.9,64,0.829,,
1796,car,9168861197,9168986492,-1379.92,-681.87,2320.12,-725.79,4.18,1.75,1.49,1835,148.4,72,0.768,,
1797,car,2962837644,4225172447,-462.03,-1546.35,77.52,517.28,4.44,1.9,1.41,1870,176.6,27,0.743,,
1798,car,trim_7504,9859639834,-1253.26,-1098.25,-433.78,-296.93,5.02,1.88,1.38,1487,146.0,34,0.872,,
1799,car,9857647469,trim_2304,-687.44,-1282.2,546.83,1434.2,4.9,1.8,1.47,1494,173.4,69,0.922,,
1800,car,12129059266,2970305338,2481.23,395.03,1195.52,452.14,4.51,1.65,1.55,1107,165.0,19,0.955,,
1801,car,trim_4032,trim_3562,-392.88,-463.77,746.35,-783.61,4.25,1.84,1.52,1032,172.5,70,0.779,,
1802,motorcycle,11909810142,11491284392,2458.51,-795.57,-443.56,-1101.53,2.2,0.79,1.27,118,152.2,51,0.852,,
1803,car,3960098588,trim_8749,-1306.42,711.21,-334.78,1457.49,4.36,1.69,1.54,1401,159.9,56,0.701,,
1804,car,trim_965,5170798242,-885.55,-145.67,136.08,-21.42,5.09,1.91,1.51,1562,141.6,73,0.917,,
1805,car,trim_4913,2960326545,-1362.63,1134.21,-1035.04,491.23,4.07,1.8,1.45,1542,162.3,54,0.742,,
1806,car,trim_3135,2960336680,-151.91,132.15,-1649.99,-250.16,4.78,1.74,1.47,1495,160.2,72,0.823,,
1807,car,trim_787,9852378890,-840.51,-223.62,-1984.83,-1012.76,4.95,1.94,1.56,1359,146.0,67,0.84,,
1808,car,trim_3454,trim_8457,1268.54,-854.03,1887.03,635.09,5.03,1.88,1.53,1569,153.3,27,0.787,,
1809,motorcycle,trim_7509,9903339259,-1164.12,-876.28,50.62,913.09,1.85,0.88,1.28,191,135.1,28,0.778,,
1810,car,trim_2081,9857647462,1124.99,445.83,-1001.54,-1201.68,4.89,1.83,1.5,1824,155.5,20,0.898,,
1811,motorcycle,trim_8412,trim_3010,-1458.66,-129.12,-1741.48,1231.86,2.09,0.7,1.32,198,100.1,45,0.706,,
1812,car,10044168921,trim_9623,-1625.23,-1423.59,33.27,-824.08,4.56,1.93,1.48,1273,176.1,21,0.711,,
1813,motorcycle,trim_4511,trim_562,1760.25,747.89,-1608.04,166.17,2.01,0.73,1.23,172,126.3,44,0.899,,
1814,car,4227798156,trim_5376,1896.26,-231.39,1136.76,313.93,4.39,1.76,1.59,1398,169.6,37,0.86,,
1815,car,trim_6031,6294257364,-1228.49,1222.67,-2499.81,-782.74,4.97,1.64,1.45,1569,167.3,56,0.76,,
1816,car,11182522593,9852465881,-1558.8,-1347.28,-1956.18,-1342.41,4.39,1.83,1.51,1556,167.0,44,0.779,,
1817,ambulance,4224980815,trim_4680,-2030.74,386.09,336.53,-1438.18,6.32,2.08,2.54,4464,141.5,29,0.693,a_352730796_c,HOD Ghaziabad - House Of Diagnostics
1818,car,9168934139,9859748036,2333.49,889.32,-29.15,-840.56,4.34,1.77,1.37,1828,144.1,35,0.884,,
1819,car,9168861152,9852893342,-1372.55,-83.86,-1414.98,-726.52,4.35,1.62,1.47,1891,144.6,66,0.865,,
1820,car,trim_8249,2970305370,-2263.8,-68.62,-1009.3,911.55,4.66,1.86,1.52,1394,174.9,73,0.864,,
1821,car,11176442507,trim_1857,-656.11,-1016.09,-318.76,-707.72,4.16,1.82,1.44,1700,150.7,70,0.828,,
1822,motorcycle,9852770088,9857173902,1958.63,-1821.23,-2393.01,507.87,2.29,0.79,1.15,247,159.3,70,0.881,,
1823,car,4227743973,trim_9412,-1006.47,2649.39,2333.4,-1329.36,4.9,1.62,1.42,1121,152.8,43,0.84,,
1824,car,9843368463,2960299898,-1908.93,886.74,-2203.74,1274.37,4.23,1.64,1.52,1448,158.1,36,0.8,,
1825,car,trim_3105,trim_181,608.3,-158.11,287.59,101.86,4.16,1.75,1.38,1354,162.4,42,0.828,,
1826,car,5170637540,4227695036,1150.42,176.66,-718.65,1104.6,4.91,1.72,1.46,1635,152.2,36,0.899,,
1827,motorcycle,trim_6544,12278350537,965.89,-1105.98,2328.34,-1328.74,1.85,0.86,1.31,120,114.3,48,0.784,,
1828,car,trim_2508,trim_9643,439.58,1248.16,-1320.68,1136.01,4.88,1.61,1.49,1187,151.7,65,0.862,,
1829,car,trim_4887,trim_8832,265.59,-1291.7,1766.26,-858.79,4.43,1.85,1.45,1569,154.3,52,0.813,,
1830,car,trim_854,5171030833,-1178.07,-192.2,-2065.33,698.81,4.29,1.93,1.63,1103,142.5,16,0.884,,
1831,car,trim_4290,9852465854,1525.13,-293.59,-2363.63,-826.08,4.18,1.78,1.38,1508,142.9,52,0.873,,
1832,car,trim_266,5170630780,213.58,-331.09,2229.68,125.97,4.87,1.7,1.43,1432,168.0,23,0.826,,
1833,truck,trim_4658,trim_3723,1483.9,-1222.1,-805.48,-1234.04,9.37,2.51,3.55,8166,92.1,32,0.798,,
1834,car,trim_8502,trim_8320,-126.24,-1134.6,119.08,-1409.23,4.14,1.74,1.55,1897,178.8,19,0.913,,
1835,motorcycle,4871211872,trim_7531,-2187.21,1645.47,-423.66,-1342.48,2.12,0.89,1.31,196,135.2,65,0.827,,
1836,motorcycle,trim_5442,trim_4297,1980.11,-310.62,1962.34,501.66,2.08,0.7,1.18,179,132.0,64,0.897,,
1837,car,4224981069,5170849705,-2420.87,837.43,-1169.52,1000.96,5.05,1.6,1.65,1672,176.6,51,0.693,,
1838,motorcycle,5372152743,trim_5292,-2103.3,-1212.61,1085.91,360.03,2.2,0.86,1.1,215,105.4,21,0.668,,
1839,car,trim_4341,trim_3805,986.77,-67.51,-759.21,-794.51,4.48,1.75,1.42,1379,154.3,18,0.763,,
1840,car,trim_8319,12098345437,150.78,-1368.9,-1785.35,1550.57,4.68,1.71,1.54,1248,156.1,51,0.723,,
1841,ambulance,9859618307,9816408582,-924.07,-526.04,-597.94,58.08,5.66,2.07,2.79,2625,132.2,66,0.687,a_4562908189,Hospital (amenity a_4562908189)
1842,car,trim_9665,trim_1853,-1303.62,1036.55,-211.7,-757.38,4.34,1.9,1.46,1047,162.0,47,0.772,,
1843,car,trim_4576,trim_3228,1669.6,210.54,-84.13,606.72,4.24,1.8,1.58,1321,176.2,64,0.873,,
1844,truck,trim_1120,trim_6340,-1579.68,208.17,1917.84,919.14,8.14,2.53,3.33,10346,83.2,49,0.853,,
1845,motorcycle,trim_9405,trim_3264,2324.05,-1341.15,-130.84,342.4,1.82,0.7,1.35,229,147.0,57,0.651,,
1846,bus,trim_6564,2960361463,1076.11,-993.54,-1523.23,-823.75,11.81,2.47,3.44,13873,95.0,50,0.845,,
1847,car,11983071279,trim_5109,1135.55,1246.97,1061.32,-1493.23,4.96,1.74,1.39,1480,161.4,16,0.875,,
1848,car,trim_1602,trim_5082,-1421.41,-621.93,2182.49,489.12,5.05,1.62,1.63,1248,169.2,26,0.743,,
1849,car,5171030838,trim_8897,-1971.73,798.59,2404.72,-890.53,4.64,1.67,1.46,1103,167.9,74,0.871,,
1850,car,2960299985,trim_2492,-1324.24,829.52,-14.94,1136.93,4.91,1.67,1.39,1619,151.6,57,0.721,,
1851,truck,trim_9258,trim_2947,-1316.43,548.81,-2134.89,1060.02,9.9,2.43,3.17,5569,85.9,63,0.776,,
1852,car,trim_6136,trim_134,-626.54,-518.05,241.53,-673.69,4.8,1.79,1.64,1077,148.2,26,0.731,,
1853,car,trim_4855,11206931703,207.71,-1112.72,2058.82,84.79,4.25,1.77,1.47,1568,177.8,17,0.891,,
1854,car,9903339253,5170798245,-85.59,969.45,146.36,-83.14,4.6,1.63,1.53,1365,161.0,70,0.775,,
1855,car,trim_4105,9852976124,831.52,654.4,-1594.23,-419.26,4.5,1.62,1.54,1587,140.1,70,0.905,,
1856,car,trim_2634,4225324607,-1132.02,637.45,1626.34,-297.48,4.27,1.88,1.37,1848,147.2,41,0.653,,
1857,car,trim_8184,trim_1561,-1892.78,-1399,-1135.73,-557.82,4.2,1.62,1.64,1389,153.4,58,0.877,,
1858,car,trim_5751,trim_7651,-1895.28,-1067.8,207.17,-170.36,4.36,1.89,1.4,1667,143.8,35,0.657,,
1859,car,11059063629,trim_8972,-2480.75,65.02,-1823.73,611.23,4.04,1.71,1.43,1665,162.7,18,0.764,,
1860,motorcycle,trim_1695,4224980819,64.38,-1469.53,-2462.09,389.31,2.01,0.71,1.35,188,99.0,33,0.719,,
1861,car,trim_8142,trim_4399,-2093.42,-1109.17,1579.52,851.24,4.26,1.94,1.39,1598,141.9,64,0.685,,
1862,car,9852436602,trim_281,-2221.53,-873.09,41.95,-373.35,5.06,1.86,1.58,1765,144.6,42,0.714,,
1863,car,trim_4130,9853181587,2138.62,940.19,878.56,-15.73,4.25,1.64,1.42,1157,147.3,64,0.889,,
1864,car,9168881198,trim_1342,2010.82,561.56,-2068.93,-204.06,4.24,1.69,1.53,1302,174.4,52,0.733,,
1865,car,trim_6668,trim_2157,1309.06,230.09,2023.43,1020.24,4.2,1.74,1.58,1268,157.7,16,0.843,,
1866,car,11499381708,2960299952,165.39,1088.87,-1431.26,607.43,4.47,1.67,1.4,1049,172.4,61,0.712,,
1867,car,trim_9593,trim_9058,-1252.6,-746.99,-1784.11,1266.81,4.7,1.77,1.62,1739,151.1,62,0.694,,
1868,car,12141476163,9857647484,-1635.71,1243.27,-844.42,-1175.03,4.26,1.74,1.58,1301,147.1,65,0.895,,
1869,car,trim_7116,trim_3153,-2383.28,269.75,577.51,141.96,4.9,1.8,1.37,1439,175.9,36,0.742,,
1870,car,trim_6616,trim_8597,2189.92,-86.46,-178.36,-1100.55,4.7,1.62,1.62,1375,144.2,76,0.956,,
1871,car,trim_220,4225324710,422.74,-43.55,1462.86,303.9,4.27,1.9,1.56,1143,175.1,50,0.881,,
1872,car,trim_613,trim_9665,-2357.71,353.14,-1303.62,1036.55,4.79,1.83,1.45,1505,167.9,68,0.712,,
1873,motorcycle,trim_1119,trim_3770,-1582.76,204.24,-253.37,-686.11,2.18,0.79,1.17,147,110.3,65,0.773,,
1874,car,9168986420,trim_9401,-241.66,988.39,1856.54,-926.39,4.33,1.72,1.37,1577,174.5,69,0.928,,
1875,car,trim_7456,trim_866,-1788.97,-749.87,-1025.67,-187.01,4.6,1.68,1.43,1846,151.5,58,0.775,,
1876,car,4227743902,trim_6615,-1245.95,1380.05,2195.94,-121.83,4.74,1.61,1.59,1354,161.5,53,0.791,,
1877,car,11499317441,9168850607,-287.49,1096.5,-1214.57,316,4.26,1.81,1.62,1492,166.3,69,0.714,,
1878,car,7222735484,4227798329,134.99,-1628.43,2044.86,178.76,4.74,1.78,1.38,1807,160.6,41,0.824,,
1879,car,trim_8647,trim_2688,419.78,-623.29,-2262.3,-785.18,4.27,1.77,1.41,1118,142.4,37,0.844,,
1880,car,trim_415,9168883611,-2010.33,239.32,-825.97,-1750.22,5.04,1.7,1.53,1733,178.4,18,0.879,,
1881,car,trim_3893,11491683795,943.18,137.77,148.27,442.37,4.81,1.8,1.39,1881,179.2,66,0.856,,
1882,car,11499313282,trim_420,-186.53,1033.56,-1919.37,148.19,4.33,1.87,1.47,1291,151.1,34,0.837,,
1883,motorcycle,12124068326,9857249942,-874.05,-1055.48,-1463.77,278.08,1.88,0.86,1.15,223,104.4,40,0.799,,
1884,car,4225077470,trim_6672,-1710.7,1130.64,1099.58,70.91,4.82,1.8,1.59,1568,152.0,43,0.749,,
1885,motorcycle,trim_6745,trim_2651,-490.92,776.93,1902.51,-1460.29,2.05,0.82,1.4,126,134.9,65,0.83,,
1886,car,trim_4531,trim_2989,-950.97,887.55,-1735.08,1212.86,4.1,1.74,1.65,1023,167.3,44,0.705,,
1887,car,9855014990,trim_336,1800.47,-31.31,-545.39,588.36,4.12,1.64,1.47,1153,171.4,19,0.738,,
1888,car,trim_1660,trim_1807,-2120.06,-54.45,-4.95,-1040.33,4.27,1.81,1.57,1030,170.2,40,0.707,,
1889,truck,trim_6643,trim_2912,1259.63,-170.39,-1756.12,443.34,11.51,2.43,3.13,13801,98.7,51,0.783,,
1890,motorcycle,9859493795,trim_6611,164.96,-731.77,2103.54,-580.05,1.82,0.79,1.33,150,141.0,25,0.866,,
1891,car,trim_9310,trim_7460,-2254.73,896.46,-322.33,623.2,4.24,1.63,1.43,1490,144.1,17,1.014,,
1892,car,trim_4085,12131216701,-530.11,1041.48,-992.89,17.62,4.78,1.83,1.37,1022,173.9,36,0.873,,
1893,car,6294258000,trim_5683,-2143.43,-756.28,1785.94,-863.87,4.58,1.89,1.48,1375,144.8,20,0.867,,
1894,car,trim_2003,trim_3817,-102.91,137.84,-761.53,-1491.14,4.68,1.61,1.44,1110,173.8,41,0.714,,
1895,car,6294257993,2960361466,-2382.39,-647.68,-1511.95,-818.83,5.03,1.71,1.43,1140,142.4,56,0.699,,
1896,car,trim_5642,trim_7587,-1926.78,1907.46,-519.26,-795.21,4.76,1.8,1.55,1437,177.6,28,0.701,,
1897,car,trim_8338,trim_6813,-335.05,873.49,-72.84,681.77,4.06,1.71,1.49,1770,175.4,79,0.819,,
1898,car,4225219697,trim_9022,-877.93,-1465.03,1084.98,222.24,4.86,1.63,1.55,1834,172.7,33,0.726,,
1899,car,5170849686,9857826615,-1415.72,971.93,342.54,174.69,4.95,1.66,1.63,1500,166.2,53,0.673,,
1900,car,5170823242,trim_3755,1418.13,461.62,-526.06,-1084.81,4.59,1.9,1.44,1123,159.4,25,0.843,,
1901,bus,trim_3489,trim_9015,-354.84,261.6,971.51,191.72,12.39,2.5,3.31,10945,78.8,70,0.747,,
1902,car,trim_1993,trim_5088,-100.84,-2.97,2269.13,542.38,4.61,1.94,1.36,1573,152.1,30,0.814,,
1903,car,trim_3296,4225324660,-246.98,579.5,1713.51,96.65,4.86,1.95,1.4,1577,144.8,52,0.869,,
1904,car,trim_8767,trim_4712,-19.98,-19.03,305.3,-1439.24,4.26,1.92,1.42,1046,163.9,71,0.951,,
1905,car,trim_4283,trim_6808,1771.71,-430.54,-531.81,600.1,4.07,1.79,1.59,1303,179.9,38,0.839,,
1906,car,12141482569,9168883545,-2135.13,1149.18,-1481.79,-1151.6,4.34,1.63,1.39,1327,159.5,24,0.884,,
1907,car,2960299983,trim_5961,-1368.01,779.82,182.96,1073.73,4.6,1.85,1.43,1473,176.4,70,0.798,,
1908,car,trim_8879,12098446257,2208.33,-460.07,-1663.02,806.28,4.63,1.93,1.42,1053,154.8,59,0.758,,
1909,car,trim_2293,9852160662,2256.75,1105.01,-2255.72,375.44,5.01,1.67,1.46,1454,175.5,39,0.762,,
1910,car,trim_3608,trim_79,-653.21,-771.14,229.82,-789.06,4.5,1.74,1.39,1588,156.2,19,0.775,,
1911,car,trim_7783,9168883578,-589.39,-1268.81,-1365.67,-1339.95,4.52,1.83,1.37,1773,166.2,51,0.678,,
1912,car,5170655688,5170815481,1916.63,-56,-1036.32,-1580.48,5.09,1.73,1.54,1865,174.4,49,0.66,,
1913,car,11777944683,trim_678,716.06,798.74,-1417.34,600.11,4.49,1.88,1.61,1003,165.5,68,0.782,,
1914,car,trim_5839,trim_8370,-787.68,540.37,-421.84,-338.11,4.74,1.95,1.59,1090,145.4,34,0.652,,
1915,motorcycle,trim_7312,trim_4549,-2509.21,-25.17,1216.08,-341.89,1.9,0.83,1.09,241,136.2,33,0.707,,
1916,car,trim_2407,trim_4049,146.22,1477.53,751.19,-192.42,4.2,1.79,1.44,1482,158.8,35,0.782,,
1917,car,12109729939,trim_3597,1833.63,1231.58,-269.55,304.22,4.65,1.7,1.35,1083,169.1,50,0.763,,
1918,car,1680194598,4225324751,-2144.98,48.7,1875.66,536.94,4.25,1.91,1.38,1104,149.9,19,0.917,,
1919,car,1680194572,trim_6384,-2117.37,193.95,1950.75,741.28,4.21,1.94,1.63,1835,146.6,32,0.881,,
1920,car,trim_2372,9852893344,-1464.61,-1235.72,-1624.09,-571.35,5.02,1.7,1.54,1842,154.4,78,0.919,,
1921,motorcycle,trim_19,trim_3039,-2552.11,-101.92,-472.54,467.22,2.18,0.78,1.06,249,91.2,25,0.656,,
1922,motorcycle,12278350537,trim_74,2328.34,-1328.74,575.79,-706.65,2.11,0.88,1.3,159,111.1,58,0.868,,
1923,car,trim_3955,9857249954,1806.58,412.87,-1861.62,-515.04,4.84,1.87,1.38,1590,151.5,68,0.88,,
1924,car,trim_8863,4225219774,2309.77,-919.56,-945.07,-955.09,4.97,1.65,1.36,1077,160.4,44,0.656,,
1925,car,4227798244,trim_1589,1823.98,-0.11,-1363,-640.34,4.38,1.94,1.52,1639,141.0,45,0.766,,
1926,car,7249090936,trim_7162,201.4,1093.38,-1842.27,259.17,4.13,1.65,1.42,1595,169.0,72,0.783,,
1927,motorcycle,13852443491,9843651265,-1492.19,-1227.99,2182.04,626.19,2.21,0.75,1.25,158,113.2,57,0.889,,
1928,car,9843084753,trim_1393,-2174.98,909.24,-2423.48,-423.19,4.41,1.8,1.56,1019,170.4,39,0.794,,
1929,bus,trim_1483,9857647511,-1242.58,-1066.48,-595.58,-1457.49,11.92,2.52,3.26,11826,90.7,61,0.873,,
1930,truck,2960312488,11168888659,-1103.96,-8.08,-271.5,274.22,10.81,2.43,2.99,13007,81.7,69,0.805,,
1931,car,11061400255,12098345437,2235.3,601.86,-1785.35,1550.57,4.83,1.73,1.62,1075,152.7,72,0.824,,
1932,ambulance,2960326747,trim_7868,-1581.18,-14.65,1764.67,33.25,5.92,2.17,2.53,4298,122.3,61,0.505,a_7018033056,"Chandra Laxmi Hospital, Maliwara Chowk"
1933,bus,trim_2351,trim_6043,-2020.71,-783.31,-1553.61,568.57,9.98,2.5,3.24,11683,89.2,66,0.734,,
1934,bus,4227797888,trim_2927,2225.32,-1289.05,-1686.09,1017.09,11.71,2.5,3.55,9939,96.3,17,0.903,,
1935,car,trim_7654,trim_5096,202.92,-170.01,1644.61,-575.24,4.26,1.65,1.43,1191,160.5,20,0.748,,
1936,car,12098320589,4227743688,-1809.31,1344.71,246.37,-1384.36,4.14,1.64,1.45,1222,174.9,29,0.732,,
1937,car,trim_6681,trim_4513,1199.84,389.28,1797.06,754.32,4.5,1.9,1.53,1026,147.0,79,0.931,,
1938,car,trim_3298,6928966682,-151.1,596.54,-1687.63,-1449.17,4.18,1.66,1.49,1215,170.5,44,0.814,,
1939,car,2960312575,2960326621,-567.74,-396.7,-2118.47,-413.18,4.37,1.81,1.46,1838,173.9,57,0.81,,
1940,car,9857625475,9855693616,-1266.19,-997.83,974.82,51.59,4.58,1.68,1.43,1820,145.6,71,0.808,,
1941,bus,9168883562,trim_1852,-1531.68,-1296.74,-207.18,-759.53,11.42,2.52,3.27,8595,78.9,36,0.8,,
1942,car,trim_3644,9843552440,-710.28,-948.74,1742.45,486.46,4.03,1.63,1.49,1835,147.1,31,0.74,,
1943,car,5170799978,11499317443,2118.76,551.82,-287.49,1068.83,4.19,1.74,1.53,1427,179.6,16,0.899,,
1944,car,trim_6437,trim_3662,1806.69,416.72,-1096.21,-1358.32,4.39,1.61,1.41,1755,163.5,80,0.811,,
1945,car,trim_9616,trim_454,-217.38,-464.35,-2120.78,-328.03,5.03,1.73,1.41,1041,143.8,22,0.677,,
1946,car,9168881205,trim_1285,2194.93,633.21,-1375.83,342.06,4.27,1.73,1.42,1544,143.4,23,0.651,,
1947,car,13968415817,trim_7937,-1611.12,277.74,-2145.92,-694.26,4.2,1.8,1.45,1090,145.8,59,0.744,,
1948,car,trim_1769,11498996008,-50.24,-1206.74,369.61,374.46,4.31,1.77,1.5,1332,178.8,55,0.651,,
1949,car,trim_489,trim_6738,-1771.46,1116.53,-573.84,982.15,5.1,1.88,1.39,1000,171.8,60,0.832,,
1950,car,2960361464,4227798490,-1520.66,-821.4,2499.67,599.61,4.09,1.73,1.54,1419,171.3,25,0.721,,
1951,car,9858060958,trim_8850,-272.14,490.89,2458.71,-1017.17,4.49,1.7,1.42,1012,169.6,53,0.886,,
1952,car,7218290617,trim_5583,2394.44,1366.75,1667.75,-186,4.75,1.84,1.38,1072,158.1,79,0.897,,
1953,car,trim_9322,trim_4676,-2450.53,1266.35,339.67,-1390.59,4.47,1.62,1.4,1424,175.9,69,0.707,,
1954,car,trim_5760,trim_1367,-1933.14,-1147.77,-2117.24,-386.36,4.63,1.79,1.6,1583,159.1,23,0.752,,
1955,car,trim_3098,9852405435,23.31,246.79,-2219.94,-158.45,4.79,1.62,1.39,1062,144.6,77,0.927,,
1956,car,trim_9359,trim_6053,991.24,1358.49,-1514.54,557.92,4.03,1.82,1.49,1385,153.4,33,0.688,,
1957,car,11983071271,trim_2984,1116.99,1260.49,-2062.24,794.75,4.14,1.72,1.4,1782,155.1,52,0.812,,
1958,car,2970305357,4224981078,615.9,768.66,-2549.72,860.78,4.24,1.77,1.37,1761,164.3,40,0.655,,
1959,car,9852436597,trim_1443,-2303.62,-848.8,-1426.73,-748.98,4.27,1.89,1.58,1221,170.1,35,0.868,,
1960,car,trim_3546,trim_9137,607.11,-180.5,1421.58,1312.64,4.08,1.65,1.48,1539,165.1,64,0.745,,
1961,car,11027021064,trim_5652,1060.79,-45.41,1767.8,482.74,5.07,1.86,1.51,1232,159.6,41,0.85,,
1962,car,trim_2878,trim_7040,-2120.19,1152.97,-2449.28,448.57,4.38,1.63,1.65,1806,176.8,33,0.66,,
1963,car,12901340304,trim_7236,177.62,-277.41,-2295.67,-131.52,4.3,1.9,1.59,1723,146.5,70,0.798,,
1964,motorcycle,9855703025,trim_6029,1613.33,-615.21,-1232.67,1249.7,2.02,0.85,1.13,243,94.5,34,0.772,,
1965,car,trim_5853,trim_2549,2331.4,-799.17,1776.88,654.36,5.04,1.68,1.59,1224,178.0,62,0.818,,
1966,car,trim_9176,trim_7298,2033.95,704.29,-1251.73,-671.15,4.42,1.76,1.47,1476,160.5,70,0.74,,
1967,bus,11909810173,trim_7325,2164.48,-696.82,-1314.67,-1174.78,11.81,2.46,3.22,8722,79.2,33,0.729,,
1968,car,11007007447,trim_4155,-2427.69,628.82,-538.65,1117.13,4.14,1.8,1.45,1480,153.4,30,0.686,,
1969,car,trim_6497,9859596007,262.12,-45.17,-981.83,-534.09,4.95,1.87,1.58,1788,168.4,38,0.799,,
1970,car,trim_5113,9861682127,2445.73,591.93,-1484.43,-1146.36,4.35,1.61,1.48,1700,150.3,50,0.867,,
1971,car,9859736949,9843552440,46.03,114.33,1742.45,486.46,4.63,1.71,1.61,1591,176.0,39,0.687,,
1972,car,trim_5191,trim_7399,1671.15,-184.98,2431.71,-863.4,4.98,1.76,1.65,1621,174.2,16,0.872,,
1973,car,9168946306,trim_2979,1944.62,100.11,-2144.03,877.47,4.8,1.76,1.61,1336,174.6,53,0.825,,
1974,motorcycle,trim_775,trim_2987,-1060.32,-521.09,-1674.47,1235.36,1.81,0.71,1.26,130,110.5,34,0.844,,
1975,car,4227798206,trim_750,1788.29,-84.32,-1526.38,688.97,4.71,1.91,1.56,1834,167.9,50,0.729,,
1976,car,trim_8777,4224980884,64.59,-1059.24,-2293.61,562.74,4.54,1.87,1.48,1356,156.3,44,0.818,,
1977,motorcycle,trim_1699,trim_7804,-69.26,-1346,172.97,-1390.03,2.19,0.85,1.2,111,94.7,33,0.871,,
1978,truck,9857647506,2970305120,-578.6,-1227.74,2061.11,-1137.08,6.16,2.58,2.56,14769,90.3,53,0.776,,
1979,car,trim_9691,4225324736,2144.73,-1033.32,1790.33,433.71,4.43,1.69,1.64,1489,148.2,43,0.756,,
1980,car,4225077486,11498996009,-2039.2,1187.09,400.32,162.08,4.63,1.61,1.59,1150,179.1,67,0.795,,
1981,car,11118483849,2960336785,-1516.74,-1103.96,-1157.59,393.12,4.09,1.67,1.35,1302,167.1,52,0.873,,
1982,car,11491168060,trim_121,-892.67,-1678.86,-786.95,521.13,4.15,1.8,1.46,1377,162.7,22,0.678,,
1983,car,5170639291,trim_4116,2077.28,-184.69,983.09,432.42,4.29,1.73,1.61,1817,177.2,63,0.662,,
1984,car,trim_1030,2960336807,-987.64,113.34,-1122,-323.78,4.96,1.63,1.62,1263,144.4,60,0.847,,
1985,car,9859660236,trim_8627,-171.59,-545.08,220.1,-1225.07,4.76,1.85,1.37,1790,148.7,20,0.751,,
1986,car,2960336783,trim_3314,-1148.2,412.71,-96.69,-303.43,4.07,1.62,1.42,1314,155.4,59,0.669,,
1987,car,trim_4200,9857750350,826.31,187.61,-693.79,-886.4,4.36,1.78,1.55,1247,165.8,77,0.848,,
1988,car,11143288405,trim_4220,1502.01,831.28,2606.27,1169.17,4.56,1.67,1.54,1011,176.9,56,0.745,,
1989,car,12130429769,trim_2561,-1421.16,787.1,2547.39,770.24,4.54,1.89,1.51,1032,178.5,20,0.719,,
1990,car,trim_4979,2960366919,-1368.79,1173.43,-1658.38,-493.76,5.0,1.64,1.62,1474,162.4,42,0.771,,
1991,car,trim_2168,trim_6038,719.43,-204.92,-1189.29,944.3,4.1,1.73,1.63,1382,172.0,70,0.728,,
1992,car,trim_9303,trim_7790,-1539.74,1146.29,-752.16,-1113.06,4.91,1.75,1.52,1642,148.1,41,0.69,,
1993,motorcycle,trim_4934,1680101458,264.13,-1200.67,-1718.71,449.78,2.23,0.83,1.35,160,158.5,42,0.744,,
1994,car,trim_4872,trim_6321,1186.12,-1591.64,1941.47,1327.49,4.71,1.62,1.45,1294,168.2,63,0.712,,
1995,car,9168881204,trim_5311,2190.83,633.74,2152.56,-88.83,4.64,1.81,1.58,1147,146.4,67,0.835,,
1996,car,trim_3382,trim_4758,110.84,-505.18,-1243.48,988.42,5.0,1.85,1.45,1039,167.3,50,0.882,,
1997,car,9843204338,9852333184,-1422.1,1414.79,59.54,844.65,4.53,1.9,1.35,1787,148.1,35,0.847,,
1998,car,trim_7401,trim_9371,1688.25,287.37,1485.41,142.96,4.17,1.89,1.4,1679,157.2,44,0.714,,
1999,car,trim_6513,2960336782,-177.56,-228.48,-1148.41,426.16,4.41,1.86,1.37,1288,175.0,63,0.886,,
2000,car,4227743931,9880891786,-1229.48,2011.43,1159.84,882.67,5.07,1.6,1.51,1736,177.7,16,0.934,,
2001,car,trim_7106,12141476163,-931.98,1133.54,-1635.71,1243.27,4.14,1.85,1.35,1411,173.1,37,0.888,,
2002,car,2960366905,trim_358,-1659.2,-573.01,-1670.38,503.76,4.52,1.92,1.64,1104,175.2,80,0.873,,
2003,car,trim_9525,trim_4576,1678.98,911.87,1669.6,210.54,4.76,1.77,1.5,1351,140.0,23,0.652,,
2004,car,2960368337,trim_9472,-1672.12,-898.19,638.83,-434.59,4.16,1.62,1.39,1772,145.6,53,0.819,,
2005,car,trim_2751,trim_6668,-2292.47,727.99,1309.06,230.09,4.98,1.94,1.45,1593,174.0,73,0.976,,
2006,car,9857826564,9852348509,36.89,-447.1,-1395.71,-505.21,4.68,1.92,1.56,1384,144.8,76,0.787,,
2007,car,9852305620,trim_4797,349.81,978.64,309.8,-1408.62,4.67,1.72,1.47,1693,156.3,21,0.802,,
2008,car,trim_8425,trim_6701,-527.4,-823.13,1150.45,1217.43,4.42,1.9,1.41,1701,140.6,62,0.688,,
2009,car,2960361514,9857682449,-674.08,-1387.82,-508.99,-1148.51,4.31,1.65,1.55,1614,154.6,74,0.896,,
2010,motorcycle,3887997662,9168951484,1571.65,1224.84,557.31,-1146.64,1.86,0.67,1.08,149,158.9,17,0.885,,
2011,car,trim_5923,3887993335,544.02,1435.91,1700.31,1151.2,4.31,1.84,1.48,1686,153.4,30,0.671,,
2012,car,trim_4307,trim_8146,906.16,586.68,-2465.89,-981.51,4.82,1.63,1.37,1638,176.4,69,0.692,,
2013,car,trim_670,6925898192,-1654.4,616.5,-1959.17,-1344.55,4.15,1.72,1.52,1188,150.5,75,0.977,,
2014,car,9857987894,4227743899,-516.5,288.65,-1441.18,1349.54,4.95,1.92,1.41,1287,160.3,42,0.74,,
2015,car,trim_6866,trim_3465,-2404.44,-480.75,439.69,-629.06,4.66,1.64,1.52,1425,143.7,48,0.746,,
2016,car,9852414799,trim_4680,-2470.96,-810.26,336.53,-1438.18,4.56,1.74,1.54,1768,167.2,46,0.853,,
2017,car,9852378891,11491235575,-1987.15,-1015.29,-859.02,-1625.55,4.23,1.93,1.63,1623,172.7,68,0.786,,
2018,car,trim_4013,trim_8250,1046.06,416.31,-2298.46,-95.18,4.57,1.71,1.51,1237,175.6,37,0.897,,
2019,car,trim_6103,trim_2118,-1801.06,470.36,188.76,59.58,4.14,1.6,1.59,1620,169.4,34,0.655,,
2020,car,trim_1323,trim_78,-1129.46,-326.58,232.85,-785.11,4.33,1.86,1.59,1288,163.6,59,0.72,,
2021,car,trim_9538,trim_230,-684.92,-1396.03,903.19,352.91,4.55,1.64,1.64,1183,142.3,41,0.897,,
2022,car,trim_4145,9852463818,1564.38,651.1,-2478.42,-741.84,4.46,1.83,1.42,1538,170.5,41,0.853,,
2023,motorcycle,trim_3484,trim_2358,440.9,-632.74,-1719.09,-1025.6,1.83,0.83,1.26,189,131.7,46,0.666,,
2024,car,trim_746,trim_1017,-1569.18,688.42,-830.95,79.08,4.13,1.6,1.63,1768,161.3,21,0.693,,
2025,car,2960336743,trim_5206,-1417.47,369.2,2384.6,337.62,4.37,1.93,1.37,1489,177.7,39,0.806,,
2026,car,trim_884,trim_1076,-1071.48,-442.43,-889.35,-283.85,4.81,1.62,1.43,1199,157.7,70,0.722,,
2027,car,trim_1173,trim_8210,-1775.14,98.04,-2455.44,970.17,4.43,1.79,1.54,1461,172.4,33,0.896,,
2028,car,trim_7629,13968415821,252.92,-127.99,-1604.99,380.11,4.47,1.62,1.61,1779,162.9,74,0.964,,
2029,car,4227743720,trim_6107,1186.43,-1122.08,-1701.04,149.28,4.5,1.6,1.45,1646,142.9,27,0.659,,
2030,car,trim_9122,trim_6691,2097.92,1108.55,1127.01,1220.69,4.6,1.67,1.58,1220,174.5,71,0.834,,
2031,car,trim_4566,trim_3600,1607.84,60.05,-264.28,272.92,4.49,1.78,1.64,1085,163.4,31,0.837,,
2032,car,trim_3893,trim_3415,943.18,137.77,320.45,312,4.46,1.68,1.65,1660,154.2,19,0.899,,
2033,car,trim_7870,trim_7113,699.65,512.36,-2351.01,307.42,4.89,1.75,1.56,1088,159.8,66,0.877,,
2034,car,4227798420,trim_6031,1882.34,390.06,-1228.49,1222.67,4.58,1.88,1.42,1834,157.3,61,0.656,,
2035,ambulance,trim_842,11176503434,-1358.69,58.19,-663.24,-708.38,6.15,2.26,2.75,2823,157.0,38,0.598,a_7018342523,"Lokpriya Hospital, Ghaziabad"
2036,motorcycle,trim_5567,4871211869,1645.09,-578.47,-2042.07,1789.54,2.02,0.76,1.34,187,129.9,40,0.762,,
2037,truck,trim_2874,trim_166,-2263.81,852.68,319.24,-1026.38,11.7,2.6,2.92,7060,97.5,16,0.916,,
2038,bus,9168986448,trim_5976,-294.67,1228.56,179.54,1073.73,9.85,2.46,3.32,8813,80.2,77,0.89,,
2039,car,2970305100,trim_9028,2188.27,-1409.29,-1164.16,1096.12,4.35,1.81,1.5,1267,162.0,40,0.878,,
2040,car,trim_3267,2960361482,493.12,-43.31,-1490.57,-857.75,4.59,1.71,1.63,1827,177.6,53,0.681,,
2041,motorcycle,trim_9258,4225324850,-1316.43,548.81,2523.76,891.94,2.25,0.85,1.17,193,103.2,24,0.888,,
2042,car,4225324646,11499317441,1058.74,14.28,-287.49,1096.5,5.05,1.9,1.61,1316,143.7,72,0.74,,
2043,car,trim_6392,trim_1880,1963.33,654.56,-398.44,-1091.58,5.07,1.78,1.36,1786,154.4,21,0.651,,
2044,car,4225172345,trim_4996,-273.88,190.6,1571.36,-596.14,4.29,1.81,1.54,1471,157.9,78,0.867,,
2045,car,trim_4642,trim_1321,-1397.6,1126.57,-1177.18,-345.81,4.69,1.82,1.58,1531,140.7,29,0.833,,
2046,car,trim_9402,trim_6462,1292.05,-480.46,1605.78,465.12,4.7,1.62,1.5,1752,141.4,51,0.693,,
2047,car,trim_1598,9852378892,-1424.89,-452.64,-1990.56,-1015.68,4.44,1.83,1.45,1896,146.5,40,0.752,,
2048,ambulance,trim_7670,trim_4313,-637.34,-490.38,963.71,-108.31,6.32,2.19,2.41,2836,121.7,79,0.75,a_7018342625,Vardhman Medicare
2049,car,6294258003,4225324671,-1770.64,-985.08,1082.14,163.01,4.89,1.87,1.62,1586,156.9,49,0.825,,
2050,car,trim_8729,9843368458,-392.19,1013.47,-2095.32,1137.66,4.4,1.76,1.59,1572,179.8,57,0.774,,
2051,truck,9852338754,trim_9141,-2053.94,-309.85,1561.5,1045.41,6.55,2.49,2.86,9301,89.9,63,0.875,,
2052,car,9168986467,trim_465,607.67,387.66,-2130.62,14.08,5.0,1.69,1.57,1488,159.7,42,0.74,,
2053,car,trim_3989,trim_6594,1862.46,988.34,1786.16,-565.93,5.03,1.68,1.45,1059,155.2,70,0.924,,
2054,car,2970305473,4225077391,221.86,2219.77,-2399.71,904.56,4.9,1.72,1.61,1179,169.9,50,0.777,,
2055,car,9857249952,trim_8844,-1884.48,-519.55,2485.22,-1145.48,4.62,1.9,1.55,1834,166.2,70,0.857,,
2056,car,trim_8585,4225077439,-220.49,-1463.65,-2387.67,1056.15,4.92,1.68,1.64,1747,160.7,46,0.689,,
2057,motorcycle,7222770487,11245412648,185.58,-1658.7,-2210.59,816.41,2.21,0.77,1.23,111,125.6,53,0.711,,
2058,car,2960326567,trim_3626,-2000.22,242.97,-389.2,-464.27,4.72,1.87,1.53,1197,173.2,48,0.725,,
2059,car,trim_7562,9857750359,-426.65,-1037.7,-640.29,-719.11,4.47,1.81,1.45,1482,154.2,55,0.73,,
2060,car,trim_6135,trim_6716,-470.01,-408.67,1030.33,1417.18,5.09,1.61,1.4,1242,158.5,17,0.783,,
2061,car,trim_5159,trim_5850,1634.82,-250.88,2264.48,-805.8,4.19,1.95,1.53,1177,141.8,75,0.862,,
2062,car,trim_7991,trim_7057,-1417.97,-1187.27,-2336.1,677.75,5.0,1.9,1.53,1243,171.5,60,0.817,,
2063,car,12143948731,trim_26,995.92,978.57,-1022.67,-1591.05,4.27,1.92,1.37,1124,162.4,60,0.677,,
2064,car,9852378885,trim_3275,-2163.25,-722.2,372.2,355.88,4.15,1.84,1.35,1893,140.9,39,0.89,,
2065,car,9168951446,trim_6363,42.68,-555.45,2390.13,921.05,4.23,1.68,1.37,1818,163.9,45,0.856,,
2066,bus,trim_7499,trim_625,-1343.48,-697.7,-2153.74,593.13,11.17,2.57,3.2,8472,91.6,28,0.678,,
2067,car,trim_9189,12098282521,2266.36,544.49,-1170.63,1156.98,4.39,1.61,1.65,1150,154.3,74,0.944,,
2068,car,trim_5696,trim_2201,880.65,-263.51,-228.71,1170.43,4.48,1.84,1.62,1726,153.8,22,0.781,,
2069,car,4225077462,4227798159,-2167.07,1091.34,2041.27,-224.45,4.58,1.79,1.55,1314,153.7,26,0.715,,
2070,car,trim_1610,trim_4810,-1370.08,-688.43,-1272.13,1246.91,5.07,1.88,1.6,1563,163.4,57,0.673,,
2071,car,trim_354,trim_312,-1729.65,493.77,-1526.04,427.4,4.99,1.71,1.6,1281,167.4,74,0.915,,
2072,car,1680194626,trim_2469,-1868.9,84.56,-2277.51,1092.8,4.15,1.67,1.6,1374,148.0,72,0.783,,
2073,car,trim_2243,trim_1888,38.26,-372.55,-360.68,-1244.03,4.15,1.63,1.45,1428,178.5,37,0.84,,
2074,car,9853181597,trim_3620,822.14,-1464.56,-481.58,-572.16,4.11,1.86,1.36,1232,144.7,72,0.818,,
2075,bus,trim_8071,trim_6723,-1581.66,-1535.27,-79.58,1153.33,11.18,2.41,3.34,8503,95.0,46,0.655,,
2076,car,trim_1916,trim_5511,-307.09,-1297.81,2418.15,429.73,5.02,1.81,1.63,1392,159.8,23,0.728,,
2077,bus,trim_5884,trim_8656,-2034.05,-1424.81,379.52,-1402.28,10.15,2.52,3.35,8857,94.6,69,0.8,,
2078,motorcycle,12143857474,9168883550,440.45,367.41,-1439.27,-1048.51,1.85,0.69,1.32,152,106.0,20,0.757,,
2079,car,trim_9105,2962837690,1950.61,171.01,-148.04,-1305.62,5.03,1.83,1.55,1051,154.8,47,0.75,,
2080,car,trim_325,trim_547,127.87,701.33,-1391.7,-322.59,4.94,1.65,1.4,1650,144.3,48,0.683,,
2081,motorcycle,trim_2304,trim_7181,546.83,1434.2,-2022.84,270.68,1.99,0.74,1.11,201,97.7,58,0.723,,
2082,car,trim_7269,trim_9589,-2218.2,-830.67,-1302.07,-896.5,4.31,1.69,1.62,1469,168.3,54,0.712,,
2083,car,trim_4829,10211197486,-480.52,-575.46,-701.32,624.18,4.41,1.92,1.38,1034,166.1,36,0.816,,
2084,car,11499173752,4224981023,525.54,1262.5,-1911.14,681.2,4.53,1.84,1.38,1014,145.9,30,0.887,,
2085,car,5170849681,trim_3518,-1336.54,979.08,-174.03,295.8,4.14,1.92,1.64,1728,176.4,43,0.864,,
2086,car,trim_340,trim_9158,-1318.25,644.75,2405.24,653.29,4.93,1.65,1.53,1669,169.2,78,0.837,,
2087,motorcycle,trim_9418,12165965999,-664.82,-446.62,1837.82,-898.59,1.88,0.8,1.14,195,95.3,57,0.761,,
2088,car,9852333188,trim_2932,243.45,857.62,-1616.71,1012.6,4.48,1.77,1.58,1323,162.6,73,0.852,,
2089,car,trim_6054,trim_7478,-1529.33,513.5,-1393.26,355.28,4.32,1.9,1.57,1756,143.2,41,0.664,,
2090,car,trim_5030,trim_2149,2294.69,-495.15,1880.9,902.79,4.06,1.88,1.4,1118,165.8,47,0.79,,
2091,car,trim_6752,trim_3195,-300.6,1255.35,-305.05,-50.58,4.04,1.67,1.63,1574,175.2,37,0.799,,
2092,car,trim_9272,trim_2448,-1764.71,854.66,-2426.3,593.06,4.5,1.74,1.42,1701,150.9,42,0.718,,
2093,bus,trim_2129,trim_2136,1066.25,949.55,1393.45,1012.57,10.61,2.47,3.38,11219,91.7,46,0.847,,
2094,car,trim_8333,2960299996,-368.53,741.57,-1680.04,717.4,4.11,1.63,1.42,1495,145.3,38,0.668,,
2095,car,trim_7564,trim_9593,-352.5,-967.48,-1252.6,-746.99,4.34,1.69,1.43,1054,161.8,36,0.687,,
2096,car,12901340307,4227798443,230.2,-304.12,2464.28,444.92,4.59,1.79,1.46,1212,141.3,41,0.821,,
2097,car,trim_8768,trim_1855,-36.68,-30.15,-275.11,-727.89,4.83,1.74,1.39,1702,156.4,69,0.9,,
2098,ambulance,12165533318,trim_5073,-1921.36,351.71,2431.29,368.54,6.04,2.2,2.71,3797,148.1,47,0.635,a_7018738271,Krishna Hospital and Trauma Centre
2099,car,trim_3036,6928966673,-494.98,594.3,-1692.05,-1514.25,4.51,1.78,1.56,1583,157.1,39,0.662,,
2100,car,9852378896,4227695049,-2030.36,-882.31,2543.49,1352.8,4.14,1.69,1.57,1702,178.7,17,0.884,,
2101,car,trim_4737,5170630792,-1167.01,1098.26,2186.76,457.28,4.3,1.73,1.59,1715,166.9,57,0.676,,
2102,car,9853262752,trim_9292,1306.39,234.72,-1636.96,1248.9,4.01,1.73,1.58,1794,163.4,26,0.806,,
2103,car,9857196225,trim_1264,-2328.06,-135.82,-1352.7,329.81,4.33,1.69,1.46,1545,145.7,66,0.746,,
2104,car,trim_318,9859738806,-1373.8,452.07,-740.43,-1176.45,4.13,1.67,1.48,1070,157.6,30,0.822,,
2105,car,trim_3280,trim_6071,389.96,224.02,-1935.93,1049.2,4.55,1.86,1.6,1216,154.2,29,0.684,,
2106,car,2960299925,trim_7171,-2500.14,356.06,-1904.63,77.92,4.91,1.92,1.48,1197,141.0,62,0.774,,
2107,car,trim_9292,12901340305,-1636.96,1248.9,184.44,-280.02,4.22,1.9,1.51,1673,172.9,21,0.691,,
2108,car,trim_3896,trim_4368,950.89,125.13,1307.67,429.74,4.76,1.92,1.58,1260,155.2,24,0.725,,
2109,car,9857249964,trim_7096,-1894.57,-569.82,-2132.53,377.9,4.97,1.66,1.48,1655,140.0,30,0.668,,
2110,car,9168850553,9843036310,-1527.06,1249.81,-2504.66,1090.8,4.86,1.84,1.4,1604,155.0,53,0.778,,
2111,car,trim_9161,4225172418,2330.99,727.63,-636.9,435.42,4.44,1.79,1.48,1798,156.6,77,0.777,,
2112,car,5170655697,trim_6811,2228.6,-29.86,-276.34,645.56,4.34,1.79,1.52,1534,176.1,18,0.794,,
2113,bus,2970305388,trim_2400,-219.14,1120.62,-589.93,1439.31,11.73,2.45,3.02,11248,84.6,45,0.75,,
2114,car,trim_5489,trim_6931,2208.06,304.67,1499.49,1041.39,4.93,1.87,1.52,1163,178.1,30,0.815,,
2115,car,trim_4546,4224981048,1290.82,-377.28,-1887.57,738.13,5.03,1.73,1.53,1252,141.7,49,0.662,,
2116,car,2960361465,12143948732,-1518.3,-819.7,1024.99,983.35,4.16,1.63,1.51,1153,160.5,51,0.77,,
2117,car,trim_923,9168946317,-1200.22,154.78,1822.68,-195.4,4.02,1.79,1.48,1525,179.6,67,0.833,,
2118,car,trim_1739,trim_7908,-97.54,-1419.57,-629.06,-1203.44,4.53,1.84,1.51,1656,173.5,48,0.858,,
2119,bus,trim_659,trim_6867,-1774.92,534.76,-2435.06,-448.22,10.0,2.52,3.37,8341,74.8,33,0.677,,
2120,car,trim_3916,trim_2082,1765.25,216.36,2550.38,731.75,4.31,1.9,1.59,1889,154.2,28,0.788,,
2121,car,2970305405,11245412647,-1032.75,1512.91,-2214.27,819.95,4.11,1.93,1.64,1389,159.7,56,0.752,,
2122,car,trim_8243,trim_286,2049.08,499.5,168,-477.46,5.09,1.67,1.38,1537,179.2,62,0.858,,
2123,motorcycle,trim_6893,trim_5959,-1585.84,840.69,-949.94,-1452.88,1.89,0.87,1.2,173,111.4,68,0.734,,
2124,car,3834051384,2960299997,-489.64,1580.66,-1624.11,740.84,4.08,1.8,1.62,1473,167.6,22,0.748,,
2125,bus,trim_2042,trim_6924,1475.54,-372.2,1876.15,1433.26,9.17,2.55,3.39,8078,72.3,79,0.877,,
2126,car,2960326742,trim_8952,-1711.93,-139.98,1126.68,1240.27,4.77,1.64,1.42,1885,147.8,31,0.851,,
2127,ambulance,10206503396,12124348722,1469.07,101.66,2256.79,318.83,5.58,2.18,2.64,3036,121.5,21,0.528,a_7019130160,Apex Multi Speciality Hospital
2128,bus,trim_6770,trim_3635,-535.06,173.11,-577.37,-928.01,9.2,2.5,3.1,10144,78.9,58,0.776,,
2129,car,5170783082,trim_2585,1890.4,315.01,1658.68,1317.11,4.46,1.94,1.61,1612,176.7,31,0.688,,
2130,car,trim_1712,trim_5021,-235.88,-1420.54,2187.14,-650.36,5.1,1.68,1.54,1131,152.9,59,0.676,,
2131,motorcycle,trim_6152,trim_5010,-1130.7,-907.06,2401.22,-771.5,1.83,0.8,1.31,158,151.6,24,0.807,,
2132,motorcycle,11491307975,trim_5743,-346.56,-1177.88,-1861.7,-1094.86,2.27,0.71,1.22,173,102.6,29,0.855,,
2133,car,9168951485,trim_8631,525.34,-1191.17,295.55,-1219.47,4.21,1.88,1.39,1488,149.3,49,0.74,,
2134,car,12901333697,trim_6255,117.98,-246.47,-603.54,-1226.96,4.23,1.87,1.43,1210,152.6,43,0.844,,
2135,car,trim_3086,trim_5490,-458.29,76.65,2255.54,310.02,4.01,1.87,1.49,1360,166.5,59,0.844,,
2136,car,trim_1078,trim_8358,-870.7,-308.3,-1394.9,-321.3,4.72,1.75,1.55,1326,171.5,75,0.784,,
2137,car,9855373904,trim_3685,2491.92,-575.81,-518.8,-693.36,4.04,1.94,1.53,1780,168.1,74,0.861,,
2138,car,trim_8247,trim_1242,-2261.13,-70.59,-1480.14,-358.45,4.21,1.83,1.58,1084,156.0,24,0.667,,
2139,truck,trim_4982,4227743791,1380.14,-163.44,1302.29,71.27,11.78,2.44,3.71,9981,84.3,33,0.68,,
2140,truck,12098282517,11143538270,-1167.73,1157.43,2153.86,344.4,10.24,2.59,3.42,6983,74.0,37,0.812,,
2141,car,9857647494,trim_1679,-1094.78,-986.18,-283.41,-1381.48,5.04,1.63,1.54,1792,173.6,45,0.853,,
2142,car,trim_8430,9844249457,-518.06,-798.43,-2386.82,512.28,4.74,1.69,1.57,1390,152.3,17,0.794,,
2143,motorcycle,trim_4231,trim_134,-82.97,777.13,241.53,-673.69,2.12,0.73,1.14,154,158.0,50,0.689,,
2144,car,trim_3218,9857115609,209.5,237.92,-2285.34,-1030.85,4.17,1.7,1.59,1679,140.3,55,0.76,,
2145,car,9843408911,trim_3076,2214.19,1292.34,468.25,-256.98,4.98,1.63,1.55,1463,166.3,59,0.754,,
2146,car,trim_5111,trim_6243,2232.95,-608.58,-1395.37,-1393.81,4.67,1.8,1.38,1445,147.7,24,0.874,,
2147,car,trim_9636,2960358831,-1298.67,985.97,-2340.09,-519.66,4.35,1.89,1.39,1755,179.6,23,0.777,,
2148,car,9168883586,4225170877,-607.04,-1229.25,1007.43,-941.4,4.42,1.63,1.62,1702,141.1,41,0.73,,
2149,car,trim_4398,5049369476,1503.29,838.78,-938.38,550.56,4.29,1.86,1.53,1158,165.4,38,0.71,,
2150,car,trim_328,4227743656,-66.65,669.06,402.45,-1524.67,4.42,1.8,1.63,1381,146.9,37,0.792,,
2151,car,trim_4491,trim_3586,-1025.89,1189.39,76.78,481.37,4.1,1.69,1.6,1563,161.7,40,0.802,,
2152,car,6928966901,9168897691,-1630.14,-1312.82,-328.5,-897.28,4.68,1.68,1.59,1114,166.1,35,0.724,,
2153,car,trim_3423,4871211874,-160.31,628.92,-2277.85,1556.4,4.74,1.78,1.41,1369,148.1,54,0.819,,
2154,car,trim_4486,trim_3601,-934.96,715.41,-260.79,252.13,4.25,1.68,1.41,1334,177.6,64,0.759,,
2155,car,trim_3471,11840500182,-407.5,-0.68,1685.61,-778.46,4.8,1.78,1.58,1326,151.5,52,0.712,,
2156,car,trim_4555,trim_6573,-941.05,1314.5,653.64,-1375.72,4.42,1.82,1.39,1297,140.8,50,0.701,,
2157,ambulance,12278350540,trim_3810,2329.45,-1328.29,-1089.08,-1203.5,6.33,2.17,2.56,4448,154.1,63,0.602,a_7019995876,Manipal hospital
2158,car,2962838328,trim_2743,-74.3,-966.36,-1849.84,558.11,4.93,1.9,1.42,1384,176.2,70,0.771,,
2159,car,trim_4034,trim_4301,825.1,54.75,1515.37,635.18,4.66,1.89,1.49,1295,150.3,31,0.851,,
2160,car,trim_993,9855693599,-541.61,-198.19,1545.81,104.84,4.0,1.87,1.59,1306,145.5,74,0.793,,
2161,car,9168883545,trim_6272,-1481.79,-1151.6,-559.25,-775.34,4.67,1.74,1.46,1867,157.2,49,0.764,,
2162,car,trim_8230,3004576882,-2548.02,119.35,721.61,-9.45,4.12,1.85,1.61,1020,174.5,71,0.856,,
2163,motorcycle,trim_7724,trim_8959,313.04,-949.2,55.07,-1363.22,1.93,0.76,1.08,114,143.1,49,0.849,,
2164,car,4227743711,trim_5712,205.96,-1188.68,-1529.98,832.49,4.11,1.74,1.6,1377,169.1,16,0.963,,
2165,car,11586812699,4225351668,-35.69,-22.65,-342.52,757.87,4.8,1.75,1.36,1086,159.7,53,0.715,,
2166,car,4225219833,trim_8422,-319.78,-469.94,-442.31,-857.52,4.75,1.67,1.56,1873,154.7,71,0.854,,
2167,car,9843433163,9852378911,1375.19,643.97,-1950.16,-1021.46,4.97,1.95,1.43,1684,140.7,58,0.845,,
2168,car,trim_606,trim_1778,-2548.33,122.9,126.72,-1336.21,4.78,1.88,1.42,1309,141.8,49,0.875,,
2169,motorcycle,trim_1206,trim_4552,-1700.09,-130.28,-941.64,1208.26,2.02,0.77,1.3,198,153.0,73,0.761,,
2170,motorcycle,trim_5891,trim_1684,-1889.34,-1398.98,-198.94,-1274.93,1.87,0.66,1.35,239,127.7,78,0.887,,
2171,car,trim_6556,2960361584,485.14,-1167.4,-1362.25,-596.08,4.41,1.89,1.5,1711,165.2,47,0.779,,
2172,car,trim_8867,trim_3963,2375.52,-809.91,-437.23,919.18,4.27,1.86,1.61,1781,166.8,41,0.731,,
2173,car,trim_6352,9855014989,2247.07,1146.6,1803.75,-33.43,4.02,1.89,1.36,1072,170.6,72,0.857,,
2174,car,trim_8354,trim_3320,-285.44,409.68,-699.83,424.13,4.37,1.94,1.53,1188,170.4,80,1.015,,
2175,car,trim_4045,9168911120,772.08,177.09,-1559.1,-1431.49,4.96,1.85,1.49,1472,170.4,22,0.873,,
2176,car,trim_3356,trim_4448,582.03,662.3,1373.81,637.72,4.46,1.62,1.41,1380,150.1,52,0.703,,
2177,truck,trim_2248,4219134358,-794.35,564.74,344.34,-1911.01,8.42,2.53,2.99,13126,77.3,29,0.784,,
2178,car,trim_3332,trim_5683,228.59,5.4,1785.94,-863.87,4.22,1.73,1.55,1080,168.6,22,0.762,,
2179,car,4227743786,trim_7553,1429.5,-36.29,-549.24,-975.76,4.14,1.76,1.43,1322,158.5,70,0.743,,
2180,motorcycle,4224981058,4225172222,-2425.45,806.53,-1139.47,-452.4,1.87,0.71,1.19,191,138.8,78,0.983,,
2181,bus,trim_7384,2960358800,1857.41,-508.31,-2039.18,-398.69,10.74,2.55,3.22,9636,78.6,46,0.885,,
2182,car,11158293365,trim_6074,-458.68,-1084.98,-1806.58,1105.12,4.78,1.65,1.46,1171,170.0,48,0.87,,
2183,car,11491162936,9852436600,-210.36,-1064.09,-2221.48,-877.32,5.06,1.87,1.49,1419,162.3,52,0.656,,
2184,car,2962860519,2970305242,-283.29,-1138.83,1512.69,-608.1,4.02,1.9,1.48,1319,152.3,72,0.808,,
2185,car,trim_2225,trim_2231,2206.53,-1492.82,390.88,-680.45,4.08,1.86,1.58,1587,148.3,23,0.847,,
2186,bus,trim_1283,2962838296,-1392.82,352.12,42.97,-1016.83,9.16,2.57,3.44,12778,81.2,61,0.831,,
2187,car,2970305253,4227798432,1317.15,-494.68,2257.14,316.54,4.82,1.85,1.45,1473,178.3,58,0.814,,
2188,car,trim_2440,9852317028,-2225.29,1298.38,294.08,860.82,4.27,1.93,1.62,1778,145.2,68,0.787,,
2189,car,trim_5656,trim_826,-2083.2,-1189.65,-1301.1,165.02,4.75,1.92,1.58,1776,141.5,75,0.757,,
2190,car,trim_8676,9857583750,-521.42,853.56,-1284.4,-1036.18,4.09,1.62,1.42,1277,179.6,62,0.856,,
2191,car,trim_9390,trim_9135,-550.33,587.58,1361.03,1303.72,4.84,1.78,1.53,1359,152.6,26,0.672,,
2192,car,trim_5668,12144024512,388.8,-1115.26,1154.84,1187.81,4.98,1.78,1.57,1403,177.2,67,0.777,,
2193,car,trim_6365,trim_3741,2401.39,860.68,-684.82,-726.75,4.34,1.76,1.63,1460,170.6,68,0.808,,
2194,car,trim_3417,trim_1949,337.42,198.38,-550.54,-1544.27,4.31,1.76,1.53,1360,166.0,65,0.787,,
2195,car,4225324687,trim_9633,771.74,215.88,391.77,-1336.44,4.68,1.86,1.56,1332,153.7,63,0.654,,
2196,car,trim_6118,12372946961,-1423.02,159.94,-657.71,-434.39,4.07,1.85,1.56,1622,140.1,39,0.794,,
2197,motorcycle,trim_5163,trim_2969,1793.64,-392.36,-2211.52,1132.9,2.01,0.72,1.06,152,123.7,46,0.806,,
2198,car,trim_297,trim_6535,-2300.88,1404.73,844.26,-960.04,5.01,1.62,1.37,1061,175.0,65,0.744,,
2199,car,trim_4411,4224980887,2204.05,748.21,-1887.98,568.65,4.34,1.9,1.41,1532,143.6,74,0.923,,
2200,motorcycle,trim_2900,11056361048,-1780.86,942.26,1297.61,495.92,1.88,0.76,1.35,234,90.2,57,0.801,,
2201,car,trim_8883,457278256,2221.37,-482.3,617.77,-596.04,4.02,1.91,1.61,1150,168.9,80,0.92,,
2202,car,trim_5597,trim_7555,2115.71,345.24,-544.96,-978.36,4.39,1.63,1.62,1614,170.2,68,0.783,,
2203,car,2962838314,trim_5941,-112.37,-1152.69,132.17,-1437.19,4.55,1.71,1.41,1872,176.7,25,0.776,,
2204,car,5170639289,9168883579,2075.09,-164.3,-1429.05,-1454.16,4.16,1.78,1.41,1811,178.8,56,0.784,,
2205,motorcycle,5170798251,trim_6945,204.35,-216.44,2200.84,1257.86,1.91,0.81,1.23,191,134.6,31,0.772,,
2206,car,trim_2256,trim_4356,-600.41,127.84,1079.98,720.19,4.38,1.82,1.54,1728,160.9,25,0.879,,
2207,car,trim_2411,trim_3052,-324.27,1400.66,-241.05,542.32,4.36,1.88,1.6,1876,144.4,74,0.826,,
2208,car,12123907740,9860068755,-848.88,-226.69,826.62,-1355.68,4.24,1.67,1.61,1529,152.4,27,0.787,,
2209,car,11491328430,trim_375,215.86,-1230.65,-2134.45,66.85,4.05,1.62,1.41,1480,172.8,65,0.697,,
2210,car,9168946285,trim_3080,1757.92,503.24,488.36,-151.04,4.67,1.89,1.44,1141,167.6,63,0.794,,
2211,car,trim_6177,11158293367,-1759.14,-678.22,-581.47,-1049.13,4.27,1.87,1.37,1529,176.9,38,0.666,,
2212,car,trim_6384,2970305129,1950.75,741.28,2036.19,-1068.66,4.52,1.67,1.38,1078,168.9,27,0.699,,
2213,motorcycle,9859595984,trim_9516,292.97,-1153.45,1713.12,730.75,2.24,0.74,1.12,118,94.4,44,0.66,,
2214,car,trim_8369,10685694468,-475.13,-378.21,-1108.26,-736.69,4.34,1.6,1.48,1079,168.5,22,0.804,,
2215,car,trim_3774,9168883555,-211.1,-622.12,-1493.75,-1038.07,4.45,1.81,1.44,1691,152.8,68,0.865,,
2216,car,11491502800,trim_9645,432.7,-1382.77,-1324.78,1163.99,4.26,1.88,1.45,1798,144.8,39,0.799,,
2217,car,12901340303,trim_7328,173.08,-277.41,877.46,285.14,4.45,1.81,1.62,1240,146.1,69,0.767,,
2218,car,trim_3222,9859639820,462.84,-284.54,-425.99,-274.56,5.01,1.88,1.36,1875,176.7,64,0.896,,
2219,motorcycle,4225172442,trim_6927,15.7,496,1495.94,1033.04,2.11,0.65,1.36,243,149.5,32,0.69,,
2220,car,trim_5380,5170823230,2073.52,86.91,1093.23,430.86,4.88,1.64,1.51,1376,160.1,32,0.688,,
2221,car,9859595986,9857249942,299.52,-1155.55,-1463.77,278.08,4.89,1.72,1.54,1153,171.3,64,0.889,,
2222,motorcycle,11001379062,trim_969,-2325.61,-1066.03,-791.79,-150.43,1.9,0.72,1.25,250,96.0,16,0.803,,
2223,car,11747124024,trim_5498,-589.53,854.61,2427.76,336.42,4.15,1.88,1.54,1843,165.3,79,0.822,,
2224,car,5170823240,trim_2202,1371.64,458.81,-227.83,1165.51,4.69,1.62,1.41,1131,141.9,75,0.978,,
2225,car,11006831119,trim_2430,2101.58,-785.1,-470.53,1461.91,4.37,1.77,1.39,1725,162.3,31,0.686,,
2226,car,trim_6950,trim_8646,2061.61,1277.4,389.93,-677.02,4.32,1.67,1.57,1040,167.1,18,0.917,,
2227,car,trim_4045,trim_1106,772.08,177.09,-1472.94,62.48,5.04,1.74,1.59,1040,162.1,38,0.848,,
2228,car,trim_9257,9168951497,-1036.78,-1028.86,538.44,-1454.75,4.29,1.75,1.46,1270,159.1,73,0.969,,
2229,car,trim_7013,trim_2564,-2372.3,758.66,1674.17,1160.48,5.08,1.94,1.36,1522,150.3,26,0.809,,
2230,car,trim_3748,trim_4628,-669.29,-705.56,270.61,971.38,4.56,1.75,1.64,1234,141.4,65,0.732,,
2231,car,trim_7780,4225324906,-558.54,-1066.51,2619,1169.26,4.47,1.65,1.5,1443,160.3,72,0.902,,
2232,car,trim_6746,trim_2096,-29.85,576.47,2476.98,1142.24,4.47,1.94,1.64,1561,149.5,42,0.747,,
2233,car,2960361537,trim_2466,-1133.74,-587.23,-2298,1028.75,4.71,1.91,1.39,1532,175.4,28,0.85,,
2234,car,9168897707,10308070429,-277.94,-1089.13,1743.2,-93.03,4.61,1.6,1.43,1748,151.1,73,0.956,,
2235,motorcycle,trim_66,9857583745,333.84,-277.56,-1331.4,-557.11,2.09,0.65,1.23,141,98.5,48,0.864,,
2236,car,trim_1017,trim_8752,-830.95,79.08,289.14,1516.73,4.88,1.87,1.57,1504,178.0,53,0.727,,
2237,car,trim_6723,4227743682,-79.58,1153.33,334.46,-1413.31,4.83,1.69,1.59,1658,178.3,45,0.727,,
2238,car,trim_4578,trim_2535,1716.88,259.78,-744.51,1239.26,4.26,1.73,1.38,1662,159.0,23,0.855,,
2239,car,4225324816,11176503434,1136.85,802.27,-663.24,-708.38,4.24,1.83,1.47,1007,162.3,67,0.874,,
2240,car,2960312570,trim_1465,-467.17,-219.68,-1391.54,-873.85,4.85,1.89,1.45,1620,146.0,37,0.742,,
2241,car,trim_2748,9843992525,-2066.82,514.63,-2314.66,950.08,4.59,1.66,1.62,1473,146.6,16,0.99,,
2242,car,trim_8284,trim_985,2488.38,710.38,-695.28,-197.79,4.24,1.69,1.41,1393,160.4,59,0.757,,
2243,motorcycle,trim_4833,trim_8838,-747.07,-595.7,2207.03,-1497.77,2.14,0.86,1.22,171,124.7,18,0.893,,
2244,car,trim_2452,trim_5020,-2379.07,755.56,2191.46,-652.87,4.36,1.79,1.49,1242,151.2,57,0.858,,
2245,car,trim_9635,trim_9198,-1688.33,552.83,1914.16,953.77,4.16,1.68,1.54,1073,159.1,60,0.821,,
2246,car,4227743698,9843433133,238.56,-1320.98,959.58,647.22,4.66,1.66,1.5,1560,151.0,74,0.981,,
2247,car,trim_7720,trim_6717,369.2,-749.45,1025.15,1435.61,4.07,1.82,1.64,1347,175.5,36,0.757,,
2248,car,trim_4247,trim_1253,1393.39,769.88,-1610.71,-404.44,4.13,1.86,1.39,1555,159.7,48,0.734,,
2249,car,14063521243,trim_2009,2126.82,-1014.8,-363.01,37.18,4.45,1.88,1.37,1322,165.7,55,0.872,,
2250,car,trim_2261,trim_6854,-395.29,-158.7,-2370.56,181.63,4.48,1.81,1.42,1650,176.5,22,0.791,,
2251,car,4227798198,9168934125,1306.56,-99.27,2214.45,1288.72,4.81,1.89,1.37,1099,171.4,20,0.701,,
2252,car,trim_1484,trim_4212,-1238.68,-1069.6,1244.37,665.1,4.63,1.83,1.4,1830,145.8,51,0.84,,
2253,car,trim_7290,trim_7457,-1600.37,-490.73,-1791.63,-747.4,4.24,1.87,1.53,1432,156.4,22,0.792,,
2254,truck,trim_796,2960326561,-1024.07,52.64,-2045.61,292.4,7.52,2.5,2.56,5911,89.0,80,1.043,,
2255,car,trim_5115,trim_6243,2272.95,-631.08,-1395.37,-1393.81,4.87,1.67,1.44,1005,173.5,58,0.868,,
2256,bus,11015711794,trim_6207,-1164.77,574.4,-1320.27,-941.29,9.85,2.56,3.32,10401,92.4,29,0.882,,
2257,car,4225324762,trim_2655,1172.44,610.43,1898.55,-1429.64,4.3,1.91,1.45,1527,175.7,21,0.804,,
2258,car,2960300019,4224980887,-1031.79,766.99,-1887.98,568.65,4.94,1.93,1.6,1363,168.0,79,0.824,,
2259,car,9859566828,trim_4125,-1219.64,-239.78,1663.11,718.61,4.82,1.74,1.56,1714,165.0,24,0.677,,
2260,car,3887993270,trim_2223,1546.54,1012.58,2206.52,-1465.35,4.78,1.89,1.45,1400,165.1,35,0.851,,
2261,car,9852290907,trim_7994,275.94,1127.43,-1367.35,-1079.01,4.05,1.94,1.61,1854,178.8,43,0.789,,
2262,car,11775194492,trim_1185,194.11,-1639.77,-1746.75,-1001.14,4.74,1.76,1.61,1494,143.6,36,0.747,,
2263,car,trim_2465,trim_7469,-2301.91,1014.82,1652.1,-1042.2,4.24,1.81,1.47,1577,150.7,66,0.661,,
2264,car,trim_4553,trim_3290,-941.64,1286.35,-247.18,-24.32,4.85,1.61,1.49,1309,166.7,28,0.802,,
2265,car,9859655309,trim_9655,132.57,-985.73,-1354.16,1372.82,4.53,1.73,1.4,1610,151.1,28,0.848,,
2266,car,trim_3093,trim_458,-59.08,231.22,-2119.7,-128.86,4.18,1.67,1.38,1826,164.8,38,0.78,,
2267,motorcycle,trim_6500,9852961443,254.32,-9.63,-1353.32,-439.62,1.92,0.85,1.17,196,109.0,72,0.829,,
2268,motorcycle,trim_3294,trim_7230,-309.78,571.11,-2123.37,-325.66,1.96,0.87,1.22,164,111.2,49,0.812,,
2269,car,4227743704,trim_3932,324,-1243.22,850.46,-170.5,4.7,1.71,1.65,1389,158.8,79,0.815,,
2270,car,trim_7811,9844004270,74.87,-1470.49,-2437.71,537.25,4.88,1.66,1.39,1002,163.3,22,0.772,,
2271,motorcycle,trim_2565,5170799981,1681.96,1169.44,2154,519.71,1.95,0.68,1.12,199,122.7,22,0.816,,
2272,car,trim_9149,4225324716,2540.89,812.37,1936.45,335.41,5.04,1.83,1.49,1773,170.7,49,0.71,,
2273,car,trim_1993,trim_5925,-100.84,-2.97,-1056.78,-1379.5,4.98,1.69,1.51,1120,154.1,62,0.767,,
2274,motorcycle,trim_2898,2970305371,-1840.68,918.34,2039.47,938.67,2.0,0.68,1.17,207,141.2,78,0.857,,
2275,car,5171030824,2970305379,-2274.56,450.9,-1032.52,1043.48,4.36,1.83,1.49,1558,152.6,46,0.865,,
2276,car,7121512682,trim_320,208.61,2240.51,581.19,783.72,5.06,1.72,1.36,1698,170.0,60,0.771,,
2277,car,trim_3283,11015540343,-517.44,290.57,2250.46,-1249.26,4.92,1.73,1.5,1588,156.1,35,0.847,,
2278,car,9859655306,trim_414,-161.41,-560.37,-2014.11,236.13,5.0,1.82,1.39,1174,146.7,43,0.835,,
2279,car,9168861147,9857249958,-1165.87,171.16,-1837.99,-568.51,5.06,1.71,1.35,1016,144.1,67,0.872,,
2280,car,2960300013,2960326228,-1558.88,689.07,-1541.25,251.18,4.79,1.69,1.64,1602,159.6,47,0.894,,
2281,car,trim_3914,trim_2379,1741.22,239.72,-556.08,1273.18,4.38,1.71,1.45,1038,168.5,79,1.025,,
2282,ambulance,trim_6834,trim_3579,-2019.42,335.94,366.12,381.4,6.21,2.12,2.46,2551,144.3,65,0.475,a_7019995882,Mittal Hospital and Diagnostic Centre
2283,car,trim_7643,trim_2943,157.27,-133.42,-1733.62,1216.31,4.38,1.84,1.55,1035,144.2,20,0.915,,
2284,car,4225077470,9168986440,-1710.7,1130.64,-482.5,731.39,4.87,1.69,1.36,1489,168.0,38,0.886,,
2285,car,12124090600,trim_8444,2329.12,738.35,2074.46,710.21,4.75,1.74,1.56,1099,171.9,46,0.816,,
2286,car,trim_1169,trim_7288,-1815.71,106.25,-1619.32,-572.66,5.02,1.75,1.47,1225,179.9,70,0.822,,
2287,car,5170801493,2970305345,2141.28,583.79,656.79,604.89,4.97,1.88,1.56,1535,141.8,23,0.764,,
2288,bus,trim_245,2970305379,1313.65,455.3,-1032.52,1043.48,10.88,2.45,3.05,9282,94.0,29,0.838,,
2289,car,trim_3469,trim_1492,-352.94,-81.88,-1352.19,-1324.42,4.08,1.67,1.53,1820,152.4,79,0.949,,
2290,car,trim_5824,trim_5144,-682.14,705.48,2198.64,353.37,4.48,1.9,1.63,1282,168.5,68,0.79,,
2291,car,11136055392,trim_7609,-1082.42,-1373.56,-327.76,-460.32,4.07,1.84,1.51,1020,168.1,17,0.936,,
2292,car,trim_4949,trim_9484,-1388.01,1344.34,385.75,67.55,4.79,1.88,1.58,1393,154.6,35,0.747,,
2293,motorcycle,trim_514,trim_7684,-2088.84,-976.65,-998.73,421.29,1.89,0.86,1.11,259,119.1,76,0.962,,
2294,car,trim_8160,9859660240,1953.87,-620.69,491.13,-1514.68,4.86,1.62,1.62,1778,160.9,70,0.935,,
2295,bus,trim_2319,trim_3482,731.37,287.9,423.16,-622.36,11.84,2.53,3.57,12781,75.0,49,0.807,,
2296,car,trim_9092,12128993533,1578.68,-347.91,1481.15,690.25,4.95,1.88,1.37,1097,159.6,34,0.861,,
2297,car,trim_3696,12372946963,-1229.72,-1039.58,-662.51,-438.8,4.95,1.74,1.58,1287,178.6,50,0.744,,
2298,car,trim_3584,11777944689,550.22,414.19,687.38,707.36,4.24,1.73,1.6,1252,177.0,30,0.78,,
2299,car,9852405420,2960326595,-2218.5,-145.42,-1787.37,63.52,4.76,1.83,1.58,1627,143.4,64,0.88,,
2300,car,trim_4272,trim_673,2089.08,-242.84,-1561.56,631.68,5.06,1.84,1.39,1185,173.0,28,0.823,,
2301,car,trim_6667,trim_747,1279.72,153.79,-1546.44,689.24,4.92,1.85,1.5,1702,161.5,51,0.865,,
2302,car,trim_214,6202106508,400.11,-236.54,1844.69,-924.92,4.42,1.65,1.36,1067,166.5,47,0.7,,
2303,car,trim_4191,trim_6632,1456.83,828.68,2148.95,-902.84,5.07,1.91,1.38,1399,161.7,65,0.653,,
2304,motorcycle,trim_8086,12098457326,-443.3,-1436.66,-1719.14,700.08,2.04,0.84,1.37,180,123.8,17,1.018,,
2305,car,trim_5650,1680108666,-2511.78,1334.04,-1378.27,454.24,4.53,1.64,1.51,1698,155.1,63,0.651,,
2306,car,9843036307,trim_797,-2487.54,1222.39,-1039.8,74.58,4.53,1.89,1.54,1167,143.8,34,0.66,,
2307,car,trim_8681,trim_7672,-28.7,717.67,-621.37,-93.02,4.93,1.74,1.36,1270,160.0,44,0.661,,
2308,car,trim_9557,trim_8613,-288.84,-632.7,-653.37,-1181.59,4.74,1.74,1.44,1296,156.0,70,0.817,,
2309,motorcycle,trim_4394,trim_5625,2494.4,1043.82,-174.86,1162.25,2.11,0.75,1.16,246,142.7,18,0.837,,
2310,car,11206931703,2960328323,2058.82,84.79,-1689.53,-59.68,4.88,1.61,1.52,1639,159.5,17,0.827,,
2311,motorcycle,trim_6460,trim_6373,1614.63,357.38,2108.26,714.71,2.21,0.9,1.3,199,137.8,31,0.788,,
2312,car,trim_8520,7222770494,-1325.48,-981.33,200.22,-1500.04,4.41,1.8,1.41,1894,145.7,66,0.776,,
2313,car,trim_526,trim_4976,-1845.54,-1334.34,-1456.8,1159.51,4.3,1.64,1.45,1222,163.9,66,0.842,,
2314,car,9852338742,9859738799,-2034.19,-142.63,-501.37,-1229.11,4.38,1.66,1.59,1127,144.5,19,0.848,,
2315,car,trim_9259,trim_3019,-1304.08,572.99,-1550.13,1313.18,4.4,1.7,1.35,1778,177.1,45,0.7,,
2316,car,trim_93,trim_8346,672.65,509.52,-277.1,667.49,4.25,1.78,1.44,1614,164.9,26,0.651,,
2317,car,trim_5328,trim_6893,705.57,1469.96,-1585.84,840.69,4.26,1.88,1.61,1432,153.5,48,0.744,,
2318,truck,trim_5087,2960336637,1374.48,431.89,-1612.78,14.63,10.14,2.4,2.53,6792,72.4,22,0.877,,
2319,car,trim_7173,trim_8647,-2082.22,68.24,419.78,-623.29,4.17,1.79,1.41,1514,154.7,77,0.912,,
2320,car,6928966889,trim_5562,-1777.35,-1491.53,1799.97,-40.13,4.37,1.87,1.53,1090,177.2,26,0.864,,
2321,car,12143932397,9852436589,722.85,861.55,-2090.42,-1094.98,4.21,1.72,1.5,1817,175.7,54,0.668,,
2322,car,9854981026,9843398600,1775.04,-620.45,1928.79,1539.56,4.42,1.72,1.64,1228,172.4,57,0.702,,
2323,car,12130429763,trim_3592,-1522.43,843.18,345.11,530.04,4.61,1.64,1.52,1688,156.1,75,0.966,,
2324,car,5170849704,trim_1788,-1189.9,998.2,109.56,-1250.16,4.07,1.74,1.42,1292,178.2,74,0.909,,
2325,car,trim_3220,2962860492,211.46,240.98,-423.12,-1155.57,4.26,1.63,1.58,1684,141.8,44,0.694,,
2326,ambulance,11143288409,trim_8540,1220.92,862.35,-659.79,913.85,6.29,2.22,2.73,3402,156.5,79,0.814,a_7020926045,Heera Lal Hospital and Heart Care Centre
2327,motorcycle,trim_7383,9859647551,1826.69,-530.74,-277.16,-1079.62,1.97,0.84,1.16,152,127.3,21,0.797,,
2328,motorcycle,3004576866,trim_7558,723.49,-207.27,-528.27,-891.63,2.29,0.83,1.13,128,96.5,60,0.747,,
2329,bus,trim_1753,trim_3908,88.7,-1396.26,1691.69,287.56,11.96,2.43,3.03,11566,95.5,62,0.854,,
2330,car,trim_6304,2960312519,-104.64,-1158.57,-1275.25,-402.32,4.33,1.77,1.6,1095,142.0,76,0.858,,
2331,truck,9857750390,trim_9271,-267.33,-658.02,-1774.33,1118.04,8.17,2.5,2.96,8756,74.5,74,0.778,,
2332,car,trim_3358,trim_8947,450.16,637.98,1123.88,1243.08,4.63,1.7,1.45,1849,167.2,42,0.795,,
2333,car,11282665091,2960300001,-208.89,117.44,-1615.93,772.49,4.28,1.84,1.51,1314,156.7,71,0.805,,
2334,car,11499317439,trim_3750,-268.64,1101.97,-610.16,-733.07,4.66,1.92,1.64,1646,156.3,43,0.78,,
2335,car,trim_607,9852338752,-2483.71,201.1,-2051.29,-306.3,4.6,1.61,1.58,1399,157.6,74,0.85,,
2336,bus,trim_3200,5170849702,-111.82,563.11,-1230.18,992.74,9.14,2.53,3.34,13358,82.2,64,0.706,,
2337,car,5170849702,trim_2483,-1230.18,992.74,-23.36,1167.21,4.2,1.86,1.58,1400,166.8,26,0.664,,
2338,car,trim_2622,trim_1254,-1103.84,742.08,-1529.04,-399.56,4.26,1.73,1.39,1537,146.9,20,0.782,,
2339,motorcycle,4223620634,trim_1031,-2452.75,-681.14,-983.51,116.16,2.26,0.72,1.11,139,155.9,46,0.663,,
2340,car,trim_231,5170637557,907.8,354.84,1320.91,56.19,4.68,1.93,1.43,1341,171.5,19,0.919,,
2341,car,trim_3204,trim_4536,-417.33,583.67,-757.19,916.81,5.08,1.69,1.42,1825,156.0,60,0.814,,
2342,car,trim_5048,9853276950,1921.61,-189.54,1655.71,249.29,4.48,1.91,1.45,1127,152.2,33,0.776,,
2343,car,5170633537,trim_2995,2222.62,306.32,-1948.14,822.11,4.79,1.62,1.59,1775,150.6,59,0.722,,
2344,car,trim_571,9852405417,-1965.13,499.31,-2221.38,-326.27,5.04,1.69,1.38,1521,170.1,17,0.834,,
2345,car,trim_5328,9843437530,705.57,1469.96,2110.03,1348.32,5.06,1.92,1.51,1006,149.9,72,0.823,,
2346,car,12143965276,5170823247,694.97,784.13,1542.6,477.37,4.4,1.88,1.49,1774,178.0,73,0.866,,
2347,car,trim_7258,trim_219,-2251.83,-955,420.72,-71.99,4.2,1.68,1.53,1117,144.9,25,0.879,,
2348,car,trim_8757,trim_8494,-1964.72,-1490.84,-1899.31,-726.43,4.99,1.82,1.57,1293,156.1,69,0.921,,
2349,car,4225324885,2960326614,-158.96,1047.72,-2053.32,-10.83,4.63,1.65,1.59,1509,171.1,36,0.88,,
2350,car,2960312490,trim_599,-1155.3,-7.04,-2116.33,1151.54,4.22,1.88,1.37,1721,172.2,62,0.849,,
2351,car,9859738814,trim_3995,587.17,-1042.83,-431.28,1156.13,4.9,1.77,1.55,1353,152.0,70,0.702,,
2352,car,9857246296,2960336694,1706.36,-113.66,-1583.69,-397.77,4.2,1.79,1.35,1004,153.0,21,0.695,,
2353,car,trim_8979,trim_6415,-2164.92,717.52,2369.18,821.51,4.37,1.63,1.63,1132,146.4,16,0.821,,
2354,car,trim_3680,trim_2762,-241.67,-666.44,-2309.57,690.18,4.4,1.73,1.43,1359,161.2,33,0.815,,
2355,motorcycle,12121616911,trim_3314,1627.07,1504.62,-96.69,-303.43,1.83,0.87,1.19,130,122.7,18,0.935,,
2356,motorcycle,trim_6333,trim_6532,1968.91,1143.26,747.36,-786.91,2.0,0.82,1.21,151,147.8,45,0.867,,
2357,car,trim_2456,trim_7746,-2360.53,819.05,-979.06,-475.04,4.53,1.92,1.45,1661,177.3,40,0.7,,
2358,car,4225324859,trim_3582,-494.1,912.26,498.25,404,4.56,1.77,1.62,1620,148.6,17,0.877,,
2359,car,2960326744,trim_136,-1676.93,-105.62,255.68,-654.05,4.95,1.72,1.64,1138,145.4,78,0.799,,
2360,car,trim_6203,trim_2806,-1440.92,-944.65,-2063.46,514.78,4.58,1.78,1.38,1571,140.3,62,0.661,,
2361,car,trim_7849,9852331994,1665.49,969.92,-745.14,1010.73,4.48,1.81,1.6,1435,145.3,32,0.738,,
2362,car,11491618540,trim_6460,-556.57,817.41,1614.63,357.38,4.05,1.9,1.4,1651,154.1,46,0.707,,
2363,car,trim_5703,trim_8693,1143.89,-384.48,-617.81,1108.78,4.49,1.6,1.43,1583,147.9,77,0.916,,
2364,car,trim_2734,trim_2036,-1865.34,702.15,1524.15,-290.3,4.65,1.64,1.51,1844,176.3,57,0.853,,
2365,car,trim_57,trim_4950,131.17,8.09,-1353.83,1351.72,4.93,1.88,1.54,1075,164.1,18,0.966,,
2366,bus,2960299986,trim_9521,-1311.04,831.1,1695.6,823.69,11.91,2.49,3.42,8664,93.8,55,0.879,,
2367,car,7219691566,trim_4509,2254.04,-1283.87,-939.18,1289.28,4.89,1.89,1.52,1143,145.2,26,0.779,,
2368,car,trim_8339,4227798425,-279.93,669.5,2420.34,397.12,4.76,1.66,1.55,1857,178.7,76,0.942,,
2369,car,4227798399,trim_7313,2482.17,388.1,-1365.07,-427.72,5.02,1.75,1.59,1432,175.3,49,0.724,,
2370,car,trim_7923,trim_8476,-1622.05,382.26,2293.34,1080.39,4.22,1.91,1.61,1560,158.5,79,0.831,,
2371,car,2962838314,trim_3389,-112.37,-1152.69,-235.33,507.17,4.4,1.64,1.62,1677,174.1,44,0.874,,
2372,car,trim_6303,trim_3277,-144.37,-1157.51,375.46,334.58,4.71,1.89,1.53,1514,170.5,44,0.718,,
2373,car,2970305379,2960312480,-1032.52,1043.48,-1471.42,37.96,4.02,1.7,1.44,1523,156.8,22,0.807,,
2374,car,trim_4721,trim_889,-189.86,-958.41,-1178.62,-349.09,4.62,1.6,1.37,1629,159.3,77,0.874,,
2375,motorcycle,trim_8057,trim_1815,2307.1,-931.61,-43.74,-992.03,1.88,0.75,1.32,214,99.7,62,0.715,,
2376,car,2970305115,trim_5888,2174.28,-1274.86,-1902.23,-1387.01,4.24,1.87,1.42,1536,143.4,50,0.881,,
2377,car,trim_850,trim_7670,-1254.72,-15.24,-637.34,-490.38,5.0,1.84,1.39,1218,177.8,30,0.838,,
2378,car,trim_4994,11136055391,1602.54,-551.4,-1101.97,-1364.04,4.2,1.71,1.37,1442,174.7,69,0.833,,
2379,car,trim_7467,9852465888,-2102.63,-610.58,-1651.3,-1550.44,4.97,1.82,1.51,1113,164.4,44,0.704,,
2380,car,trim_4772,trim_3468,999.95,755.17,-342.58,-97.3,4.58,1.86,1.48,1276,146.3,47,0.859,,
2381,car,2960336685,9852348494,-1656.49,-366.88,-1445.74,25.44,4.84,1.82,1.56,1820,159.3,77,0.969,,
2382,motorcycle,trim_3072,7218290614,442.78,-340.13,2391.47,1384.11,1.92,0.8,1.33,135,143.8,36,0.835,,
2383,car,trim_742,trim_3743,-1346.12,977.96,-672.84,-706.64,4.86,1.74,1.35,1648,145.7,18,0.884,,
2384,ambulance,trim_7770,trim_3545,-909.51,-525.73,610.47,-160.68,6.47,2.02,2.54,3407,122.7,55,0.525,a_7021222684,"Ganesh Hospital, Ghaziabad"
2385,motorcycle,trim_2925,2960299994,-1847.4,1359.51,-1709.91,680.95,2.04,0.86,1.3,158,136.1,22,0.829,,
2386,car,trim_7362,trim_6539,2001.48,-454.23,660.06,-1134.99,4.71,1.64,1.54,1539,169.0,23,0.834,,
2387,car,5170849700,trim_6794,-1612.61,656.11,515.03,1090.14,4.89,1.69,1.52,1560,152.2,45,0.821,,
2388,car,trim_7020,trim_2477,-2463.67,457.7,-42.48,1277.24,4.02,1.71,1.41,1700,163.6,39,0.848,,
2389,ambulance,9852391730,12526741197,-2125.75,-726.85,1238.86,1676.53,5.85,2.15,2.65,2945,138.3,47,0.657,a_7021267999,City Central Hospital
2390,car,9857647477,2960299960,-627.79,-1121.48,-1512.97,630.46,4.11,1.68,1.36,1433,151.1,47,0.807,,
2391,car,trim_7555,9852333185,-544.96,-978.36,274.76,865.87,4.23,1.66,1.42,1279,173.8,35,0.723,,
2392,car,trim_303,9854981024,-1784.97,384.17,1763.19,-604.44,4.02,1.8,1.46,1643,158.3,23,0.71,,
2393,car,12124025154,trim_1212,2219.68,700.58,-1539.7,20.46,4.36,1.63,1.36,1224,145.3,28,0.855,,
2394,car,trim_8975,trim_4760,-2151.08,702,292.86,-1272.34,4.1,1.93,1.45,1773,142.2,50,0.809,,
2395,car,trim_6925,2960361535,1866.08,1498.15,-1079.14,-597.93,4.3,1.65,1.54,1618,152.0,59,0.748,,
2396,car,trim_3341,trim_62,-248.45,-188.74,239.74,-233.23,4.65,1.65,1.59,1770,145.3,45,0.778,,
2397,car,trim_3688,6925898205,-1239.49,-1173.03,-1844.25,-1506.42,5.04,1.87,1.37,1082,150.0,60,0.876,,
2398,car,trim_6945,trim_8626,2200.84,1257.86,212.57,-1212.87,4.82,1.86,1.44,1865,177.3,24,0.804,,
2399,motorcycle,9859738801,9843119614,-505.82,-1231.22,-1556.1,1042.28,1.86,0.82,1.35,157,124.7,31,0.874,,
2400,car,9843050545,trim_9030,-2209.1,576.63,-1322.65,1166.73,4.88,1.66,1.5,1585,179.2,68,0.742,,
2401,car,trim_3784,trim_452,-531.32,-1166.65,-2119.62,-388.94,4.47,1.86,1.39,1767,166.9,62,0.873,,
2402,car,trim_8618,trim_4647,221.31,-1175.12,-1261.57,1146.85,4.26,1.65,1.61,1001,157.4,25,0.728,,
2403,motorcycle,11909810090,2970305117,2389.49,-993.79,2158.32,-1247.36,1.83,0.8,1.28,185,115.1,69,0.839,,
2404,car,9843119611,trim_9531,-1542.55,1009.52,-890.33,-1241.09,4.09,1.67,1.41,1868,141.0,80,0.811,,
2405,car,trim_404,trim_4624,-2131.83,64.45,-627.27,612.09,4.04,1.62,1.62,1689,156.7,28,0.862,,
2406,car,trim_3775,9853262751,-1004.06,-937.57,1309.13,229.23,4.66,1.77,1.5,1451,143.9,42,0.66,,
2407,car,trim_7242,6294257373,-2434.78,-335.4,-2421.39,-812.92,4.43,1.64,1.63,1499,144.6,76,0.937,,
2408,car,12124057113,trim_2299,-1016.79,-984.83,2605.55,1166.95,4.1,1.89,1.46,1378,163.8,60,0.807,,
2409,motorcycle,9843057341,trim_4226,-2675.26,1165.08,-100.61,876.66,1.99,0.9,1.32,190,101.2,77,0.814,,
2410,car,trim_7281,trim_5904,-1973.91,-1476.92,-1760.69,-1507.1,4.53,1.65,1.5,1742,169.0,30,0.818,,
2411,car,11198037188,11909810123,-112.71,-1712.47,2456.85,-915.28,4.49,1.82,1.49,1317,151.3,75,0.879,,
2412,bus,trim_4783,9852338744,359.04,-1414.29,-2026.36,-148.51,9.1,2.51,3.03,10402,83.3,63,0.676,,
2413,car,trim_4657,9168881216,1306.74,-1441.76,2016.38,624.16,5.07,1.81,1.41,1415,143.2,65,0.77,,
2414,car,trim_7106,9852465884,-931.98,1133.54,-1828.72,-1465.12,5.04,1.73,1.5,1376,154.9,59,0.841,,
2415,car,9852938586,9859501405,-1591.72,149,381.75,-845.83,4.09,1.71,1.48,1316,164.3,62,0.855,,
2416,car,5170637558,trim_9527,1340.08,44.94,1670.81,955.21,4.27,1.86,1.5,1824,166.2,42,0.797,,
2417,car,4227743808,6928966901,951.88,468.17,-1630.14,-1312.82,4.79,1.65,1.51,1865,157.1,43,0.71,,
2418,car,trim_4923,trim_3102,-1466.08,1197.97,490.55,-153.62,4.52,1.88,1.36,1180,155.1,77,0.797,,
2419,car,trim_1205,trim_3879,-1784.15,-189.29,1425.29,-253,4.92,1.64,1.43,1432,146.1,29,0.686,,
2420,car,trim_2810,9857987870,-2032.42,397.19,-773.13,-510.56,4.15,1.73,1.6,1303,141.0,23,0.899,,
2421,car,10259407492,11499317438,2442.71,-1078.17,-225.16,1110.19,5.09,1.78,1.57,1033,162.5,42,0.792,,
2422,ambulance,trim_8447,trim_2937,1748.56,785.03,-2227.48,1078.63,5.9,2.14,2.63,3457,132.4,28,0.548,a_7022093963,Prime Hospital
2423,car,trim_8068,trim_4568,-1608.73,-1505.72,1636.41,126.41,4.88,1.87,1.42,1198,166.9,19,0.717,,
2424,car,trim_7639,9855691354,336.91,-276.23,2437.57,-888.29,4.25,1.66,1.44,1843,179.4,78,0.953,,
2425,car,4227743655,6735189832,308.01,-1515.35,2412.01,-555.04,4.12,1.95,1.52,1579,152.6,50,0.753,,
2426,car,trim_6787,11161018540,448.15,635.07,2190.7,-1482.31,4.56,1.77,1.41,1090,164.2,64,0.689,,
2427,car,5170823226,trim_5419,981.31,385.67,1918.24,-950.32,4.5,1.71,1.47,1004,145.1,20,0.712,,
2428,car,6294257369,9854981060,-2481.17,-821.64,2027.83,-455.06,4.04,1.73,1.49,1768,179.0,29,0.696,,
2429,car,trim_7620,4225077518,241.71,-231.82,-1911.06,1423.36,4.41,1.8,1.36,1236,176.9,37,0.843,,
2430,car,trim_9069,trim_1856,-1691.46,748.79,-314.19,-709.75,5.0,1.72,1.47,1388,168.4,30,0.862,,
2431,car,trim_4367,trim_3961,1308.35,434.7,-433.44,896.58,4.14,1.78,1.44,1248,165.4,20,0.826,,
2432,car,trim_106,9852405446,-139.33,635.16,-2367.84,-323.16,4.21,1.63,1.39,1352,152.9,52,0.726,,
2433,motorcycle,2970305132,6928966684,1912.13,-947.86,-1700.2,-1455.49,1.87,0.85,1.14,193,107.6,66,0.708,,
2434,car,trim_7693,trim_5476,-223.44,-220.1,2420.15,50.76,4.96,1.68,1.37,1330,149.1,25,0.859,,
2435,car,trim_6293,trim_2086,-352.86,-964.53,2538.81,809.49,5.0,1.61,1.4,1611,165.3,31,0.88,,
2436,car,trim_1410,trim_5168,-2107.94,-603.61,1804.63,57.8,4.66,1.69,1.52,1006,143.4,49,0.764,,
2437,bus,9852338766,trim_7467,-1834.89,-304.08,-2102.63,-610.58,9.32,2.5,3.5,8745,73.1,32,0.833,,
2438,motorcycle,9859747846,trim_110,-30.72,-1464.45,-258.57,613.73,2.28,0.82,1.1,156,124.0,43,0.722,,
2439,car,trim_555,trim_5561,-1513.79,-28.79,1796.68,-38.75,4.29,1.7,1.41,1063,144.1,29,0.728,,
2440,car,4225324707,9859493790,1908.75,295.65,224.3,-740,4.77,1.68,1.44,1104,175.0,16,0.877,,
2441,car,trim_9266,6294257999,-1981.57,1104.06,-2139.15,-750.25,4.55,1.74,1.52,1247,141.9,65,0.763,,
2442,motorcycle,trim_5516,4224981112,2438.47,-1089.1,-2570.46,1246.62,2.21,0.76,1.12,113,97.3,61,0.841,,
2443,car,12165533318,4227797916,-1921.36,351.71,2304.84,-906.62,4.35,1.64,1.58,1412,166.5,76,0.91,,
2444,car,2960366923,trim_769,-1683.22,-485.09,-908.77,-536.29,4.5,1.69,1.42,1772,177.5,49,0.715,,
2445,car,trim_912,trim_5845,-1210.24,-75.33,-898.97,874.12,4.67,1.94,1.48,1544,149.2,29,0.827,,
2446,truck,trim_2708,trim_6207,-2225.92,504.05,-1320.27,-941.29,11.82,2.48,2.62,13974,82.1,54,0.668,,
2447,car,trim_7590,trim_3593,-688.88,-864.91,460.94,551.57,4.02,1.66,1.58,1406,149.3,24,0.826,,
2448,car,trim_4024,2960312510,-623.8,1171.3,-1466.1,-135.15,4.38,1.92,1.47,1079,173.5,26,0.657,,
2449,motorcycle,2970305370,trim_3171,-1009.3,911.55,-490.74,108,2.0,0.73,1.19,124,112.5,66,0.669,,
2450,car,11909810108,trim_6862,2320.11,-912.45,-2243.7,-617.29,4.07,1.75,1.64,1360,164.0,64,0.844,,
2451,car,trim_9676,trim_5974,-1515.67,399.65,210.21,1040.91,4.9,1.81,1.5,1465,158.7,47,0.751,,
2452,car,trim_7851,4223620620,1407.89,925.47,-2086.64,-1008.43,5.09,1.92,1.49,1422,170.1,72,0.842,,
2453,car,trim_7187,7222735474,-2085.01,70.59,146.27,-1528.26,4.24,1.77,1.52,1279,147.9,41,0.854,,
2454,car,11865304951,trim_9225,-2205.6,-1293.39,-1525.22,778.66,4.58,1.64,1.62,1398,162.9,70,0.908,,
2455,car,6925898198,6735189831,-1889.28,-1551.92,2412.27,-549.22,4.68,1.66,1.38,1258,143.4,61,0.734,,
2456,motorcycle,4225324885,3840460031,-158.96,1047.72,-2223.78,1288.31,2.02,0.71,1.13,209,111.2,68,0.926,,
2457,car,trim_4234,trim_3438,1913.88,221.41,67.62,429.61,5.03,1.68,1.65,1432,167.2,43,0.832,,
2458,car,12109680696,12124348723,1356.4,1452.57,2264.95,544.27,5.0,1.91,1.58,1280,167.8,39,0.746,,
2459,car,trim_7117,trim_6949,-2386.54,265.96,2235.69,1102.61,4.24,1.74,1.38,1666,159.1,74,0.799,,
2460,car,12098320590,9168965282,-1808.25,1350.23,1283.53,178.57,5.06,1.9,1.58,1625,146.2,80,0.924,,
2461,car,trim_7574,2970305102,-408.21,-791.31,2188.98,-1391.34,5.02,1.67,1.57,1504,154.0,64,0.864,,
2462,car,9843057342,5170801503,-2624.91,1096.49,2063.51,484.25,4.92,1.65,1.49,1731,162.1,27,0.715,,
2463,car,trim_7653,5170630792,166.71,-188.36,2186.76,457.28,4.3,1.67,1.39,1689,176.7,65,0.76,,
2464,car,trim_8153,trim_4895,-1902.39,-1390.23,-1235.1,1281.8,4.01,1.73,1.54,1430,149.2,56,0.766,,
2465,car,trim_7607,trim_8781,-256.62,-687.24,-36.64,-927.66,4.13,1.65,1.36,1628,163.5,40,0.884,,
2466,car,trim_3155,trim_1614,601.04,151.52,-1352.86,-720.29,4.29,1.71,1.41,1533,167.8,73,0.734,,
2467,motorcycle,trim_8920,4225077390,2455.4,-1096.14,-2390.68,901.03,2.29,0.81,1.18,111,151.2,46,0.713,,
2468,car,trim_2013,trim_306,1463.66,463.14,-1657.06,407.22,4.77,1.94,1.57,1887,155.9,35,0.741,,
2469,car,9853276936,trim_3203,1878.62,498.91,-71.9,286.87,4.92,1.83,1.45,1559,146.9,22,0.652,,
2470,motorcycle,trim_3336,trim_213,144.83,305.17,379.86,-296.21,2.19,0.85,1.09,226,93.9,57,0.756,,
2471,car,4225077399,trim_3344,-2485.06,925.92,-224.19,-223.3,4.93,1.76,1.52,1709,178.7,26,0.685,,
2472,car,trim_150,2962837724,406.7,-737.29,-136.27,-1522.64,4.25,1.62,1.57,1461,166.2,40,0.783,,
2473,car,trim_9355,trim_3373,863.01,818.19,-58.79,450.07,5.07,1.89,1.54,1688,167.5,67,0.79,,
2474,car,trim_5172,9858060919,1762.03,-276.39,366.84,-171.93,5.03,1.63,1.43,1236,145.0,75,0.987,,
2475,truck,trim_5485,trim_6128,2307.04,240.22,-1273.32,-172.61,11.95,2.56,3.72,15664,91.7,24,0.801,,
2476,car,5170783077,trim_1994,1801.41,419.51,-80.36,8.26,4.85,1.79,1.39,1126,156.4,26,0.782,,
2477,car,trim_7008,11491168062,-2334.36,884.33,-928.01,-1501.29,4.32,1.77,1.37,1567,179.0,44,0.857,,
2478,car,2970305235,trim_5041,1851.35,-910.74,1911.51,-95.56,4.45,1.87,1.56,1393,149.5,80,0.847,,
2479,car,trim_1326,trim_3289,-1021.16,-290.78,-249.61,-19.95,4.65,1.74,1.49,1247,173.5,34,0.706,,
2480,car,trim_4156,4225172437,-488.74,1125.29,38.09,486.82,4.07,1.8,1.42,1162,153.7,35,0.871,,
2481,bus,13968415813,trim_7302,-1606.23,376.42,-1244.29,-743.86,10.41,2.49,3.06,10283,88.1,75,0.896,,
2482,bus,trim_3302,2962837664,-171.16,293.83,-93.84,-1277.5,11.19,2.46,3.52,13618,79.4,69,0.88,,
2483,ambulance,trim_3457,4219134358,-1343.29,-416.9,344.34,-1911.01,5.8,2.16,2.74,2997,156.9,70,0.692,a_7025117453,Pannalal Shyamlal Hospital
2484,bus,trim_3751,9852331986,-553.62,-756.07,-406.27,762.52,10.52,2.42,3.58,8697,79.3,44,0.705,,
2485,car,4227743917,trim_5418,-1514.11,1700.28,809.96,-1479.92,4.03,1.85,1.36,1506,159.2,58,0.729,,
2486,car,trim_2294,12918589237,2261.64,1106.07,-819.79,666.46,4.74,1.87,1.37,1576,155.5,37,0.845,,
2487,car,trim_7774,trim_572,-170.36,-548.49,-1965.86,504.26,5.02,1.62,1.63,1519,167.5,18,0.918,,
2488,car,4227797920,trim_6833,2062.26,-848.58,-2024.34,335.08,5.05,1.76,1.38,1161,169.0,66,0.759,,
2489,car,trim_8302,trim_7339,-1994.43,-820.94,1281.74,150.61,4.16,1.71,1.44,1482,140.3,56,0.736,,
2490,car,trim_956,trim_2490,-451.47,-288.11,103.13,1153.88,4.62,1.77,1.58,1649,178.8,41,0.8,,
2491,car,trim_2342,trim_2751,1422.96,1485.06,-2292.47,727.99,4.94,1.71,1.45,1508,165.7,34,0.714,,
2492,motorcycle,4225077489,7134890037,-2025.86,1200.31,2242.38,-1069.29,2.14,0.67,1.22,142,117.4,74,0.743,,
2493,bus,trim_4826,trim_981,306.24,-1467.27,-612.11,-315.33,10.49,2.59,3.24,11918,95.9,29,0.676,,
2494,car,9852305620,trim_2380,349.81,978.64,-506.74,1282.11,4.32,1.9,1.41,1028,140.6,21,0.74,,
2495,car,trim_5409,5372152743,2104.66,46.27,-2103.3,-1212.61,4.82,1.78,1.39,1868,165.1,33,0.778,,
2496,car,trim_6489,9857635298,1969.68,-196.69,-497.6,-938.6,4.95,1.88,1.36,1425,168.6,41,0.671,,
2497,car,trim_5259,trim_8622,2473.46,4.06,235.69,-1196.32,4.47,1.72,1.63,1490,146.0,16,0.918,,
2498,car,5170894031,5049369466,-1104.31,-1533.5,-12.81,-836.07,4.68,1.9,1.52,1124,158.8,24,0.759,,
2499,car,11491328430,9857157136,215.86,-1230.65,1171.58,-161.81,4.54,1.84,1.58,1188,155.8,24,0.689,,
2500,truck,trim_8035,4227695051,1241.37,667.2,2496.07,1386.81,7.99,2.51,2.53,15527,96.6,20,0.808,,
2501,bus,trim_9419,4225324865,-660.85,-443.58,1572.49,933.74,11.41,2.55,3.43,8773,96.3,42,0.823,,
2502,bus,9852465887,trim_3933,-1646.02,-1549.23,821.6,-53.11,10.46,2.6,3.08,9444,71.1,45,0.651,,
2503,motorcycle,trim_537,trim_5437,-1516.78,-1298.34,1963.08,-160,2.13,0.82,1.36,206,103.8,74,0.823,,
2504,car,9853262760,11499313287,1497.2,158.84,-387.24,1009.83,4.13,1.75,1.52,1764,162.4,30,0.868,,
2505,car,4227743688,9843084747,246.37,-1384.36,-2321.24,827.93,4.24,1.75,1.62,1384,155.4,76,0.942,,
2506,bus,trim_8474,trim_1479,2257.2,1071.75,-1589.36,-1131.68,9.87,2.57,3.15,9671,77.6,18,0.837,,
2507,car,trim_4814,trim_7096,-1191.33,941.55,-2132.53,377.9,4.29,1.76,1.36,1492,151.6,58,0.788,,
2508,car,trim_133,4225324801,155.55,-789.4,871.31,760.4,4.8,1.63,1.47,1128,177.8,37,0.779,,
2509,car,trim_2521,trim_9099,279.77,1425.55,1547.32,282.44,4.33,1.64,1.35,1736,166.2,68,0.834,,
2510,car,trim_8546,trim_2959,-53.08,-35.51,-2483.6,1082.33,4.11,1.85,1.41,1297,146.5,58,0.743,,
2511,car,12109729945,trim_5474,1793.44,1490.55,2377.31,44.59,4.77,1.65,1.59,1497,141.9,80,1.009,,
2512,car,4227798206,trim_3026,1788.29,-84.32,-1356.94,1374.76,4.71,1.82,1.42,1829,169.6,55,0.774,,
2513,car,trim_7129,trim_6530,-2357.5,244.34,695.11,-880.61,5.03,1.86,1.55,1536,141.9,29,0.672,,
2514,car,4227743815,2960368367,951.44,649.63,-2257.29,-62.77,4.18,1.71,1.5,1392,147.3,73,0.906,,
2515,car,trim_2408,trim_5919,133.36,1400.3,-983.71,881.53,4.19,1.61,1.37,1401,161.3,18,0.982,,
2516,car,9168911138,trim_4662,-1803.54,-957.68,1766.5,-862.5,5.0,1.73,1.62,1802,160.3,76,0.789,,
2517,car,trim_8338,trim_9649,-335.05,873.49,-1339.82,1266.85,4.07,1.91,1.6,1744,145.2,44,0.742,,
2518,car,trim_3112,trim_4097,519.79,-255.55,1032.91,599.7,5.06,1.87,1.55,1328,175.2,21,0.731,,
2519,car,trim_6171,4225324919,-1698.52,-643.52,2411.89,1349.76,4.62,1.76,1.48,1540,179.3,27,0.677,,
2520,motorcycle,trim_5154,trim_1399,2067.97,-97.82,-2110.74,-492.19,2.02,0.8,1.24,113,111.4,58,0.767,,
2521,car,trim_233,2960299965,966.29,379.36,-1579.83,504.51,4.96,1.71,1.61,1094,179.9,16,0.937,,
2522,motorcycle,2960336667,trim_1740,-1557.91,-355.58,-112.9,-1406.32,1.98,0.78,1.21,252,145.9,29,0.87,,
2523,car,4225077518,trim_6649,-1911.06,1423.36,1306.09,-309.51,4.2,1.87,1.41,1638,163.8,64,0.665,,
2524,car,9857465287,trim_5584,-1007.4,491.84,1670.14,-181.6,4.3,1.75,1.57,1117,160.3,45,0.652,,
2525,car,trim_2936,trim_8916,-2160.26,1093.48,2152.14,-788.6,4.43,1.64,1.39,1222,173.5,77,0.914,,
2526,car,7222735483,trim_1765,75.52,-1581,-100.92,-1269.54,4.65,1.76,1.54,1836,167.8,22,0.878,,
2527,car,12098509911,trim_4419,1799.96,-317.34,922.69,-205.3,4.57,1.77,1.51,1467,154.1,34,0.778,,
2528,car,12124057113,trim_1265,-1016.79,-984.83,-1350.36,334.22,5.06,1.8,1.53,1357,166.1,49,0.844,,
2529,ambulance,trim_6748,trim_4607,49.96,593.71,-466.84,1113.61,5.97,2.21,2.42,4319,142.7,16,0.718,a_7025924014,Rizvi Surgical Centre
2530,car,4225077479,11240373440,-2203.69,1152.69,248.2,1354.18,4.31,1.8,1.53,1705,169.1,54,0.845,,
2531,car,trim_4410,trim_4978,2167.23,736.98,-1406.03,1166.55,4.75,1.82,1.43,1720,151.1,21,0.763,,
2532,car,trim_2498,trim_6232,-226.1,1474.7,-1533.92,-1316.89,4.91,1.86,1.39,1576,177.1,52,0.814,,
2533,car,trim_5995,trim_7163,2244.52,-1539.32,-1836.73,221.52,4.5,1.72,1.52,1620,141.2,49,0.712,,
2534,car,trim_8700,trim_940,-589.68,942.79,-811.35,231.09,5.01,1.67,1.53,1296,165.1,22,0.766,,
2535,car,trim_3597,trim_3122,-269.55,304.22,493.65,-128.9,4.86,1.94,1.46,1770,158.0,44,0.88,,
2536,car,12141482569,trim_4774,-2135.13,1149.18,1019.19,653.82,4.46,1.95,1.52,1341,161.0,43,0.898,,
2537,car,trim_3215,trim_1436,203.41,270.59,-2369.57,-493.36,4.54,1.93,1.41,1896,166.1,28,0.852,,
2538,car,trim_7536,5170679560,-514.93,-1097.14,-1313.74,773.82,4.51,1.74,1.61,1617,174.4,56,0.814,,
2539,car,trim_1259,2960312503,-1424.5,163.12,-1132.3,-220.15,4.0,1.78,1.42,1525,145.9,41,0.829,,
2540,car,9168834899,9843692474,-1901.04,1065.34,1426.19,623.67,4.31,1.68,1.41,1523,164.2,32,0.888,,
2541,ambulance,11498996006,trim_4149,572.66,231.17,1546.99,757.56,6.18,2.01,2.48,2674,160.0,33,0.682,a_7027732228,"Brij Medical Centre, Ghaziabad"
2542,car,11983071278,trim_366,1137.42,1250.39,-2226.14,96.68,4.43,1.67,1.49,1282,166.8,58,0.852,,
2543,car,9168951516,trim_1095,2045.25,-538.59,-919.96,-449.6,4.5,1.69,1.56,1170,178.7,47,0.717,,
2544,car,trim_7067,trim_3099,-2106.11,653.77,85.5,258.27,4.32,1.88,1.45,1030,149.7,61,0.728,,
2545,motorcycle,9855691377,trim_2585,1939.53,41.82,1658.68,1317.11,2.03,0.9,1.37,132,92.9,30,0.768,,
2546,motorcycle,9859736960,4227798216,35.61,80.9,1721.32,-53.54,2.01,0.73,1.38,229,129.5,76,0.96,,
2547,car,9843848031,9861682117,2427.51,673.4,-2147.98,291.39,4.18,1.79,1.42,1596,143.7,34,0.769,,
2548,car,trim_6151,2960361587,-1075.7,-925.54,-1361.76,-628.69,4.86,1.89,1.45,1394,156.2,35,0.692,,
2549,car,trim_5702,9168911123,1139.55,-381.99,-1546.1,-1439.88,5.08,1.83,1.55,1569,154.6,53,0.721,,
2550,car,2970305426,trim_2601,-729.63,1765.67,1660.76,1320,4.39,1.83,1.63,1334,153.0,59,0.795,,
2551,car,trim_885,9168946255,-1040.97,-511.92,1884.15,502.95,5.07,1.67,1.45,1006,159.9,55,0.881,,
2552,car,trim_6667,trim_9250,1279.72,153.79,2386.67,613.27,4.71,1.77,1.61,1173,168.9,23,0.716,,
2553,motorcycle,9857647468,9844004268,-694.57,-1306.38,-2408.06,639.42,1.82,0.78,1.29,234,118.0,64,0.83,,
2554,car,11136055391,trim_3631,-1101.97,-1364.04,-541.39,-849.41,4.16,1.94,1.62,1507,147.3,39,0.687,,
2555,car,trim_8720,trim_9225,-934.73,1135.64,-1525.22,778.66,4.41,1.72,1.36,1094,170.9,20,0.788,,
2556,car,trim_4925,2960299836,-1459.71,1161.63,-2097.6,-804.73,5.01,1.62,1.45,1097,141.5,42,0.796,,
2557,car,trim_4341,trim_8165,986.77,-67.51,1904.43,-642.85,4.34,1.61,1.48,1428,146.5,30,0.746,,
2558,car,trim_4744,9168951444,-680.49,-605.21,36.79,168.55,4.61,1.67,1.42,1618,149.2,25,0.835,,
2559,car,trim_5701,trim_4152,1020.13,-323.51,-600.22,1108.66,5.01,1.87,1.53,1101,174.0,44,0.656,,
2560,car,trim_7727,trim_9025,309.58,-948.51,1147.52,-302.1,4.19,1.75,1.61,1808,145.0,34,0.778,,
2561,car,9859566824,trim_4640,-916.73,161.91,-1395.66,1081.77,4.49,1.7,1.49,1049,151.4,57,0.773,,
2562,car,trim_8723,9850223961,-353,653.16,-677.89,2343.25,4.98,1.88,1.62,1840,142.5,40,0.688,,
2563,car,trim_2570,4224981119,1687.86,1142.96,-2451.64,1349.57,4.57,1.84,1.57,1864,179.2,37,0.755,,
2564,car,4225324901,11499377129,-471.69,1128.1,-85.31,1440.42,4.06,1.7,1.47,1377,160.1,57,0.684,,
2565,car,9857750385,trim_6630,-274.33,-674.03,2182.93,-928.04,4.54,1.6,1.52,1737,172.9,70,0.922,,
2566,car,11006730401,trim_9444,1983.55,-582.39,-1265.28,496.37,4.17,1.82,1.63,1899,147.1,75,0.804,,
2567,motorcycle,trim_1972,5170679563,133.68,988.31,-1328.06,782.03,2.15,0.77,1.24,190,91.0,16,1.003,,
2568,car,4225324820,trim_3597,690.31,814.51,-269.55,304.22,4.3,1.71,1.49,1698,142.1,71,0.732,,
2569,car,9852465896,trim_5821,-1541.59,-1310.59,-716.12,700.8,4.57,1.81,1.64,1138,152.3,67,0.801,,
2570,car,2960336674,trim_3560,-1691.05,-140.84,-474.57,464.29,4.15,1.88,1.39,1361,168.8,64,0.714,,
2571,car,trim_8198,9852436589,-1029.87,755.88,-2090.42,-1094.98,4.0,1.67,1.5,1581,177.7,20,0.764,,
2572,car,trim_3743,2962838299,-672.84,-706.64,-13.54,-945.38,4.44,1.78,1.59,1067,173.6,67,0.764,,
2573,car,12141465433,9857682450,-1618.26,1030.85,-324.81,-1059.87,4.63,1.73,1.37,1420,160.9,31,0.87,,
2574,bus,4219222665,2970305338,1875.27,-1610.31,1195.52,452.14,10.95,2.47,3.59,12034,78.1,67,0.868,,
2575,car,9859501411,trim_3979,306.46,-956.47,-486.78,1192.94,4.66,1.94,1.52,1236,140.8,72,0.721,,
2576,car,trim_6503,trim_5203,518.36,-252.08,2077.98,423.1,4.52,1.84,1.58,1617,159.4,29,0.742,,
2577,car,trim_1432,trim_2742,-2442.37,-422.33,-1844.73,525.72,4.51,1.64,1.63,1424,151.4,52,0.707,,
2578,car,4871211874,9852333182,-2277.85,1556.4,72.64,815.69,4.64,1.86,1.53,1408,146.1,53,0.753,,
2579,car,trim_177,2960361553,190.63,62.97,-1051.25,-613.82,4.36,1.62,1.36,1746,177.0,22,0.819,,
2580,car,11176413076,trim_1530,-1040.03,-508.24,-1081.51,-1167.84,4.12,1.79,1.46,1654,140.5,22,0.687,,
2581,car,trim_7196,11909810092,-1399.87,451.9,2361.55,-979.81,4.62,1.66,1.58,1564,168.1,38,0.658,,
2582,ambulance,5170798229,6928966889,73.41,470.38,-1777.35,-1491.53,6.49,2.05,2.81,3441,156.2,76,0.627,a_7031610785,"Sunetra Eye, Laser and Dental Care Centre"
2583,truck,9843119609,trim_7630,-1538.23,1003.18,253.73,-132.92,10.16,2.5,3.72,12040,96.0,70,0.78,,
2584,car,2962838313,trim_1462,-109.01,-1155.15,-1305.31,-898.18,5.09,1.86,1.43,1684,153.9,65,0.816,,
2585,car,trim_6689,2970305374,1048.96,1207.46,-1038.33,979.58,4.84,1.69,1.54,1051,143.3,52,0.678,,
2586,truck,trim_7238,trim_1813,-2299.81,-94.95,-28.98,-1007.92,7.27,2.39,3.72,13656,95.5,27,0.875,,
2587,car,trim_5156,trim_5493,2086.61,-241.83,2303.59,317.03,4.5,1.87,1.53,1207,157.8,70,0.899,,
2588,car,9843992534,trim_6203,-2389.56,644.99,-1440.92,-944.65,4.63,1.87,1.53,1341,144.6,64,0.842,,
2589,car,trim_26,9857682440,-1022.67,-1591.05,-485.26,-1011.16,4.58,1.72,1.58,1728,158.3,21,0.85,,
2590,car,trim_1051,trim_5928,-827.46,78.39,2336.64,-1328.11,4.68,1.74,1.5,1248,163.5,20,0.809,,
2591,ambulance,trim_87,4227798186,698.92,-45.68,1002.32,-130.91,6.46,2.24,2.63,2842,149.4,61,0.561,a_7033516100,Sarvodaya Hospital and Research Centren
2592,car,trim_8157,4227743818,1930.58,-639.03,812.25,738.38,4.03,1.82,1.52,1188,150.3,47,0.729,,
2593,car,9852318741,trim_1482,-1507.65,541.24,-1274.99,-1041,4.65,1.63,1.38,1622,142.3,63,0.85,,
2594,car,7222735474,trim_3493,146.27,-1528.26,-70.62,-94.83,5.06,1.69,1.55,1807,164.4,57,0.799,,
2595,car,trim_5952,trim_4987,-1055.24,-1379.72,1652.5,-472.75,4.08,1.72,1.52,1106,166.6,22,0.855,,
2596,motorcycle,12098345440,trim_8423,-1817.62,1232.34,-462.98,-849.43,2.15,0.81,1.29,238,90.6,21,0.871,,
2597,car,4225324633,trim_2633,760.47,-85.93,-1129.63,633.06,4.94,1.69,1.45,1871,159.8,33,0.652,,
2598,motorcycle,trim_1924,9843521235,-404.7,-1367.41,1414.7,532.81,1.95,0.86,1.34,188,151.9,77,1.0,,
2599,car,9852333184,trim_8574,59.54,844.65,137.89,-1426.36,4.11,1.81,1.64,1768,172.2,76,1.003,,
2600,car,trim_2665,11282665091,1307.19,-1445.17,-208.89,117.44,4.8,1.7,1.44,1004,147.0,47,0.884,,
2601,car,trim_2319,5171030834,731.37,287.9,-2034.01,738.79,4.79,1.92,1.55,1888,175.2,26,0.716,,
2602,car,5170798251,4227743882,204.35,-216.44,-1564.5,1224.6,4.2,1.72,1.36,1244,172.0,39,0.756,,
2603,car,11490986523,trim_9490,150.56,-1368.94,-517.43,-1026.69,4.47,1.92,1.51,1557,163.6,75,0.985,,
2604,car,trim_4105,trim_8050,831.52,654.4,2444.7,-1039.21,4.31,1.78,1.62,1683,178.7,46,0.719,,
2605,car,trim_6969,trim_7666,1797.48,523.29,-107.17,20.39,5.02,1.65,1.63,1892,179.3,69,0.939,,
2606,car,2962861568,trim_9142,-698.87,-1574.56,1569.86,1015.92,4.36,1.81,1.4,1408,166.5,24,0.897,,
2607,car,trim_2501,trim_4341,-228.96,1476.72,986.77,-67.51,4.28,1.91,1.5,1024,146.1,51,0.86,,
2608,car,trim_952,trim_7360,-587.52,-301.12,1982.42,-494.73,4.87,1.77,1.42,1647,166.8,68,0.71,,
2609,motorcycle,4225172207,trim_3502,-215.9,-558.88,-120.52,-320.68,2.29,0.75,1.33,130,99.3,46,0.867,,
2610,car,trim_3733,trim_1518,-419.04,-750.74,-1221.02,-923.32,4.51,1.83,1.45,1227,141.2,56,0.892,,
2611,car,trim_5666,trim_3425,585.44,-710.9,-153.07,593.62,4.04,1.85,1.48,1831,149.7,22,0.703,,
2612,car,trim_9444,trim_7650,-1265.28,496.37,203.86,-166.74,4.19,1.91,1.55,1675,159.7,68,0.839,,
2613,motorcycle,trim_4288,trim_7363,1590.01,-326.71,2001.93,-459.21,1.95,0.87,1.17,138,94.4,29,0.683,,
2614,car,11586812700,trim_3934,-34.73,-20.07,821.95,-48.12,4.6,1.61,1.51,1167,176.2,22,0.877,,
2615,bus,4225077461,5170798244,-2514.71,1093.17,142.71,-61.24,10.12,2.58,3.21,13171,79.9,67,0.764,,
2616,car,4227695048,trim_4724,2579.72,1327.82,-1316.78,1092.03,4.36,1.89,1.37,1837,146.6,38,0.735,,
2617,car,trim_7692,trim_8306,-16.48,-20.25,628.9,-725.63,5.01,1.78,1.51,1390,141.7,56,0.859,,
2618,car,trim_3395,6735189823,-518.85,224.15,2445.33,-800.11,4.43,1.92,1.53,1685,147.0,80,1.023,,
2619,car,trim_2571,4225219737,1674.26,1152.66,-583.53,-1101.16,4.59,1.7,1.62,1296,141.8,26,0.817,,
2620,car,9859738789,trim_7632,-526.05,-1168.33,255.56,-131.58,4.18,1.82,1.52,1814,143.6,37,0.702,,
2621,car,12096819278,11268542566,1089.55,-278.31,-1722.97,-1233.64,4.23,1.75,1.46,1393,151.7,72,0.952,,
2622,car,trim_1452,trim_8973,-1311.9,-783.79,-1739.26,544.93,4.6,1.65,1.63,1632,171.1,39,0.768,,
2623,car,trim_784,trim_4912,-679.92,-452.09,-1366.1,1171.4,4.81,1.94,1.57,1135,160.2,77,0.882,,
2624,motorcycle,trim_5598,trim_9546,2150.74,350.18,-863.4,-1061.06,1.93,0.89,1.38,111,102.7,45,0.856,,
2625,car,trim_9685,trim_1135,1916.52,-626.53,-1159.41,468.6,4.7,1.88,1.58,1881,165.5,63,0.77,,
2626,car,trim_9219,trim_1231,1873.5,221.61,-1462.24,-197.29,4.47,1.67,1.55,1773,174.1,73,0.855,,
2627,car,trim_4968,trim_7181,309.49,-1496.96,-2022.84,270.68,4.04,1.69,1.41,1478,168.2,76,0.815,,
2628,car,trim_6435,trim_461,1921.86,479.1,-2122.74,-52.08,4.51,1.86,1.55,1114,162.0,73,0.961,,
2629,car,trim_7224,trim_6367,-1942.15,-865.06,2360.39,852.92,4.78,1.88,1.36,1654,146.1,59,0.734,,
2630,car,11338092331,9844004270,-1299.31,-1346.74,-2437.71,537.25,4.57,1.85,1.56,1201,163.2,73,0.953,,
2631,car,trim_4769,9857465300,-1566.26,1237.55,-780.54,140.16,4.04,1.64,1.47,1874,161.5,24,0.74,,
2632,car,trim_5961,trim_2824,182.96,1073.73,-2352.55,1115.4,4.7,1.9,1.47,1580,149.3,66,0.87,,
2633,car,9859738790,trim_6478,-578.98,-1239.72,1878.83,53.14,4.42,1.6,1.64,1251,166.8,49,0.837,,
2634,car,trim_7107,11491986720,-1269.34,1244.92,-1779.24,808.11,4.82,1.67,1.56,1561,142.8,36,0.721,,
2635,car,trim_2255,trim_2074,-603.31,131.92,1068.65,768.11,4.39,1.76,1.56,1026,166.4,70,0.923,,
2636,motorcycle,trim_6976,trim_3403,2228.88,595.22,179.65,138.84,2.11,0.89,1.25,199,148.9,36,0.755,,
2637,motorcycle,11013660004,9843084742,-2063.34,-1156.95,-2189.78,678.75,2.01,0.81,1.26,141,96.0,22,0.706,,
2638,car,trim_5484,trim_4071,2312.01,240.83,-408.78,1162.29,4.56,1.84,1.42,1851,160.0,64,0.686,,
2639,car,4227798143,4227798196,1978,-287.46,2110.72,-101.63,4.39,1.79,1.37,1802,161.9,25,0.66,,
2640,car,9858060922,trim_8497,375.45,-47.58,-1979.76,-1218.53,5.04,1.73,1.42,1411,173.5,41,0.732,,
2641,car,trim_4663,trim_2346,-1564.34,1280.19,-2209,-632.65,4.14,1.83,1.5,1460,158.4,56,0.882,,
2642,car,9852317023,9857987899,318.64,822.51,-84.54,352.76,4.47,1.82,1.49,1825,166.7,53,0.738,,
2643,car,9843084757,trim_3905,-2170.58,1000.53,1658.11,314.68,4.63,1.81,1.46,1331,175.6,57,0.874,,
2644,car,5170801497,9843336872,2203.18,573.47,1386.81,1559.34,4.69,1.65,1.56,1075,144.6,62,0.869,,
2645,truck,trim_3711,trim_8925,-526.69,-1168.25,1984.87,-498.41,11.39,2.47,3.31,15363,90.7,32,0.835,,
2646,car,11245412645,6294257366,-2236.24,838.73,-2552.99,-901.26,4.4,1.88,1.37,1408,166.7,80,0.841,,
2647,car,trim_1254,trim_8771,-1529.04,-399.56,4.5,245.77,4.43,1.71,1.61,1549,168.4,27,0.725,,
2648,car,2960361490,trim_3436,-1624.91,-911.98,-55.77,423.5,4.54,1.85,1.45,1054,148.2,33,0.768,,
2649,car,trim_6774,trim_425,593.25,579.52,-1906.68,75,4.69,1.69,1.41,1462,171.0,34,0.725,,
2650,car,trim_7753,5170640411,-1021.55,-462.17,2064.69,-67.24,4.9,1.73,1.61,1155,177.5,37,0.834,,
2651,car,trim_8924,trim_1796,2005.58,-509.66,-158.41,-866.1,5.09,1.6,1.56,1524,179.9,71,0.768,,
2652,car,2960326536,trim_4851,-1436.79,360.94,-364.85,-890.45,4.87,1.61,1.43,1158,168.7,20,0.77,,
2653,car,trim_6241,trim_5641,-890.4,-1141.56,-2354.44,1500.83,4.18,1.77,1.45,1511,168.3,52,0.881,,
2654,motorcycle,4224980840,11168888659,-1912.72,447.73,-271.5,274.22,2.26,0.67,1.33,208,153.3,57,0.726,,
2655,car,trim_6245,trim_78,-1397.8,-1398.18,232.85,-785.11,4.61,1.81,1.64,1704,148.2,54,0.835,,
2656,car,trim_7585,5170801501,-562.54,-776.64,2288.45,565.47,4.29,1.78,1.46,1062,148.6,71,0.883,,
2657,car,9852348503,trim_4733,-1514.7,-216.34,-1500.41,1100.62,4.47,1.75,1.41,1215,172.8,30,0.842,,
2658,car,trim_9401,5372152742,1856.54,-926.39,-2047.27,-1148.41,4.85,1.82,1.61,1637,160.1,44,0.66,,
2659,car,trim_8877,11499313281,2465.12,-942.64,-185.52,1038.98,4.95,1.8,1.4,1473,164.1,24,0.795,,
2660,car,trim_3403,trim_7439,179.65,138.84,-2408.19,514.66,4.33,1.73,1.41,1742,144.3,20,0.808,,
2661,car,trim_3347,trim_2114,-146.34,-333.3,201.69,-7.9,4.24,1.71,1.64,1654,167.8,28,0.761,,
2662,car,2970305118,trim_9247,2073.49,-1154.78,2245.7,612.62,4.84,1.91,1.54,1440,179.7,24,0.878,,
2663,motorcycle,trim_7727,6928966897,309.58,-948.51,-1766.74,-1407.16,2.23,0.7,1.24,194,133.3,80,0.998,,
2664,car,trim_652,trim_8904,-1921.76,509.05,2457.11,-904.9,4.04,1.88,1.36,1215,148.2,36,0.656,,
2665,car,trim_3772,trim_5410,-242.43,-663.38,2109.84,10.34,4.3,1.88,1.53,1387,178.3,25,0.714,,
2666,car,2960312492,2960299889,-1143.38,38.23,-1692.59,571.47,4.85,1.72,1.6,1446,153.9,35,0.74,,
2667,car,11490986515,trim_1043,170.34,-1327.16,-986.91,116.86,4.51,1.68,1.6,1680,148.4,66,0.667,,
2668,car,trim_5583,2960299915,1667.75,-186,-2228.7,1256.03,4.55,1.82,1.57,1084,178.9,23,0.729,,
2669,car,trim_886,trim_6927,-1151.3,-421.86,1495.94,1033.04,4.83,1.94,1.64,1859,170.4,64,0.865,,
2670,car,trim_4688,2962860474,1441.2,-52.09,-539.95,-602.87,4.47,1.9,1.36,1311,164.3,67,0.898,,
2671,car,7222735464,4227743741,160.14,-1431.91,-427.35,-983.81,5.06,1.74,1.53,1775,145.5,47,0.705,,
2672,bus,trim_735,9168861169,-1515.53,967.08,-400.5,-361.22,9.1,2.42,3.41,11137,70.3,19,0.855,,
2673,car,trim_1906,trim_4852,-143.91,-1154.09,264.85,-1197.28,4.3,1.62,1.48,1225,148.6,43,0.861,,
2674,car,trim_7244,trim_9583,-2437.35,-333.68,-1330.75,-451.84,4.45,1.91,1.58,1264,175.3,40,0.806,,
2675,car,2960312561,trim_6532,-871.25,312.76,747.36,-786.91,4.27,1.72,1.57,1757,159.7,34,0.781,,
2676,car,9857583731,9843462198,-1245.64,-323.03,1351.05,798.8,5.0,1.89,1.39,1336,177.8,51,0.739,,
2677,car,trim_1894,trim_6411,-351.88,-1106.44,2333.87,709.47,4.23,1.87,1.62,1859,171.3,43,0.88,,
2678,car,2960312490,7222735473,-1155.3,-7.04,73.29,-1535.96,4.18,1.86,1.48,1488,176.4,78,0.829,,
2679,car,trim_1839,trim_4507,-162.06,-867.17,-830.39,1461.02,4.93,1.67,1.64,1479,141.3,46,0.753,,
2680,car,trim_2629,trim_7178,-980.13,611.95,383.7,1014.71,4.57,1.74,1.62,1246,157.2,77,1.006,,
2681,car,13997721309,12901340302,1951.12,-653.36,170.29,-280.38,4.43,1.77,1.38,1035,149.1,74,0.823,,
2682,car,trim_8360,trim_4459,-1412.62,-329.4,1277.72,-373.12,4.63,1.77,1.36,1234,160.5,16,0.928,,
2683,car,9843848033,trim_1449,2477.88,685.29,-1333.98,-777.12,4.85,1.69,1.37,1395,161.8,55,0.828,,
2684,car,trim_3546,trim_3294,607.11,-180.5,-309.78,571.11,4.98,1.63,1.51,1106,152.3,19,0.925,,
2685,car,4227743701,4225172451,-917.29,-1279.35,-195.34,551.27,4.08,1.78,1.4,1674,140.9,58,0.735,,
2686,car,trim_4888,2960312466,241.6,-1347.89,-1217.48,88.81,4.3,1.94,1.62,1158,155.9,47,0.745,,
2687,car,trim_539,trim_4656,-1336.42,-461.68,1303.63,-1445.67,5.02,1.93,1.64,1893,160.0,27,0.897,,
2688,car,9168861180,trim_7251,-1219.92,-847.59,-2250.83,-958.94,4.22,1.91,1.55,1569,152.6,59,0.862,,
2689,car,9843437538,9857826607,2677.21,1218.28,307.96,-157.84,4.45,1.75,1.35,1893,174.0,27,0.8,,
2690,car,4224981064,trim_7199,-2526.97,821.07,-1405.09,357.16,5.08,1.65,1.58,1861,178.7,64,0.85,,
2691,car,trim_9295,trim_2358,-1609.6,1131.15,-1719.09,-1025.6,4.29,1.64,1.38,1772,178.6,72,0.906,,
2692,car,trim_1657,9855703019,-1987.06,-48.35,1237.69,-7.76,4.43,1.79,1.51,1592,175.0,57,0.859,,
2693,car,trim_840,trim_6905,-1272.48,114.28,-2060.38,1096.14,4.02,1.88,1.41,1026,168.6,26,0.752,,
2694,motorcycle,trim_2360,12109680699,-1706.42,-1035.28,1465.1,1381.11,1.82,0.68,1.12,231,145.4,18,0.8,,
2695,car,2960361502,trim_981,-1012.67,-1156.89,-612.11,-315.33,4.69,1.8,1.41,1671,159.0,75,0.758,,
2696,car,3887993269,trim_2833,1555.28,1009.76,-2299.91,1287.73,4.19,1.77,1.52,1641,163.1,31,0.726,,
2697,bus,trim_3259,trim_9494,927.38,-547.29,-825.66,665.41,12.34,2.45,3.37,10323,87.3,53,0.685,,
2698,car,trim_168,trim_1473,334.9,-1002.25,-1512.8,-918.49,4.83,1.77,1.56,1872,173.8,32,0.769,,
2699,car,trim_4548,trim_2897,1276.45,-369.78,-1845.21,916.25,4.01,1.6,1.47,1837,175.6,24,0.812,,
2700,car,12129753492,9853262760,-1307,714.37,1497.2,158.84,4.3,1.76,1.55,1256,170.1,39,0.709,,
2701,car,4225172307,trim_6974,243.71,11.39,2088.74,589.61,4.9,1.85,1.52,1741,156.9,78,0.96,,
2702,car,4227798513,11983071276,1084.86,1688.68,1137.34,1258.05,4.94,1.62,1.48,1419,178.6,29,0.681,,
2703,car,4227743674,trim_1094,380.44,-1444.04,-968.2,-381.03,4.31,1.83,1.48,1857,169.5,46,0.66,,
2704,car,11909853721,trim_8607,2268.97,-996.21,-590.41,-1265.31,5.1,1.93,1.52,1503,143.6,52,0.693,,
2705,car,trim_7663,trim_1221,-41.22,115.47,-1491.4,-142.25,4.7,1.91,1.42,1642,171.0,41,0.81,,
2706,car,4224981038,9168959359,-1976.06,717.84,1337.44,-303.01,4.74,1.88,1.56,1774,166.3,31,0.815,,
2707,car,trim_897,12096791260,-1326.56,-154.43,1105.66,82.31,4.46,1.71,1.43,1411,168.4,28,0.857,,
2708,car,5170783083,2960336765,1865.52,342.74,-1296.62,205.6,4.62,1.91,1.57,1058,161.0,75,0.99,,
2709,car,9857847222,2960336701,203.67,-166.42,-1360.2,-426.93,4.57,1.81,1.37,1649,140.1,31,0.679,,
2710,truck,9843036311,trim_5574,-2336.57,1041.53,2026.17,376.94,6.46,2.58,2.84,9200,89.5,29,0.9,,
2711,car,2962838272,trim_507,-119.12,-1513.02,-1669.49,714.06,4.27,1.87,1.49,1720,146.9,54,0.868,,
2712,car,4224981040,trim_9010,-2341.91,717.34,919.5,174.47,5.06,1.88,1.55,1826,174.3,59,0.893,,
2713,car,trim_2041,trim_5082,1492.65,-343.39,2182.49,489.12,4.55,1.85,1.49,1263,167.0,79,0.905,,
2714,car,9859601723,trim_4788,-1018.96,-447.33,-1430.1,1202.87,4.62,1.91,1.54,1307,146.9,28,0.689,,
2715,car,9168861195,trim_7495,-1325.22,-695.08,-886,156.02,4.8,1.79,1.36,1872,170.2,67,0.791,,
2716,car,trim_8750,2962860475,529.89,1299.21,-554.47,-593.19,4.68,1.83,1.47,1018,161.6,62,0.878,,
2717,car,trim_1914,trim_4564,-357.75,-1243.94,1597.59,42.96,4.6,1.68,1.52,1898,158.4,68,0.757,,
2718,car,trim_1634,trim_8608,-1471.52,-518.25,-578.97,-1239.21,4.74,1.65,1.38,1646,173.2,40,0.821,,
2719,car,trim_7458,trim_3007,-1791.39,-752.39,-1917.15,1157.33,4.01,1.86,1.53,1885,157.9,47,0.772,,
2720,car,trim_468,trim_1861,-2269.08,7.25,-448.54,-649.09,4.58,1.78,1.57,1827,168.2,71,0.898,,
2721,car,trim_8074,trim_5348,-657.65,916.76,2102,132.24,4.18,1.77,1.6,1677,141.4,46,0.718,,
2722,car,10205548834,12918589237,2280.75,-861.23,-819.79,666.46,4.17,1.84,1.48,1650,161.6,68,0.913,,
2723,car,trim_6584,trim_8535,660.38,-1131.71,-1015.69,873.82,4.45,1.62,1.49,1258,174.5,59,0.749,,
2724,car,9168850599,trim_243,-1511.82,553.39,1248.93,453.53,4.47,1.74,1.55,1081,163.9,36,0.776,,
2725,car,12129753493,trim_2513,-1306.35,713.51,418.96,1386.18,4.3,1.77,1.46,1773,172.3,40,0.727,,
2726,car,trim_7169,trim_4093,-1856.74,88.05,1463.09,468.09,4.83,1.62,1.48,1162,164.5,44,0.665,,
2727,car,trim_6441,2962837658,1850.28,356.85,-148.73,-1226.31,4.82,1.83,1.62,1311,178.1,63,0.888,,
2728,bus,trim_7868,5170630790,1764.67,33.25,2189.44,425.07,9.04,2.58,3.46,13995,83.8,49,0.844,,
2729,motorcycle,trim_9499,trim_6150,-2394.23,-473.14,-1070.97,-927.17,1.99,0.73,1.2,161,135.3,50,0.766,,
2730,car,trim_1192,trim_2791,-1761.44,-680.21,-1908.21,416.41,4.4,1.64,1.56,1180,170.4,19,0.725,,
2731,car,9857196225,trim_6886,-2328.06,-135.82,1812.42,1230.7,4.92,1.91,1.47,1832,156.3,42,0.699,,
2732,bus,9844249451,trim_9638,-2157.62,817.55,-1302.32,1010.63,9.81,2.6,3.08,11197,80.6,67,0.71,,
2733,car,trim_7167,trim_852,-1818.63,108.4,-1155.65,-24.53,4.25,1.65,1.59,1769,148.8,38,0.697,,
2734,car,9857583746,trim_8700,-1327.35,-696.99,-589.68,942.79,4.23,1.61,1.59,1646,173.0,22,0.652,,
2735,car,3887993324,trim_5972,1686.02,1142.86,231.35,1018.27,4.34,1.83,1.43,1807,148.2,73,0.733,,
2736,car,5170801501,trim_6525,2288.45,565.47,-331.32,-494.84,4.84,1.84,1.54,1484,172.4,42,0.783,,
2737,car,9884318201,trim_7010,641.84,760.75,-2350.02,838.55,4.7,1.94,1.39,1581,175.6,17,0.837,,
2738,car,4225324710,trim_683,1462.86,303.9,-1263.47,499.25,4.11,1.78,1.56,1564,170.1,30,0.769,,
2739,car,4224981109,11491618541,-2488.54,1227.13,-547.93,820.37,4.72,1.79,1.62,1587,155.4,63,0.861,,
2740,car,trim_6321,trim_4402,1941.47,1327.49,2113.94,908.76,4.33,1.89,1.39,1331,166.6,44,0.766,,
2741,car,trim_3408,4225324602,287.3,181.27,1137.99,-366,4.48,1.61,1.41,1131,173.0,41,0.812,,
2742,car,trim_3170,4227743945,-550.5,62.41,-948.5,2132.37,4.57,1.73,1.41,1653,145.3,43,0.809,,
2743,car,9168986437,11671778950,-437.38,757.02,-2193.29,-959.41,4.24,1.76,1.62,1422,176.7,43,0.819,,
2744,car,trim_214,trim_2568,400.11,-236.54,1701.29,1157.42,4.41,1.68,1.38,1459,170.3,69,0.931,,
2745,car,11080052822,trim_1957,-2257.52,-72.37,536.37,1430.86,4.86,1.84,1.57,1115,140.5,71,0.819,,
2746,car,trim_1484,9857465299,-1238.68,-1069.6,-782.2,142.14,4.58,1.82,1.58,1363,158.3,54,0.774,,
2747,car,trim_9299,trim_3118,-1585.17,1135.12,-36.09,-420.65,4.96,1.89,1.52,1479,149.9,61,0.831,,
2748,car,trim_3125,trim_1239,478.81,-518.76,-1436.68,-261.72,4.8,1.68,1.45,1279,174.3,64,0.692,,
2749,car,457278262,9843462196,726.78,-92.72,1340.37,809.83,4.39,1.87,1.42,1609,151.8,69,0.747,,
2750,car,4225172349,4227743680,-209.44,204.12,976.98,-1422.34,4.68,1.92,1.44,1181,162.5,57,0.847,,
2751,car,11909810165,trim_2962,2010.28,-602.56,-2487.18,891.58,4.4,1.87,1.55,1179,158.8,78,0.834,,
2752,car,trim_8432,trim_3526,-1062.33,-638.03,1250.92,-459.41,4.81,1.63,1.55,1663,177.8,42,0.745,,
2753,car,trim_3430,trim_5564,-126.2,443.2,1824.62,-89.03,4.75,1.94,1.46,1351,171.8,42,0.83,,
2754,car,trim_3856,trim_9083,-766.57,-1140.41,1792.13,-390.22,4.19,1.86,1.44,1454,150.7,43,0.8,,
2755,motorcycle,trim_4821,4227743917,240.45,-1165.63,-1514.11,1700.28,2.13,0.65,1.08,129,132.2,54,0.787,,
2756,car,trim_4896,trim_6875,-1193.38,1262.64,-2329.24,831.12,4.79,1.85,1.57,1187,174.4,35,0.753,,
2757,car,trim_8468,2960361582,2022.73,1025.18,-1380.08,-559.4,4.49,1.87,1.62,1565,147.9,76,0.889,,
2758,car,trim_4606,trim_1955,-636.2,684.77,566.31,1267.45,4.69,1.7,1.5,1388,142.3,18,0.89,,
2759,car,12141514988,trim_2241,-2154,1088.47,14.41,-385.8,5.01,1.7,1.63,1637,166.5,29,0.654,,
2760,bus,9843437530,trim_7299,2110.03,1348.32,-1250.24,-675.92,10.72,2.45,3.16,10612,87.2,54,0.714,,
2761,car,9844249442,trim_6176,-2211.36,860.14,-1617.48,-664.32,4.23,1.94,1.42,1396,162.0,23,0.836,,
2762,car,9857249948,trim_8361,-1899.3,-537.54,-1449.23,-346.95,5.04,1.71,1.5,1515,166.4,65,0.759,,
2763,car,trim_7717,3840463693,259.29,-653.29,-172.07,2006.83,4.21,1.79,1.62,1666,157.7,80,0.859,,
2764,motorcycle,9843385451,trim_5028,-1499.19,743.54,2231.79,-515.09,1.92,0.72,1.07,233,125.6,43,0.776,,
2765,car,trim_7084,trim_3865,-2364.56,579.88,1058.52,-259.75,4.82,1.62,1.42,1460,162.8,65,0.72,,
2766,ambulance,4225172303,9852961431,-330.65,-12.37,-2262.18,178.01,6.11,2.19,2.52,2945,151.0,45,0.54,a_7035329353,"Manav Hospital, Ghaziabad"
2767,car,trim_9243,trim_7152,-512.12,-202.45,-2347.54,307.67,4.65,1.66,1.38,1738,167.4,65,0.658,,
2768,car,trim_5231,trim_5654,2517.79,449.17,-1640.54,698.58,4.5,1.6,1.51,1189,174.7,69,0.845,,
2769,car,trim_8935,4227743969,-142.14,637.2,-871.25,2526.3,4.0,1.7,1.59,1191,156.1,72,0.789,,
2770,car,trim_6027,trim_9329,-1237.2,1279.01,-1108.29,-1008.93,5.01,1.64,1.57,1074,143.2,38,0.679,,
2771,car,trim_6681,trim_1152,1199.84,389.28,-1608.95,161.91,5.08,1.68,1.52,1613,168.0,60,0.788,,
2772,car,11059063630,trim_4954,-2481.64,70.77,251.03,-1440.75,4.55,1.92,1.37,1507,165.6,21,0.847,,
2773,car,12143965276,9168946273,694.97,784.13,1840.98,233.3,4.35,1.81,1.41,1336,173.8,69,0.869,,
2774,car,4871211876,12707765578,-2418.28,1422.81,-2617.1,222.95,4.0,1.89,1.5,1284,140.0,19,0.752,,
2775,car,9853262767,trim_1387,1220.21,393.84,-2196.94,-494.45,4.94,1.67,1.51,1095,175.0,19,0.727,,
2776,car,11491066028,11909810071,-171.03,-1506.73,2432.71,-1042.11,4.89,1.9,1.38,1488,176.4,23,0.746,,
2777,car,trim_861,10685694468,-1057.77,97.89,-1108.26,-736.69,4.1,1.7,1.52,1521,147.6,67,0.826,,
2778,car,9857750346,457278207,-600.58,-860.18,70.96,381.99,4.04,1.72,1.39,1085,172.5,44,0.858,,
2779,truck,12099984752,9844249457,-463.78,1150.82,-2386.82,512.28,9.19,2.32,3.06,12263,72.3,16,0.934,,
2780,car,trim_1258,trim_6368,-1426.31,158.46,2309.37,843.52,4.67,1.65,1.61,1636,170.0,62,0.654,,
2781,car,trim_3550,trim_72,589.07,-287.02,554.75,-762.51,4.66,1.63,1.64,1198,172.5,25,0.841,,
2782,truck,trim_5235,trim_3993,2192.31,-719.08,-472.57,1149.45,8.12,2.59,2.55,14587,95.8,49,0.66,,
2783,car,trim_1554,trim_3760,-1072.32,-573.17,-763.26,-1138.99,4.23,1.91,1.37,1836,159.8,60,0.746,,
2784,car,trim_8624,trim_495,232.23,-1195.73,-1706.61,838.49,4.28,1.6,1.47,1061,176.7,39,0.876,,
2785,car,2960326632,trim_1478,-1900.76,-634.78,-1545.44,-1013.82,4.14,1.61,1.42,1054,155.5,63,0.886,,
2786,car,trim_4950,trim_2146,-1353.83,1351.72,1872.85,949.89,4.54,1.63,1.38,1499,141.9,24,0.786,,
2787,car,trim_2681,trim_5302,-2437.45,-619.42,1863.53,26.25,4.73,1.65,1.55,1581,149.2,44,0.699,,
2788,car,trim_6554,trim_6965,520.2,-1197,1447.05,869.97,4.39,1.91,1.5,1446,168.8,33,0.665,,
2789,car,trim_442,12165965998,-2105.02,-613.21,1833.09,-905.66,4.24,1.88,1.59,1307,157.2,80,0.975,,
2790,motorcycle,trim_8959,9857647462,55.07,-1363.22,-1001.54,-1201.68,1.85,0.66,1.25,168,97.5,67,0.885,,
2791,car,trim_8392,11909810113,-1370.45,-166.56,2316.43,-934.07,4.4,1.72,1.38,1127,142.0,43,0.848,,
2792,motorcycle,3353401663,2960312555,-1123.53,-1508.01,-1159.4,95.6,1.86,0.85,1.32,251,152.3,17,0.833,,
2793,car,trim_1468,trim_1213,-1413.06,-873.56,-1718.93,-48.69,4.89,1.89,1.61,1631,167.7,79,1.017,,
2794,car,9853181600,trim_7229,1265.87,-1056.82,-2138.98,-744.45,4.88,1.79,1.42,1382,153.0,51,0.792,,
2795,car,trim_7834,trim_7272,2618.54,1155.55,-2290.76,-928.04,4.9,1.6,1.55,1765,153.3,80,0.809,,
2796,motorcycle,9857647475,trim_249,-775.31,-1161.05,1590.93,485.3,2.15,0.76,1.17,175,129.0,60,0.793,,
2797,car,trim_1425,5171030831,-2489.28,-226.91,-2093.03,665.57,4.28,1.81,1.43,1275,166.6,18,0.813,,
2798,car,9168966466,12098320593,1377.18,1776.17,-1816.68,1334.56,5.02,1.95,1.48,1388,152.6,40,0.819,,
2799,car,trim_854,trim_8534,-1178.07,-192.2,-1003.63,877,4.32,1.74,1.47,1077,164.0,60,0.699,,
2800,car,9857826587,2960299939,61.59,-398.84,-2093.99,347.46,5.03,1.94,1.5,1472,165.2,31,0.767,,
2801,car,10259407486,trim_6494,2447.53,-1063.23,264.09,-41.78,4.78,1.91,1.45,1816,145.4,65,0.682,,
2802,car,trim_7519,trim_702,-1210.63,-798.03,-1412.67,694.76,5.05,1.63,1.58,1348,170.7,67,0.779,,
2803,car,trim_413,4227798194,-2051.48,142.83,1911.85,-111.66,4.34,1.78,1.43,1847,175.0,68,0.801,,
2804,car,2960312509,trim_6446,-1407.47,-280.44,1819.25,329.18,4.44,1.73,1.6,1671,172.9,53,0.661,,
2805,car,trim_1847,6294257990,-81.11,-820.27,-2532.14,-878.31,4.4,1.93,1.64,1186,168.7,34,0.731,,
2806,motorcycle,trim_5029,trim_6533,2235.7,-511.98,895.15,-869.66,2.28,0.74,1.17,221,148.2,16,0.93,,
2807,car,9857249969,trim_8419,-1796.22,-673.83,-412.35,-869.24,4.57,1.82,1.53,1791,158.1,29,0.74,,
2808,car,trim_6625,9859601724,-146.81,-1443.53,-1019.51,-451.34,4.37,1.65,1.54,1817,175.9,58,0.7,,
2809,car,trim_151,5170639283,404.68,-741.86,2066.93,-88.15,4.79,1.78,1.46,1372,153.2,45,0.722,,
2810,car,trim_5703,trim_5214,1143.89,-384.48,2257.67,312.78,4.16,1.85,1.56,1006,143.4,34,0.88,,
2811,car,trim_4154,10205548826,-543.59,1116.39,2185.22,-916.25,5.01,1.91,1.42,1098,172.6,25,0.72,,
2812,car,9857115606,trim_8016,-2174.51,-1123.09,-1129.97,-889.97,4.99,1.92,1.5,1200,167.8,41,0.82,,
2813,car,13968415821,5170679566,-1604.99,380.11,-1344.13,795.05,4.96,1.77,1.58,1136,175.0,21,0.839,,
2814,car,trim_7613,trim_8785,15.28,-382.29,1844.8,630.47,4.47,1.79,1.42,1195,164.9,26,0.776,,
2815,motorcycle,trim_1031,trim_5911,-983.51,116.16,-1720.88,-1349.83,2.28,0.85,1.25,133,111.8,68,0.766,,
2816,truck,trim_4641,2960312491,-1400.4,1123.51,-1145.48,32.95,10.63,2.53,3.07,7387,80.0,80,0.918,,
2817,car,trim_8882,2960368367,2209.69,-463.26,-2257.29,-62.77,5.04,1.72,1.39,1192,168.1,80,0.931,,
2818,motorcycle,trim_124,trim_227,-862.41,506.81,802.78,311.66,1.9,0.84,1.22,204,112.0,53,0.837,,
2819,car,trim_4576,trim_1275,1669.6,210.54,-1258.89,393.55,4.35,1.71,1.37,1419,161.1,39,0.788,,
2820,car,trim_4102,trim_548,841.29,575.91,-1393.49,-317.92,5.08,1.69,1.46,1499,161.1,76,0.8,,
2821,car,12139823107,9852318741,2033.24,-1470.36,-1507.65,541.24,4.44,1.75,1.62,1638,161.3,79,0.865,,
2822,car,trim_8652,9843382201,294.76,-1222.23,1726.64,1162.94,4.91,1.76,1.57,1116,165.0,56,0.702,,
2823,car,11983071289,2962860492,1115.41,1256.94,-423.12,-1155.57,4.9,1.85,1.47,1324,147.6,63,0.844,,
2824,car,trim_8654,trim_9019,243.81,-1348.73,1107.25,197.85,4.44,1.63,1.55,1433,151.8,26,0.714,,
2825,car,9852770089,5170637565,1937.29,-1804.7,1432.5,-42.96,4.0,1.89,1.35,1349,151.1,52,0.739,,
2826,car,4227695014,trim_1380,-89.1,819.98,-2025.62,-652.75,4.95,1.73,1.44,1637,152.5,42,0.703,,
2827,car,trim_5816,trim_1208,-789.44,565.68,-1670.35,-98.91,4.67,1.77,1.59,1615,154.5,45,0.855,,
2828,motorcycle,9857750382,trim_5537,-291.05,-642.15,2414.1,-713.55,2.19,0.88,1.11,175,133.1,19,0.733,,
2829,car,trim_6191,trim_551,-1351.2,-723.37,-1442.72,-191.67,4.82,1.88,1.44,1265,164.0,79,0.881,,
2830,car,trim_4796,trim_4481,333.59,-1406.47,-346.87,767.67,4.77,1.88,1.57,1564,169.3,80,0.823,,
2831,car,trim_2799,9843127282,-1758.18,440.54,-1447.46,575.09,4.44,1.93,1.65,1728,145.2,62,0.793,,
2832,car,2970305110,trim_8686,2194.35,-1321.79,-1800.38,742.6,4.67,1.68,1.48,1826,160.6,78,1.006,,
2833,car,trim_1967,2962860509,174.6,1201.56,-164.01,-1143.4,4.05,1.92,1.41,1144,147.4,57,0.716,,
2834,car,trim_18,trim_1805,-2472.05,-1.02,7.97,-1024.15,4.48,1.7,1.41,1106,152.5,43,0.849,,
2835,car,trim_8080,trim_4639,-503.92,1280.08,-1395.03,1076.81,4.34,1.77,1.61,1230,158.4,44,0.751,,
2836,car,9844004267,11490986515,-2394.6,686.63,170.34,-1327.16,5.1,1.87,1.47,1003,178.7,64,0.891,,
2837,bus,9855703017,5170868607,978.23,48.03,1626.28,-346.65,11.99,2.51,3.09,13193,75.4,32,0.68,,
2838,car,trim_3642,9855014980,-661.49,-1020.41,829.21,123.68,4.94,1.78,1.61,1483,159.2,49,0.841,,
2839,car,2970305337,4227743941,1164.81,449.43,-1147.48,2102.72,4.29,1.88,1.53,1178,140.4,54,0.83,,
2840,truck,12109680690,trim_1126,1355.93,1455.01,-1427.95,380.65,9.52,2.55,3.24,12285,71.1,67,0.77,,
2841,car,trim_2874,trim_5883,-2263.81,852.68,-2173.33,-1308.78,4.98,1.79,1.65,1085,148.1,49,0.701,,
2842,car,trim_6463,trim_1017,1588.79,443.63,-830.95,79.08,4.89,1.7,1.61,1506,144.5,55,0.895,,
2843,car,trim_7432,trim_4724,-2323.28,-137.93,-1316.78,1092.03,4.39,1.65,1.43,1107,174.9,46,0.767,,
2844,car,11983071061,trim_8646,1041.49,1310.54,389.93,-677.02,4.52,1.85,1.44,1639,177.5,64,0.713,,
2845,car,trim_963,trim_276,-795.26,-149.8,217.52,-408.63,4.09,1.74,1.45,1315,154.5,63,0.793,,
2846,car,13251211685,9168959361,370.55,-1884.88,1387.22,-336.53,4.08,1.69,1.52,1178,144.2,68,0.728,,
2847,car,trim_2141,trim_6843,1343.52,1303.66,-2354.4,353.25,4.37,1.77,1.5,1415,160.8,76,0.882,,
2848,car,trim_4603,4225324643,-747.05,843.53,824.93,-8.25,4.4,1.8,1.37,1750,152.3,78,0.844,,
2849,car,6674480299,9859736949,-571.84,598.79,46.03,114.33,4.64,1.68,1.59,1500,178.4,54,0.695,,
2850,car,9857249954,trim_2706,-1861.62,-515.04,-2153.98,596.71,4.94,1.67,1.53,1012,172.5,67,0.699,,
2851,car,11491066042,9852436602,-308.39,-1495.77,-2221.53,-873.09,4.04,1.63,1.42,1096,152.3,16,0.877,,
2852,motorcycle,trim_5682,trim_7501,1554.49,-613.47,-1332.29,-780.24,1.9,0.89,1.22,133,95.2,17,0.792,,
2853,car,7222735470,9857682485,172.08,-1383.83,-864.31,-687.87,4.58,1.74,1.59,1346,172.8,48,0.856,,
2854,car,trim_3082,9859493774,491.46,-126.38,-161.53,383.58,4.02,1.89,1.64,1593,162.8,27,0.736,,
2855,car,trim_6231,trim_575,-1516.19,-1406.48,-1983.08,653.15,4.25,1.83,1.36,1409,177.5,64,0.765,,
2856,bus,trim_5225,7249093947,2409.53,522.65,472.03,507.73,10.58,2.6,3.35,10366,71.4,39,0.84,,
2857,car,trim_4665,trim_3138,-1564.01,1235.88,928.93,-550.91,4.48,1.68,1.4,1327,171.9,72,0.965,,
2858,car,trim_5733,trim_6632,-2404.15,-746.19,2148.95,-902.84,5.0,1.82,1.49,1598,170.1,62,0.74,,
2859,car,11983071064,trim_2607,1172.88,1337,-1547.35,791.8,4.68,1.65,1.61,1420,144.7,58,0.727,,
2860,car,trim_9418,trim_282,-664.82,-446.62,113.92,-438.4,4.92,1.76,1.5,1563,147.3,68,0.681,,
2861,car,trim_2523,trim_6898,271.46,1361.26,-2334.86,1468.72,4.56,1.74,1.52,1482,165.6,69,0.879,,
2862,car,11001416248,2960361568,-1967.89,-1471.73,-1375.08,-635.7,4.58,1.84,1.49,1848,160.0,77,0.985,,
2863,car,7222863954,trim_9542,-928.92,-1421.95,-893.73,-1142.19,4.65,1.89,1.63,1824,179.7,68,0.748,,
2864,car,4225219832,4225077465,-408.06,-478.97,-2222.21,1105.7,4.06,1.73,1.4,1356,159.7,70,0.921,,
2865,car,trim_7187,9859738801,-2085.01,70.59,-505.82,-1231.22,4.39,1.74,1.61,1237,153.4,72,0.884,,
2866,car,trim_6776,trim_5984,579.98,659.38,343.29,527.17,4.68,1.89,1.54,1875,169.8,60,0.738,,
2867,car,trim_6125,trim_1520,-1293.94,-113.52,-1175.7,-938.66,4.81,1.7,1.48,1227,152.8,20,0.859,,
2868,bus,trim_4346,9854981019,1489.27,310.15,1786,-565.91,9.08,2.47,3.27,9018,89.4,50,0.82,,
2869,motorcycle,2960361474,trim_970,-1400.95,-871.22,-737.56,-112.34,2.11,0.73,1.13,204,113.3,19,0.769,,
2870,car,trim_7305,9168883576,-1255.71,-786.59,-1320.22,-1202.34,4.38,1.79,1.63,1696,159.3,16,0.894,,
2871,bus,trim_8031,5170637554,-340.35,-280.54,1281.61,91.4,9.7,2.51,3.55,11482,75.6,31,0.712,,
2872,car,trim_3558,trim_3060,-543.33,451.28,-75.8,571.85,4.33,1.86,1.36,1827,172.5,19,0.829,,
2873,car,trim_4942,4225324641,-1566.64,1281.71,930.11,-39.69,4.06,1.88,1.43,1317,168.9,65,0.705,,
2874,car,9859738779,trim_9622,-1236.68,-989.12,30.49,-819.93,4.28,1.61,1.38,1722,175.2,68,0.77,,
2875,car,5170633536,11491162938,2407.96,333.34,-200.67,-1076.33,4.59,1.82,1.48,1182,151.7,66,0.777,,
2876,car,2960312537,4227743965,-1271.59,-68.64,-796.94,2458.29,4.29,1.94,1.59,1811,174.6,20,0.742,,
2877,car,trim_1760,trim_1789,-239.58,-1420.91,81.9,-1284.32,5.05,1.92,1.41,1705,164.8,49,0.678,,
2878,car,trim_4579,4227743807,-917.1,672.83,874.47,467.12,4.86,1.85,1.58,1255,172.6,22,0.869,,
2879,ambulance,2960361528,trim_2346,-960.62,-768.61,-2209,-632.65,5.68,2.15,2.42,4108,124.4,57,0.479,a_7035680845,Yashoda Super speciality Hospital
2880,car,7219691566,2960336766,2254.04,-1283.87,-1297.76,200.53,4.29,1.91,1.49,1570,148.1,41,0.899,,
2881,car,7222770499,9857750348,187.1,-1413.09,-713.79,-854.33,4.02,1.63,1.43,1801,157.9,63,0.717,,
2882,car,trim_593,9860055104,-1983.09,971.22,-607.45,-277.51,4.65,1.9,1.36,1728,153.8,39,0.752,,
2883,car,trim_9076,2960336691,1772.7,-434.11,-1604.31,-406.55,4.51,1.85,1.61,1423,157.3,76,0.775,,
2884,car,trim_80,trim_7911,216.09,-803.83,-1377.51,427.73,4.93,1.84,1.55,1108,146.4,39,0.71,,
2885,car,trim_1813,trim_7013,-28.98,-1007.92,-2372.3,758.66,5.01,1.9,1.52,1115,159.7,48,0.741,,
2886,truck,trim_1306,trim_5618,-1336.36,228.25,-36.22,1224.18,9.13,2.39,3.37,12699,99.0,47,0.775,,
2887,car,trim_2897,trim_701,-1845.21,916.25,-1414.81,690.24,4.01,1.92,1.5,1881,159.6,24,0.84,,
2888,motorcycle,2960312546,9857249938,-1225.14,-156.77,-2045.39,-51.03,2.18,0.86,1.18,243,147.3,50,0.66,,
2889,motorcycle,6925898196,4225077505,-1805.52,-1564.5,-1590.8,1297.82,2.06,0.84,1.29,155,127.2,50,0.778,,
2890,bus,trim_5371,9852938606,1773.75,-260.78,-1246.83,-687.73,9.04,2.45,3.5,10108,76.4,58,0.815,,
2891,car,trim_6931,9168986466,1499.49,1041.39,618.09,312.69,4.01,1.7,1.43,1116,147.4,23,0.804,,
2892,motorcycle,4227798214,9168881195,1981.3,-61.68,2042.57,543.42,2.23,0.79,1.34,147,136.4,65,0.851,,
2893,car,4227743712,4227798323,1106.26,-1197.41,2267.22,228.84,4.81,1.63,1.5,1467,169.8,80,1.007,,
2894,truck,12139772308,trim_8175,1904.82,-1408.98,2027.28,-787.71,11.33,2.47,3.36,14911,99.9,43,0.656,,
2895,car,trim_5164,trim_1327,1933.68,-293.61,-1017.1,-287.85,4.04,1.82,1.46,1005,168.5,59,0.689,,
2896,car,trim_8381,9857583729,-447.85,-288.6,-1030.9,-86.97,4.86,1.64,1.46,1186,176.5,20,0.905,,
2897,car,trim_3594,trim_3399,-276.96,349.22,-483.07,242.32,4.72,1.74,1.41,1019,164.0,37,0.878,,
2898,car,12109729938,trim_1720,1799.94,1307.58,-102,-1328.19,5.06,1.72,1.64,1881,141.2,31,0.851,,
2899,car,trim_5034,10701207514,2372.4,-536.74,-1243.77,-741.06,4.87,1.62,1.4,1417,177.0,19,0.739,,
2900,car,trim_1766,2960312546,-79.11,-1242.53,-1225.14,-156.77,4.67,1.68,1.52,1829,140.2,53,0.682,,
2901,car,457280270,trim_7098,174.08,-202.07,-2064.13,395.63,5.04,1.65,1.36,1897,174.2,32,0.852,,
2902,car,11176468177,4227797903,-984.88,-505.87,2347.93,-1040.14,4.58,1.64,1.56,1510,176.4,23,0.877,,
2903,car,9168946217,trim_5997,2013.82,629.58,2368.69,-1351.19,4.58,1.85,1.42,1465,157.7,78,0.93,,
2904,car,trim_9561,trim_5178,-418.85,-569.75,1486.22,139.33,4.65,1.78,1.57,1244,168.7,57,0.709,,
2905,car,9857635281,11283754533,-788.23,-1106.76,638.9331600968895,806.5948299551393,4.41,1.63,1.4,1131,167.1,33,0.759,,
2906,bus,trim_5116,trim_1672,2334.95,-519.75,-359.1,-1458.12,9.46,2.47,3.57,11027,75.5,62,0.741,,
2907,car,trim_715,12143948732,-1276.65,838.31,1024.99,983.35,4.46,1.78,1.51,1651,153.5,59,0.798,,
2908,car,5170801504,2960361552,2073.98,472.44,-1057,-625.82,5.03,1.64,1.48,1654,173.2,58,0.861,,
2909,car,12139823104,trim_6213,2038.29,-1467.39,-1511.26,-921.71,4.55,1.74,1.55,1305,173.0,53,0.778,,
2910,car,9854981064,7249090936,2115.65,-565.55,201.4,1093.38,4.81,1.91,1.6,1663,160.4,33,0.814,,
2911,car,11909810114,trim_7450,2310.37,-933.31,-2352.61,167.08,4.78,1.61,1.63,1024,177.3,68,0.829,,
2912,car,trim_2065,9168881216,1033.46,1415.2,2016.38,624.16,4.86,1.81,1.59,1841,154.7,58,0.777,,
2913,car,trim_58,9858066408,154.4,-131.43,179.23,-1287.7,4.07,1.86,1.39,1137,157.5,58,0.725,,
2914,motorcycle,9852330253,trim_6283,-2091.6,184.14,-342.22,-850.28,2.03,0.77,1.22,166,151.2,63,0.721,,
2915,motorcycle,11491502802,trim_6973,402.13,-1339.43,2092.36,593.05,1.86,0.78,1.1,153,131.1,47,0.771,,
2916,car,trim_4970,trim_8535,-1534.81,1147.09,-1015.69,873.82,4.04,1.77,1.56,1787,175.7,52,0.787,,
2917,car,trim_4326,trim_8701,2252.66,845.16,-581.99,900.11,4.76,1.75,1.62,1830,173.8,29,0.759,,
2918,car,5170823241,trim_9086,1394.41,460.18,1745.54,-327.83,4.75,1.72,1.48,1761,144.7,58,0.741,,
2919,car,trim_8488,9852465858,-1890.92,-663,-2304.01,-937.52,5.02,1.87,1.48,1237,169.4,18,0.834,,
2920,car,trim_3949,trim_7217,1875.14,331.61,-1825.76,-195.73,4.17,1.87,1.4,1133,159.3,62,0.699,,
2921,car,trim_1848,trim_6606,-175.59,-774.46,2102.81,-490.95,4.9,1.93,1.56,1182,144.1,22,0.664,,
2922,car,trim_8172,9852290909,2100.46,-493.48,285.37,1137,4.37,1.68,1.44,1320,178.5,62,0.881,,
2923,car,trim_389,trim_5356,-2228.41,203.39,2048.58,-263.88,5.05,1.75,1.52,1873,148.6,63,0.849,,
2924,car,trim_9047,trim_2891,-1190.29,1231.04,-1950.03,685.6,4.77,1.9,1.47,1458,162.4,61,0.84,,
2925,car,2970305285,2960361575,1080.33,-349.41,-1342.39,-465.53,4.82,1.63,1.5,1683,142.0,41,0.67,,
2926,car,trim_3185,trim_3143,316.22,-558.01,571.05,14.75,5.0,1.84,1.52,1689,143.7,74,0.886,,
2927,car,trim_5438,trim_7096,1966.92,-194.48,-2132.53,377.9,4.61,1.91,1.58,1554,178.6,24,0.817,,
2928,car,trim_2727,6925898202,-2335.09,1337.58,-1807.64,-1573.35,4.58,1.93,1.62,1885,161.9,19,0.955,,
2929,motorcycle,11001416258,trim_90,-1914.65,-1399.62,699.19,268.71,1.99,0.84,1.12,122,97.6,42,0.693,,
2930,car,5170868609,trim_7140,1571.55,-317.23,-2323.09,289.17,4.31,1.61,1.56,1617,169.3,43,0.885,,
2931,car,4227743866,4227798448,-1205.34,1154.77,2137.86,460.38,4.55,1.61,1.62,1599,175.6,73,0.86,,
2932,car,trim_819,trim_1848,-1226.35,207.01,-175.59,-774.46,4.62,1.82,1.51,1255,177.6,28,0.838,,
2933,car,trim_7088,trim_475,-2407.52,511.82,-1936.42,250.51,4.5,1.74,1.57,1246,173.7,33,0.835,,
2934,car,9988275081,trim_9246,-323.06,873.32,2271.89,638.19,4.33,1.84,1.41,1168,170.6,71,0.783,,
2935,car,11104704530,trim_2165,2413.01,-542.69,877.18,-273.04,4.8,1.74,1.43,1027,158.5,40,0.842,,
2936,car,trim_424,9855014976,-1907.52,79.93,1573.07,-358.87,4.84,1.81,1.48,1216,163.8,57,0.78,,
2937,motorcycle,trim_8953,trim_2569,1132.99,1241.9,1692.7,1143.98,2.07,0.76,1.35,151,129.7,55,0.747,,
2938,ambulance,9168951446,trim_701,42.68,-555.45,-1414.81,690.24,6.16,2.09,2.83,3268,144.4,58,0.512,a_7035744523,Anand Nursing Home Orthopaedic Centre and Maernity Home
2939,car,9857625476,trim_4360,-1263.89,-999.32,1227.09,745.8,4.36,1.75,1.44,1130,164.6,17,1.005,,
2940,car,2960312500,trim_3297,-1142.13,-210.54,-156.02,595.63,4.87,1.8,1.35,1500,162.6,64,0.717,,
2941,car,trim_6723,trim_8122,-79.58,1153.33,-535.71,610.18,4.43,1.83,1.59,1057,175.9,39,0.86,,
2942,truck,trim_3977,9852338748,-474.64,1146.59,-2025.8,-302.13,10.74,2.37,3.5,11932,96.4,33,0.717,,
2943,car,3834051375,trim_8985,-611.91,1558.81,-2314.03,611.41,4.15,1.92,1.42,1187,159.4,50,0.663,,
2944,ambulance,trim_691,7249093950,-1241.29,716.6,352.44,482.28,6.18,2.02,2.63,3484,132.0,57,0.574,a_7036050227,"Nagar Hospital, Ghaziabad"
2945,car,trim_5331,trim_1558,2379.42,47.4,-1147.98,-504.34,5.02,1.88,1.45,1347,172.0,57,0.819,,
2946,car,trim_490,4225076186,-1748.74,1004.07,-2365.83,894.59,4.44,1.89,1.62,1883,173.0,74,0.866,,
2947,car,trim_2543,11498996007,-760.02,1346.17,496.61,396.44,4.0,1.91,1.45,1765,145.3,66,0.819,,
2948,car,trim_650,9857465280,-1963.04,502.19,-940.85,241.6,4.47,1.82,1.63,1238,178.7,44,0.691,,
2949,car,9852465875,2970305357,-1872.94,-1551.54,615.9,768.66,4.45,1.69,1.48,1174,150.1,48,0.694,,
2950,car,trim_7588,11909810177,-514.61,-797.04,2353.87,-913.64,4.17,1.94,1.5,1399,158.2,28,0.866,,
2951,car,12096791268,2960312523,1117.35,117.61,-1031.34,-448.84,4.27,1.63,1.52,1514,161.1,18,0.941,,
2952,car,11059063629,trim_3438,-2480.75,65.02,67.62,429.61,4.69,1.68,1.44,1767,152.8,27,0.806,,
2953,car,trim_4273,trim_9077,2085.05,-245.81,1774.83,-429.59,4.92,1.85,1.5,1836,176.0,68,0.858,,
2954,car,5170637574,trim_5164,1571.81,-131.89,1933.68,-293.61,4.94,1.84,1.56,1043,151.2,42,0.701,,
2955,motorcycle,2970305268,trim_1939,68.64,-405.58,-439.73,-1436.08,2.0,0.88,1.31,186,157.9,78,0.791,,
2956,car,trim_7179,trim_5690,532.34,1090.8,1948.56,-1013.19,4.14,1.63,1.43,1413,173.5,53,0.795,,
2957,car,2960326564,trim_6838,-1868.79,323.85,-2280.87,287.53,4.4,1.81,1.45,1119,140.8,39,0.738,,
2958,car,2960312577,trim_4951,-544.32,-381.31,-1348.97,1352.88,4.11,1.64,1.44,1285,179.2,40,0.661,,
2959,car,trim_8579,trim_5772,-159.49,-1141.62,-1191.3,-1463.39,4.69,1.77,1.62,1648,144.9,21,0.757,,
2960,car,trim_536,trim_5817,-1837.8,-1337.88,-581.78,600.26,4.83,1.91,1.64,1098,162.0,74,0.812,,
2961,car,2960361575,4225324674,-1342.39,-465.53,1518.26,163.35,4.91,1.64,1.65,1215,173.4,21,0.721,,
2962,motorcycle,4225172246,trim_3444,531.39,-381.94,-250.57,-23.34,1.86,0.72,1.33,137,119.7,60,0.75,,
2963,motorcycle,trim_9666,9168951490,-1670.5,376.19,864.6,-1115.72,1.91,0.75,1.37,255,113.8,18,0.845,,
2964,car,trim_4117,trim_5085,977.8,446.29,2017.94,-1.28,4.5,1.72,1.39,1411,145.6,22,0.819,,
2965,car,trim_7138,11176413075,-2340.61,269.08,-1226.45,-221.64,4.98,1.86,1.39,1652,144.5,16,1.022,,
2966,motorcycle,9843418614,6294258005,2032.55,1326.83,-1881.16,-1118.59,2.17,0.86,1.29,175,124.1,70,0.845,,
2967,car,trim_9522,trim_4976,1687.02,869.21,-1456.8,1159.51,5.05,1.87,1.64,1075,160.9,65,0.763,,
2968,bus,9843336869,trim_3038,1396.39,1511.57,-490.45,570.8,9.71,2.44,3.14,12797,75.6,45,0.84,,
2969,car,trim_5114,trim_8536,2451.36,529.71,-1752.03,-1267.33,4.69,1.73,1.51,1661,168.0,26,0.868,,
2970,car,9843992522,trim_4104,-2243.62,1213.06,783.14,642.85,4.52,1.62,1.48,1267,145.8,29,0.827,,
2971,car,5170630785,5372152743,2210.98,269.1,-2103.3,-1212.61,4.16,1.66,1.56,1371,161.1,58,0.807,,
2972,ambulance,9885134827,11983071287,-2458.11,-490.46,1116.1,1249.31,5.83,2.03,2.41,3941,132.2,24,0.531,a_7173737316,DISTRICT MMG MALE HOSPITAL
2973,car,trim_4384,trim_4232,2183.45,952.07,-73.36,709.97,4.55,1.87,1.38,1546,147.6,66,0.854,,
2974,car,trim_8425,trim_5283,-527.4,-823.13,2126.33,-213.72,4.25,1.75,1.58,1006,159.3,63,0.825,,
2975,car,10308070429,trim_709,1743.2,-93.03,-1349.33,799.08,4.77,1.62,1.52,1486,151.3,67,0.863,,
2976,car,4219222638,5170801500,2002.86,-1861.54,2271.88,583.38,4.5,1.76,1.54,1132,171.5,17,0.977,,
2977,car,trim_1446,trim_5927,-1393.13,-759.17,2252.38,-1033.9,4.48,1.64,1.41,1633,175.0,37,0.788,,
2978,car,trim_6688,trim_3801,1021.69,1202.54,-580.61,-929.01,4.89,1.9,1.63,1565,162.6,76,0.783,,
2979,car,trim_1259,trim_6258,-1424.5,163.12,-572.76,-1112.4,4.93,1.73,1.51,1409,164.2,63,0.659,,
2980,car,trim_7395,trim_3381,-70.04,289.77,114.96,-508.01,4.54,1.86,1.64,1697,149.6,24,0.895,,
2981,car,12143948731,9843556960,995.92,978.57,2538.41,856.2,4.79,1.91,1.53,1697,164.3,40,0.712,,
2982,car,trim_1035,9859736960,-936.8,148.17,35.61,80.9,4.54,1.67,1.62,1259,160.0,48,0.831,,
2983,motorcycle,trim_5874,trim_6774,-1672.48,373.33,593.25,579.52,1.98,0.83,1.27,249,150.9,35,0.895,,
2984,car,11143288407,trim_4137,1682.18,818.63,-566.89,833.7,4.22,1.89,1.49,1598,174.1,64,0.866,,
2985,car,5170894033,trim_3977,-1062,-1568.54,-474.64,1146.59,4.29,1.66,1.35,1484,165.9,70,0.737,,
2986,car,4227743739,9168951484,-231.13,-1007,557.31,-1146.64,4.5,1.8,1.6,1370,170.4,65,0.847,,
2987,car,trim_3812,trim_8641,-1018.72,-1231.36,204.23,-1109.26,4.13,1.75,1.61,1018,144.7,44,0.759,,
2988,car,2962861567,trim_2487,-695.9,-1577.52,-40.42,1280.11,4.71,1.81,1.6,1003,162.2,75,0.762,,
2989,car,trim_8597,trim_5370,-178.36,-1100.55,1771.28,-265.13,5.09,1.77,1.47,1151,141.0,75,0.866,,
2990,motorcycle,12088417515,11158364771,-2299.29,687.92,-300.46,-1383.03,2.05,0.66,1.15,198,99.4,65,0.777,,
2991,car,9857750384,trim_2230,-274.16,-676.99,421.06,-697.88,4.12,1.72,1.54,1696,164.0,67,0.746,,
2992,car,trim_7267,12088417513,-2255.55,-770.07,-2294.88,684.77,4.49,1.82,1.64,1326,167.8,30,0.898,,
2993,car,12143652431,9168959366,-835.65,-1277.84,1347.92,-360.1,4.16,1.72,1.59,1760,178.8,63,0.75,,
2994,car,2962837725,trim_3686,-130.6,-1527.9,-523.21,-691.01,4.92,1.93,1.55,1717,169.2,38,0.738,,
2995,car,trim_8395,trim_2937,-1336.05,-255.72,-2227.48,1078.63,4.39,1.75,1.57,1791,168.9,69,0.85,,
2996,car,4227798214,trim_1954,1981.3,-61.68,596.14,1104.03,4.6,1.79,1.57,1441,159.9,73,0.966,,
2997,car,11909810151,trim_8686,2209,-468.53,-1800.38,742.6,4.5,1.68,1.61,1553,164.9,58,0.814,,
2998,motorcycle,9843692460,trim_6665,2139.5,948.91,1267.32,105.1,2.07,0.74,1.26,199,142.6,38,0.738,,
2999,car,trim_7161,9852465873,-1843.07,264.11,-1825.26,-1591.46,4.93,1.81,1.37,1342,150.2,31,0.687,,
3000,car,trim_3694,12088417513,-1171.05,-1067.21,-2294.88,684.77,4.12,1.63,1.48,1527,147.6,63,0.71,,
3001,motorcycle,trim_8151,trim_9010,-2458.88,-966.14,919.5,174.47,2.11,0.71,1.24,194,92.8,66,0.793,,
3002,car,2960312453,11080052823,-1029.48,326.63,-2254.14,-76.14,4.81,1.87,1.46,1212,173.7,38,0.756,,
3003,bus,trim_8304,trim_1569,760.32,-226.91,-1241.59,-597.26,9.48,2.54,3.47,13737,77.6,80,0.831,,
3004,car,trim_5053,trim_9193,1936.08,-294.58,-641.9,1433.1,4.17,1.81,1.55,1177,169.8,31,0.763,,
3005,car,trim_8675,trim_9095,-449.29,866.82,1605.1,-416.6,4.88,1.65,1.42,1396,158.4,71,0.794,,
3006,car,trim_6243,9168861204,-1395.37,-1393.81,-1501.33,-701.84,4.27,1.83,1.56,1730,157.6,23,0.729,,
3007,car,trim_637,3887993327,-1948.58,818.45,1675.43,1149.7,4.73,1.85,1.58,1506,158.3,42,0.669,,
3008,car,trim_6425,trim_181,1946.44,472.69,287.59,101.86,4.33,1.71,1.45,1315,160.1,25,0.667,,
3009,car,n_9701,trim_9306,1056.4920937543357,841.5847985126658,-2119.25,938.77,4.39,1.9,1.39,1872,146.3,50,0.779,,
3010,bus,trim_9551,9857249960,-837.76,-985.27,-1855.12,-581.86,9.66,2.52,3.51,10704,80.6,69,0.737,,
3011,car,trim_8030,9853181601,-323.78,-267.72,1251.35,-1059.79,4.22,1.8,1.47,1340,173.1,74,0.984,,
3012,car,trim_7519,12130798617,-1210.63,-798.03,-792.05,21.55,4.59,1.71,1.47,1683,149.1,50,0.717,,
3013,car,trim_7853,2962860474,1078.41,869.41,-539.95,-602.87,4.86,1.62,1.44,1772,171.2,76,0.825,,
3014,bus,trim_5285,trim_6953,1824.72,-158,2089.87,1109.12,9.97,2.52,3.07,13746,73.2,25,0.776,,
3015,car,trim_9531,trim_7475,-890.33,-1241.09,-1336.36,361.15,4.68,1.81,1.63,1577,148.6,35,0.841,,
3016,car,7222735464,trim_6124,160.14,-1431.91,-1220.37,-127.55,4.64,1.73,1.64,1289,161.1,80,1.022,,
3017,car,5170798244,trim_2228,142.71,-61.24,442.16,-710.06,4.1,1.85,1.36,1170,158.3,66,0.673,,
3018,car,trim_201,trim_4878,111.94,-726.88,-333.25,-1024.68,5.08,1.74,1.6,1791,146.5,39,0.725,,
3019,car,trim_9519,9168897712,1703.93,779.51,-1008.16,-1465.08,4.36,1.75,1.4,1821,178.5,45,0.735,,
3020,car,trim_6618,trim_6163,2007.88,78.72,-1573.79,-679.8,4.43,1.85,1.4,1597,162.8,16,0.923,,
3021,car,9859747832,457278330,28.9,-1537.14,462.2,-933.97,4.83,1.69,1.44,1249,155.3,23,0.88,,
3022,car,trim_389,trim_1330,-2228.41,203.39,-930.67,-226.57,5.02,1.89,1.43,1617,168.8,22,0.754,,
3023,car,2960328323,trim_6172,-1689.53,-59.68,-1605.85,-573.79,4.27,1.8,1.61,1069,157.7,61,0.677,,
3024,car,4227798192,12096814571,1963.99,-115.33,1008.22,105.99,4.15,1.69,1.58,1077,147.1,37,0.691,,
3025,car,2960326533,trim_7850,-1486.37,294.46,1412.81,926.32,4.54,1.74,1.46,1037,164.3,71,0.773,,
3026,car,11198940397,9859493790,-817.81,-1152.65,224.3,-740,4.58,1.93,1.45,1110,148.7,41,0.759,,
3027,car,3085851341,trim_3649,1071.01,2138.3,-740.26,-841.23,4.88,1.65,1.45,1846,172.0,24,0.732,,
3028,car,trim_6028,trim_6338,-1233.43,1254.64,1707.4,1018.85,4.83,1.71,1.38,1582,144.0,63,0.832,,
3029,car,trim_8001,4225172217,18.51,1000.83,1051.96,-505.17,4.62,1.85,1.4,1723,163.7,37,0.671,,
3030,ambulance,trim_4329,trim_5967,796.88,358.46,198.2,987.63,6.36,2.19,2.45,3066,142.8,50,0.576,b_1360703247,Hospital (building b_1360703247)
3031,car,11909810126,trim_2084,2445.19,-932.51,2545.28,767.28,4.31,1.86,1.41,1462,154.5,66,0.885,,
3032,car,trim_8748,trim_5468,-280.77,1467.42,1908.97,-92.78,4.64,1.7,1.4,1289,140.2,31,0.857,,
3033,car,trim_3808,trim_4965,-1232.2,-1270.51,308.63,-1464.59,4.03,1.76,1.62,1137,164.8,80,0.962,,
3034,motorcycle,trim_3552,trim_4112,583.86,-313.91,2117.22,909.48,2.02,0.89,1.23,188,118.2,54,0.786,,
3035,car,3887993269,trim_8662,1555.28,1009.76,-353.2,802.22,4.16,1.67,1.59,1112,166.5,74,0.962,,
3036,car,trim_4361,trim_3512,1308.43,760.1,-186.5,369.14,5.05,1.92,1.44,1246,165.6,31,0.899,,
3037,car,trim_6370,trim_5209,2107.4,738.47,1821.28,-326.48,4.88,1.85,1.52,1023,143.8,40,0.665,,
3038,car,9168881209,trim_3349,2041.71,758.48,-300.26,-664.71,4.15,1.64,1.47,1790,170.7,46,0.722,,
3039,ambulance,13968415817,trim_8664,-1611.12,277.74,-418.73,818.67,5.75,2.21,2.41,2751,155.3,48,0.549,b_352921089,Santosh hospital
3040,car,trim_620,trim_355,-2226.45,507.49,-1726.67,491.76,4.92,1.82,1.65,1142,179.8,56,0.712,,
3041,car,trim_3633,trim_7222,-553.86,-878.52,-1446.68,-445.48,4.97,1.66,1.51,1397,141.6,73,0.849,,
3042,car,9852436593,9843687275,-2336.73,-801.23,2289.52,818.08,4.85,1.82,1.57,1587,165.4,79,0.95,,
3043,car,trim_7882,4227743936,-2460.27,-485.17,-1179.07,2064.94,4.78,1.92,1.44,1874,168.0,79,0.912,,
3044,car,5170823229,5170798233,1078.76,425.82,90.56,243.04,4.04,1.83,1.4,1263,167.5,18,0.8,,
3045,truck,4225324700,trim_9338,1420.8,285.39,731.58,824.34,6.21,2.54,3.61,5205,90.2,79,1.032,,
3046,car,trim_4330,9854981047,890.89,395.37,2026.67,-442.65,4.88,1.88,1.39,1249,157.3,53,0.871,,
3047,car,trim_8202,trim_7456,-1091.12,853.87,-1788.97,-749.87,4.89,1.95,1.53,1187,147.1,71,0.898,,
3048,car,2960361597,trim_4953,-1294.51,-593.29,250.23,-1416.53,4.78,1.8,1.45,1167,162.2,29,0.851,,
3049,car,trim_2050,2960336689,1380.8,-502.21,-1682.69,-387.77,5.02,1.8,1.62,1583,178.8,37,0.844,,
3050,car,trim_9276,trim_8000,-1623.23,1029.71,21.22,1012.06,4.72,1.78,1.49,1885,176.7,51,0.695,,
3051,car,trim_3815,9168946236,-773.2,-1506.88,2367.37,653.37,4.39,1.92,1.58,1208,160.8,63,0.795,,
3052,car,trim_3304,trim_3658,-72.33,-98.41,-1231.84,-1274.1,4.09,1.75,1.52,1168,143.2,40,0.73,,
3053,car,trim_4109,457278243,2315.06,803.6,300.37,-1210.22,4.51,1.62,1.35,1422,174.2,16,0.924,,
3054,truck,trim_3053,trim_20,-148.82,559.28,-1178.61,-1461.6,10.34,2.47,3.51,8273,78.5,67,0.719,,
3055,car,11738200798,trim_9655,1834.81,636.94,-1354.16,1372.82,4.42,1.75,1.64,1113,142.8,17,0.973,,
3056,truck,trim_4612,2970305401,-372.85,909.08,1773.41,1464.36,6.44,2.53,2.83,8074,80.8,37,0.691,,
3057,car,9168986470,11499173754,578.27,93.21,224.48,1290.14,4.37,1.64,1.6,1742,168.3,57,0.803,,
3058,car,9843408911,trim_8041,2214.19,1292.34,2428.74,-1045.65,4.11,1.74,1.55,1319,176.8,28,0.656,,
3059,car,trim_7017,12141514989,-2430.11,563.71,-2089.71,906.27,4.34,1.64,1.42,1775,177.3,45,0.75,,
3060,car,trim_6333,trim_7527,1968.91,1143.26,-1084.87,-966.38,4.67,1.93,1.45,1027,142.6,46,0.774,,
3061,car,trim_6232,trim_9362,-1533.92,-1316.89,1009.71,289.64,4.15,1.69,1.48,1632,173.7,75,0.967,,
3062,car,trim_1431,trim_4889,-2445.87,-418.77,242.24,-1352.85,4.22,1.93,1.55,1195,173.0,30,0.685,,
3063,car,trim_212,9852318741,378.11,-300.89,-1507.65,541.24,4.07,1.88,1.51,1560,169.0,45,0.738,,
3064,car,9855679544,trim_4112,188.54,-1654.78,2117.22,909.48,4.74,1.86,1.61,1288,145.6,31,0.668,,
3065,car,9168959373,9852318747,1436.47,-286.25,-1422.52,501.02,4.82,1.93,1.48,1682,159.9,43,0.668,,
3066,car,trim_8477,trim_3129,2298.21,1081.52,-184.38,341.74,4.93,1.67,1.65,1095,140.6,80,0.901,,
3067,car,5170799978,trim_8433,2118.76,551.82,-1039.58,-602.31,4.9,1.86,1.45,1874,175.5,19,0.717,,
3068,motorcycle,trim_7324,trim_7735,-1267.86,-1212.19,-633.46,145.66,1.85,0.85,1.14,173,128.3,63,0.829,,
3069,motorcycle,trim_3339,11149743463,176.87,140.38,-2585.4,-945.84,2.26,0.68,1.23,156,139.4,19,0.846,,
3070,car,trim_2608,trim_552,-1536.22,814.3,-1444.59,-187.03,4.15,1.69,1.48,1382,162.0,73,0.89,,
3071,ambulance,trim_3341,11015786211,-248.45,-188.74,-1448.4,267.33,5.69,2.23,2.53,3713,139.1,17,0.622,b_353140064,Shree Parshvanath Digambar Jain Charitable Hospital
3072,motorcycle,9168946295,trim_2350,1638.24,244.4,-2024.6,-780.16,1.94,0.81,1.28,148,140.7,55,0.726,,
3073,bus,457278268,trim_5872,685.35,667.07,-1653.99,376.35,10.44,2.41,3.03,8125,95.3,16,0.816,,
3074,car,trim_869,trim_8896,-1226.63,-214.06,2399.89,-889.42,4.12,1.64,1.45,1301,169.8,54,0.683,,
3075,car,trim_1836,trim_3007,-157.65,-907.45,-1917.15,1157.33,4.84,1.95,1.56,1115,149.3,61,0.756,,
3076,motorcycle,7222770486,9843398602,181.63,-1660.92,1560.74,1135.17,2.03,0.81,1.22,229,95.4,79,0.969,,
3077,car,9168911124,trim_1701,-1539.48,-1434.98,-116.32,-1406.62,4.91,1.77,1.49,1394,154.8,24,0.704,,
3078,car,trim_8972,5170849688,-1823.73,611.23,-1475.05,969.67,4.72,1.65,1.41,1483,161.3,44,0.804,,
3079,car,12889145977,trim_7918,-1390.59,327.66,-1587.14,388.79,4.88,1.61,1.5,1202,151.0,30,0.797,,
3080,truck,trim_9525,4225324722,1678.98,911.87,1854.12,356.17,10.44,2.42,3.16,14119,89.4,74,0.947,,
3081,car,trim_5353,trim_5848,2037.66,-191.59,2176.02,-753.67,4.12,1.79,1.56,1449,179.0,67,0.865,,
3082,car,9857750355,9858060932,-689.51,-605.91,298.08,285.38,4.04,1.82,1.59,1313,159.4,56,0.777,,
3083,car,12816120848,9855014987,-412.76,-288.82,1830.89,-181.43,5.0,1.64,1.65,1574,149.5,66,0.84,,
3084,car,trim_5887,trim_2305,-1932.41,-1358.95,564.55,1332.57,4.99,1.89,1.53,1690,163.3,73,0.75,,
3085,ambulance,4225324816,12127352324,1136.85,802.27,-840.34,1822.07,5.82,2.01,2.58,3533,153.9,74,0.542,b_9710,Hospital (building b_9710)
3086,car,trim_7770,9852961422,-909.51,-525.73,-1401.23,-1179.83,4.52,1.82,1.58,1177,162.4,51,0.696,,
3087,car,9843336854,trim_5736,1085.03,1685.14,-2388.87,-678,4.38,1.84,1.45,1303,148.8,56,0.717,,
3088,car,trim_1254,trim_1717,-1529.04,-399.56,-177.28,-1413.74,4.04,1.87,1.63,1637,167.1,74,0.857,,
3089,car,trim_483,9859738800,-1707.43,680.39,-504.12,-1229.9,4.58,1.94,1.53,1789,165.8,33,0.894,,
3090,car,9852405462,trim_7855,-2440.85,-287.35,1048.15,863.76,4.84,1.61,1.36,1702,167.2,17,1.001,,
3091,car,trim_7938,trim_1150,-2221.22,-634.3,-1702.65,145.94,4.83,1.71,1.58,1061,145.0,38,0.724,,
3092,car,trim_7858,9843336868,786.37,822.14,1396.74,1508.27,4.49,1.83,1.51,1014,177.7,28,0.886,,
3093,car,9852378892,3887993348,-1990.56,-1015.68,1676.93,1165.95,5.08,1.79,1.47,1074,156.7,50,0.687,,
3094,car,trim_4649,9168946255,-1221.75,1152.45,1884.15,502.95,4.85,1.71,1.63,1448,167.8,69,0.808,,
3095,car,trim_8453,9852938608,1777.3,616.47,-1242.64,-720.8,4.02,1.64,1.49,1701,149.2,36,0.732,,
3096,bus,trim_1664,trim_8389,-2271.24,4.61,-1455.32,-130.38,11.43,2.53,3.13,12528,83.9,33,0.727,,
3097,car,trim_3429,trim_2338,-131.03,484.15,-2194.89,1355.31,4.47,1.79,1.65,1787,166.3,48,0.8,,
3098,car,4225219766,9852333186,-1237.95,-987.13,262.58,864.43,4.07,1.67,1.58,1235,178.4,28,0.851,,
3099,car,2960299963,trim_1070,-1586.34,508.22,-930.03,-223.05,4.65,1.86,1.63,1516,150.4,36,0.721,,
3100,car,trim_5799,trim_7380,-2093.35,-736.82,2242.61,-470.94,4.94,1.64,1.63,1612,142.4,70,0.892,,
3101,car,11909810111,trim_5207,2323.64,-928.13,2309.85,238.03,4.15,1.63,1.43,1322,155.2,63,0.674,,
3102,car,9857249959,9855691375,-1845.48,-576.56,1754.47,257.63,4.18,1.73,1.37,1735,142.3,47,0.718,,
3103,motorcycle,trim_5782,trim_1635,-1496.34,-1218.67,-1573.95,-599.87,2.03,0.7,1.35,163,116.7,76,0.834,,
3104,car,trim_1500,2960326623,-1236.06,-1172.55,-2103.63,-711.87,5.06,1.84,1.41,1124,143.7,35,0.701,,
3105,car,9859736950,trim_5956,45.99,112.02,-963.87,-1484.32,4.37,1.64,1.37,1533,176.8,19,0.87,,
3106,car,trim_7259,11168894838,-2254.76,-863.29,-300.91,572.49,4.01,1.64,1.57,1585,148.2,20,0.77,,
3107,bus,trim_6471,9857246284,1577.81,305.5,829.76,-1240.9,9.26,2.53,3.16,11880,82.7,72,0.883,,
3108,car,trim_5477,trim_1464,2425.1,51.46,-1348.67,-885.86,4.83,1.89,1.52,1603,152.6,70,0.73,,
3109,car,trim_7543,9852961440,-724.51,-888.49,-2577,46,4.12,1.84,1.55,1559,168.6,55,0.718,,
3110,car,trim_7331,trim_7036,985.66,327.92,-2425.78,524.86,4.87,1.63,1.43,1744,152.6,72,0.911,,
3111,car,trim_1838,trim_2153,-175.97,-893.01,1897.07,808.02,4.59,1.65,1.51,1648,165.0,23,0.783,,
3112,car,trim_8906,trim_1924,2254.77,-1033.25,-404.7,-1367.41,4.67,1.89,1.55,1871,147.3,40,0.683,,
3113,car,4225324902,trim_4333,2540.92,1124.1,-414.19,1237.92,4.41,1.68,1.45,1050,148.3,58,0.869,,
3114,car,trim_3573,trim_6040,630.24,-728.86,-1660.86,764.4,4.57,1.72,1.63,1446,141.8,79,0.969,,
3115,car,trim_2604,trim_138,-1465.37,753.25,277.73,-618,4.64,1.91,1.54,1406,148.5,49,0.847,,
3116,car,trim_3860,10259407504,-766.54,-1187.57,2406.39,-1035.97,5.0,1.73,1.43,1631,159.7,77,0.833,,
3117,ambulance,2960361528,trim_7237,-960.62,-768.61,-2299.25,-99.92,6.41,2.17,2.52,3675,121.4,70,0.571,bn_6888421987,Hospital (building bn_6888421987)
3118,car,trim_1560,11176413074,-1155.13,-553.42,-1331.51,-260.74,4.48,1.74,1.51,1460,145.4,54,0.787,,
3119,car,trim_5275,trim_6213,1918.23,478.87,-1511.26,-921.71,4.74,1.73,1.46,1187,158.5,45,0.846,,
3120,car,9857647460,4225352015,-991.85,-1208.33,-821.57,1399.5,4.39,1.83,1.44,1724,140.8,28,0.685,,
3121,car,trim_5801,trim_9559,-2114.87,-720.01,-341,-609.37,4.93,1.61,1.4,1324,172.4,61,0.833,,
3122,car,trim_3473,9852243281,-458.9,73.15,-1134.52,1060.56,4.05,1.86,1.37,1750,164.6,44,0.685,,
3123,car,trim_6068,trim_1648,-1466.63,236.59,-1622.38,-794.19,4.28,1.61,1.52,1357,145.4,29,0.827,,
3124,car,trim_8844,trim_2025,2485.22,-1145.48,1537.03,104.09,4.14,1.74,1.37,1119,142.3,45,0.837,,
3125,car,trim_2562,trim_401,1671.29,1154.64,-2128.42,16.63,4.64,1.69,1.54,1458,161.2,50,0.884,,
3126,car,4225077452,trim_8688,-1695.24,1068.29,-640.45,1249.87,4.63,1.65,1.63,1385,171.5,79,0.938,,
3127,car,trim_8162,trim_4473,1983.03,-583.08,-465.3,1001.15,4.46,1.69,1.63,1276,167.9,61,0.828,,
3128,car,4229519498,trim_1897,2663.82,1245.85,-332.22,-1126.13,4.5,1.78,1.38,1404,147.7,29,0.773,,
3129,car,trim_8606,11909810115,-592.77,-1269.72,2308.22,-922.32,4.75,1.9,1.59,1396,144.3,45,0.683,,
3130,car,trim_9360,12144024517,922.39,407.95,1159.04,1185.8,4.31,1.61,1.41,1868,155.8,32,0.769,,
3131,car,trim_5665,trim_4734,587.25,-706.24,-1494.84,1059.38,4.45,1.89,1.56,1690,151.1,21,0.72,,
3132,car,trim_694,11187660591,-1361.18,454.91,2112.52,685.88,4.73,1.63,1.4,1340,160.2,31,0.891,,
3133,car,9843437523,5170894031,2174.08,1355.88,-1104.31,-1533.5,5.03,1.85,1.59,1479,164.1,20,0.799,,
3134,motorcycle,12131213903,11909810175,-888.64,154.14,2335.93,-918.45,2.14,0.73,1.17,229,155.2,33,0.761,,
3135,car,9885134828,9843057349,-2486.23,-515.61,-2299.9,1283.39,4.54,1.88,1.4,1562,152.7,49,0.704,,
3136,car,trim_1570,4227798241,-1278.13,-594.54,2379.51,-11.25,4.9,1.95,1.49,1658,145.3,72,0.85,,
3137,car,4227743792,trim_3265,1272.42,100.34,-131.8,347.31,4.46,1.86,1.41,1742,153.8,21,0.653,,
3138,car,trim_3535,2962861552,-311.76,568.27,-501.61,-1396.87,4.54,1.86,1.37,1174,165.1,48,0.888,,
3139,car,12109752103,trim_1060,1367.07,1270.09,-826.29,159.87,4.42,1.91,1.55,1344,171.6,59,0.704,,
3140,car,trim_2877,4225172263,-2150.07,1145.41,13.33,-242.99,4.4,1.72,1.42,1873,154.2,16,0.94,,
3141,motorcycle,trim_2403,4227798216,-563.17,1293.78,1721.32,-53.54,1.83,0.76,1.06,231,159.2,22,0.769,,
3142,motorcycle,trim_3935,trim_7560,827.5,52.28,-445.99,-1056.01,1.92,0.76,1.34,144,158.8,76,1.007,,
3143,car,trim_6132,trim_5034,-1205.9,-413.05,2372.4,-536.74,5.04,1.86,1.51,1047,179.1,36,0.821,,
3144,car,trim_9059,trim_2118,-1787.59,1263.22,188.76,59.58,5.0,1.73,1.54,1806,141.1,35,0.753,,
3145,car,11491328428,6294258009,199.44,-1144.36,-1963.19,-1043.4,4.0,1.62,1.4,1025,166.2,77,0.791,,
3146,motorcycle,trim_5672,trim_538,1330.73,-477.32,-1289.5,-591.35,1.86,0.8,1.31,152,102.6,57,0.793,,
3147,car,2960326582,11001379074,-1709.96,13.68,-2490.4,-938.18,4.14,1.67,1.59,1730,176.3,75,0.987,,
3148,car,trim_8453,trim_2988,1777.3,616.47,-1730.47,1214.8,4.4,1.88,1.36,1151,140.6,23,0.849,,
3149,car,7222735458,2962861565,181.27,-1512.01,-625.43,-1632.27,4.97,1.7,1.37,1303,146.8,51,0.68,,
3150,car,trim_5466,9852465850,1891.05,-89.75,-2167.61,-847.22,4.05,1.78,1.51,1444,154.0,78,0.861,,
3151,car,12144024517,trim_8668,1159.04,1185.8,-517.6,629,4.37,1.95,1.53,1518,143.9,58,0.661,,
3152,bus,12372946964,4225219759,-663.24,-440.93,-650.24,-1036.16,12.18,2.44,3.15,10474,78.7,66,0.692,,
3153,car,trim_6588,9168834909,816.48,-1335.26,-1800.04,986.81,4.47,1.72,1.51,1112,170.7,33,0.66,,
3154,car,9168861204,trim_5451,-1501.33,-701.84,2144.18,135.74,4.72,1.69,1.55,1822,167.3,49,0.877,,
3155,car,trim_237,trim_2273,1049.16,414.78,1044.36,877.01,4.54,1.74,1.55,1836,164.2,41,0.865,,
3156,car,trim_8551,trim_6600,-1519.06,-1297.75,1970.61,-400.4,4.12,1.87,1.63,1643,175.5,73,0.794,,
3157,car,11001416256,9168850599,-1951.05,-1441.73,-1511.82,553.39,4.61,1.84,1.55,1625,162.5,62,0.783,,
3158,car,12129753491,trim_6630,-1315.27,694.18,2182.93,-928.04,4.68,1.94,1.38,1356,172.4,71,0.824,,
3159,car,trim_5343,trim_4884,2011.41,-1082.59,-1101.03,1435.64,4.32,1.63,1.48,1213,163.2,56,0.704,,
3160,car,trim_9268,2960361536,-1987.25,1124.54,-1083.53,-598.21,4.08,1.66,1.52,1791,144.4,50,0.739,,
3161,car,trim_7623,9857987893,198.22,21.48,-517.51,297.12,4.57,1.65,1.62,1884,179.5,72,0.857,,
3162,motorcycle,trim_6631,2960299974,2258.4,-983.19,-1357.58,460.95,1.8,0.66,1.27,140,114.1,73,0.823,,
3163,motorcycle,trim_7453,trim_8073,-1900.99,-549.59,-659.49,930.77,1.89,0.76,1.29,198,143.0,44,0.817,,
3164,car,trim_7594,12096819281,-758.23,-797.99,1108.66,-235.98,4.52,1.67,1.45,1447,145.6,65,0.873,,
3165,car,trim_5570,trim_2003,1665.42,-546.42,-102.91,137.84,4.17,1.69,1.36,1702,158.3,80,1.016,,
3166,car,trim_6938,trim_1400,2091.81,1112.21,-2037.54,-489.17,4.65,1.73,1.39,1274,153.6,65,0.745,,
3167,car,trim_7932,trim_4601,-1246.74,-1409.08,-751.93,895.37,4.59,1.85,1.35,1785,176.7,43,0.752,,
3168,car,trim_3516,trim_547,-178.22,320.4,-1391.7,-322.59,4.77,1.67,1.41,1819,142.9,47,0.855,,
3169,car,trim_7152,trim_5376,-2347.54,307.67,1136.76,313.93,4.72,1.64,1.5,1390,177.4,50,0.804,,
3170,bus,12143938633,trim_6770,511.75,1138.6,-535.06,173.11,12.49,2.49,3.43,10647,99.0,79,0.99,,
3171,car,4227743920,trim_564,-1420.99,1808.7,-1615.2,188.69,4.03,1.7,1.46,1748,171.5,47,0.868,,
3172,car,trim_8141,2960312526,-2129.24,-1153.34,-1026.9,-456.14,4.86,1.86,1.37,1781,159.5,55,0.873,,
3173,car,9854981048,trim_5579,2023.97,-438.83,1631.21,-252.37,4.43,1.75,1.55,1573,173.9,64,0.71,,
3174,car,trim_3112,trim_4663,519.79,-255.55,-1564.34,1280.19,4.48,1.91,1.62,1803,168.3,54,0.858,,
3175,car,9857583764,9843462198,-1388.94,-1150.74,1351.05,798.8,4.28,1.73,1.5,1386,160.9,53,0.84,,
3176,truck,trim_3607,11491986720,-648.65,-773.18,-1779.24,808.11,7.85,2.38,3.14,8977,77.0,24,0.713,,
3177,motorcycle,9857682487,trim_1526,-833.54,-735.72,-1083.13,-969.35,2.1,0.78,1.11,141,108.1,38,0.671,,
3178,car,9855014982,trim_4700,1423.68,-273.76,1110.75,198.83,4.23,1.68,1.61,1751,161.0,36,0.681,,
3179,car,trim_4477,trim_1386,-788.35,1529.14,-2196.74,-499.45,4.03,1.76,1.6,1190,178.8,16,0.872,,
3180,car,trim_5006,trim_6042,2283.41,-692.73,-1552.23,585.02,4.28,1.87,1.48,1831,159.3,62,0.858,,
3181,car,trim_3335,trim_8164,143.93,310.09,1913.7,-630.66,4.12,1.93,1.54,1342,140.3,56,0.754,,
3182,car,trim_5630,trim_4795,-78.72,1148.41,-456.61,-916.56,4.25,1.63,1.38,1617,169.5,63,0.76,,
3183,car,trim_7318,5171030827,-2484.24,396.86,-2168.44,575.77,5.01,1.89,1.63,1677,156.0,63,0.854,,
3184,car,2962860461,trim_4724,-140.29,-1057.01,-1316.78,1092.03,4.42,1.9,1.49,1355,162.5,32,0.652,,
3185,motorcycle,trim_7617,trim_8520,232.34,-152.25,-1325.48,-981.33,2.26,0.86,1.1,175,113.1,57,0.882,,
3186,motorcycle,trim_7694,12088417514,-66.62,-136.93,-2290.09,695.5,1.98,0.72,1.27,188,127.0,80,0.922,,
3187,car,5170822720,trim_9658,836.61,325.52,-1241.5,991.2,4.4,1.86,1.39,1004,143.1,62,0.823,,
3188,car,trim_2846,trim_1240,-2570.29,864.7,-1434.76,-266.33,4.67,1.81,1.51,1705,149.3,71,0.906,,
3189,car,trim_5533,9852465879,2345.44,-676.82,-2008.02,-1438.73,4.07,1.88,1.39,1373,178.4,41,0.796,,
3190,car,trim_5325,5170868605,2266.68,233.08,1660.69,-365.56,4.88,1.63,1.42,1175,161.8,40,0.9,,
3191,car,trim_3808,9852391732,-1232.2,-1270.51,-2350.33,-752.11,4.26,1.89,1.62,1098,144.5,49,0.817,,
3192,car,trim_7319,4227695048,-2482.68,401.61,2579.72,1327.82,4.28,1.79,1.45,1448,154.9,53,0.739,,
3193,car,trim_6734,trim_2844,-502.09,913.59,-2245.81,541.09,4.11,1.63,1.41,1548,177.5,60,0.764,,
3194,car,11031789567,4225324621,-617.88,-97.91,932.99,-180.76,4.35,1.93,1.64,1792,148.0,80,0.914,,
3195,car,trim_3125,3960095904,478.81,-518.76,-1120.26,615.75,4.27,1.72,1.47,1382,164.7,47,0.814,,
3196,truck,trim_5273,9857625465,1601.58,41.69,-1110.72,-866.89,11.05,2.51,3.25,12816,92.3,71,0.876,,
3197,car,4225172263,5170849686,13.33,-242.99,-1415.72,971.93,4.72,1.92,1.45,1614,176.2,31,0.8,,
3198,car,trim_6190,11499173751,-1364.38,-765.27,195.08,1207.38,5.09,1.87,1.62,1389,150.5,70,0.934,,
3199,car,trim_4374,trim_1119,2226.33,880.32,-1582.76,204.24,4.52,1.85,1.4,1176,172.1,52,0.684,,
3200,car,trim_785,7222735476,-717.56,-396.7,45.36,-1514.33,4.4,1.64,1.64,1412,157.4,22,0.673,,
3201,car,11176516538,trim_29,-525.4,-813.39,-713.58,-1841.55,4.14,1.95,1.6,1445,143.1,23,0.82,,
3202,car,trim_8383,12124070351,-432.18,-308,2169.15,712.58,4.94,1.86,1.61,1753,147.5,74,0.78,,
3203,car,trim_9102,trim_3915,1573.7,308.14,1761.66,219.84,4.85,1.88,1.54,1515,165.4,61,0.833,,
3204,car,trim_99,4225172210,225.96,699.61,693.58,-536.35,4.91,1.89,1.57,1375,147.3,20,0.703,,
3205,car,9843692465,trim_2341,2111.68,904.79,-2051.72,1779.47,4.45,1.82,1.42,1191,167.1,20,0.81,,
3206,car,trim_8862,5170639281,2308.06,-926.76,2063.77,-58.64,4.8,1.73,1.45,1606,143.7,51,0.654,,
3207,car,2960361553,12889145977,-1051.25,-613.82,-1390.59,327.66,4.54,1.71,1.61,1681,173.5,24,0.818,,
3208,car,trim_6870,trim_9025,-2482.42,-396.69,1147.52,-302.1,4.07,1.91,1.51,1171,177.9,22,0.772,,
3209,car,trim_3270,trim_5908,622.56,-47.34,-1721.72,-1467.27,4.84,1.86,1.41,1780,177.7,22,0.864,,
3210,car,trim_6058,9857682470,-1265.74,417.69,-242.52,-799.15,4.62,1.88,1.36,1238,140.2,41,0.672,,
3211,car,2960368336,12816120849,-1679.36,-897.09,-413.35,-280.41,4.01,1.77,1.55,1157,167.1,46,0.885,,
3212,truck,trim_4573,trim_1609,1648.23,178.83,-1371.22,-683.56,11.22,2.44,3.34,10385,80.6,48,0.76,,
3213,car,trim_8641,trim_6098,204.23,-1109.26,-1033.19,757.77,4.14,1.72,1.63,1304,152.4,29,0.722,,
3214,car,trim_262,trim_3256,104.14,-274.8,882.65,-720.08,5.0,1.74,1.38,1802,149.9,43,0.85,,
3215,car,trim_6732,trim_7456,-472.64,1049.19,-1788.97,-749.87,4.96,1.81,1.4,1637,173.3,24,0.736,,
3216,car,trim_6116,12901340302,-1391.2,146.58,170.29,-280.38,4.23,1.69,1.61,1573,162.8,71,0.749,,
3217,car,12372946962,trim_8585,-660.38,-436.58,-220.49,-1463.65,4.81,1.94,1.54,1298,147.2,52,0.853,,
3218,car,trim_592,4227798217,-1915.58,882.41,2042.34,-53.03,4.24,1.91,1.52,1748,164.1,21,0.705,,
3219,car,9843687267,9843336875,2403.2,699.04,1260.64,1543.93,4.66,1.65,1.48,1540,162.7,62,0.729,,
3220,car,trim_3405,trim_152,202.68,147.91,396.84,-759.16,5.04,1.88,1.38,1665,156.9,39,0.896,,
3221,car,trim_8152,trim_3797,-1949.51,-1457.09,-623.42,-904.2,5.02,1.74,1.55,1606,163.9,21,0.651,,
3222,car,trim_5616,4227743748,2482.37,-705.26,-639.53,-947.74,4.28,1.74,1.61,1353,151.6,42,0.856,,
3223,car,trim_6196,trim_471,-1338.07,-849.63,-2314.93,4.36,4.62,1.88,1.53,1228,146.3,16,0.958,,
3224,car,trim_4723,2960312538,-1392.89,1079.69,-1222.21,-74.19,4.17,1.92,1.64,1358,160.0,56,0.689,,
3225,car,trim_345,trim_9597,-1391.23,681.24,-1456.66,-133.7,4.93,1.78,1.61,1401,161.8,77,0.797,,
3226,motorcycle,trim_3174,9168965312,-439.02,144.64,1447.52,311.1,1.89,0.84,1.13,112,131.2,23,0.816,,
3227,car,trim_7337,9852938583,910.09,58.26,-1611.74,196.98,5.07,1.72,1.57,1382,178.3,73,0.951,,
3228,car,9854981047,trim_610,2026.67,-442.65,-2461.83,227.58,4.41,1.74,1.49,1497,152.4,75,0.914,,
3229,car,trim_5148,11909810088,2184.22,484.61,2405.74,-991.69,4.3,1.75,1.41,1165,151.5,64,0.738,,
3230,car,2960326632,trim_7321,-1900.76,-634.78,-1611.39,-405.49,4.74,1.9,1.51,1844,170.8,58,0.724,,
3231,car,9844004269,9857647492,-2425.85,578.53,-1097.53,-988.14,4.22,1.64,1.44,1184,178.9,24,0.854,,
3232,car,2960336715,9168986478,-948,469.85,319.9,734.59,4.12,1.86,1.65,1356,167.0,61,0.826,,
3233,car,4227695027,trim_2063,-850.34,957.02,1136.94,1433.06,5.0,1.74,1.59,1011,171.4,45,0.826,,
3234,car,trim_2608,trim_1646,-1536.22,814.3,-1599.2,-766.26,4.35,1.66,1.6,1663,160.6,33,0.672,,
3235,car,trim_2541,12096819274,-763.69,1367.96,1148.98,-296.71,4.2,1.91,1.45,1659,153.5,77,0.999,,
3236,car,trim_1118,457280261,-1603.14,179.27,683.53,444.08,4.92,1.67,1.54,1207,155.9,21,0.718,,
3237,motorcycle,9168951516,trim_4328,2045.25,-538.59,797.27,353.47,2.27,0.73,1.07,203,123.0,25,0.705,,
3238,car,trim_7062,trim_2211,-2120.42,724.72,1914.67,-950.34,4.2,1.8,1.39,1558,148.0,35,0.728,,
3239,car,trim_2110,trim_5351,234.15,-151.12,2033.28,-151.35,4.67,1.66,1.54,1030,168.7,55,0.792,,
3240,car,4223620626,5170823236,-2354.75,-752.43,1268.55,454.04,4.61,1.61,1.59,1609,166.7,58,0.7,,
3241,car,9857987869,trim_8348,-927.28,-536.62,121.06,741.25,4.51,1.93,1.55,1591,170.1,67,0.784,,
3242,car,9859601729,9852465850,-805.2,-399.38,-2167.61,-847.22,4.06,1.94,1.5,1280,156.0,66,0.754,,
3243,car,trim_4414,4227798504,2324.23,774.26,1247.46,1478.67,4.62,1.75,1.56,1004,178.7,55,0.703,,
3244,car,trim_605,trim_8968,-2551.52,119.05,-1868.51,703.64,4.17,1.84,1.46,1656,161.2,58,0.795,,
3245,car,trim_9520,9857249959,1696.53,818.78,-1845.48,-576.56,4.7,1.66,1.49,1166,155.2,34,0.703,,
3246,motorcycle,trim_7240,trim_7326,-2351.07,-0.41,965.05,376.13,1.96,0.83,1.11,147,156.2,68,0.91,,
3247,car,9860055100,2962838296,-1113.7,-1432.13,42.97,-1016.83,4.67,1.66,1.64,1655,150.8,38,0.698,,
3248,car,9857826599,trim_6688,273.1,-112.04,1021.69,1202.54,4.27,1.82,1.61,1880,156.6,29,0.661,,
3249,car,trim_2236,trim_5928,252.24,-600.41,2336.64,-1328.11,4.66,1.86,1.38,1043,155.1,66,0.702,,
3250,truck,trim_7322,10187672618,-1251.99,-1190.27,10.61,998.37,8.32,2.52,3.18,10740,84.1,37,0.718,,
3251,bus,trim_5086,trim_7397,2008.59,73.77,-57.17,234.04,12.13,2.45,3.01,9475,98.1,62,0.671,,
3252,car,4227743972,trim_1076,-948.93,2596.36,-889.35,-283.85,4.78,1.75,1.38,1600,150.9,45,0.824,,
3253,car,9855691339,11491033550,2500.13,416.78,-211.72,-1043.06,4.11,1.69,1.36,1356,169.6,50,0.767,,
3254,truck,11499173755,trim_3314,524.02,1329.15,-96.69,-303.43,10.83,2.49,3.53,7238,99.0,47,0.808,,
3255,car,4225172315,trim_8730,-136.82,44.09,-219.05,1116.93,4.89,1.63,1.55,1142,177.2,19,0.729,,
3256,car,10601041774,2970305268,1099.13,-17.74,68.64,-405.58,4.55,1.73,1.36,1564,149.6,28,0.741,,
3257,car,trim_6666,9859736953,1278.09,149.15,37.75,109.22,5.02,1.68,1.6,1573,167.4,24,0.723,,
3258,car,trim_5955,12918589240,-1022.97,-1587.5,-814.36,660.64,4.61,1.63,1.5,1165,144.9,70,0.821,,
3259,car,11001416248,4227743751,-1967.89,-1471.73,-670.9,-921.97,4.12,1.82,1.53,1808,177.9,28,0.816,,
3260,car,trim_8554,trim_2887,-1481.57,1315.35,-2086.49,899.15,4.7,1.74,1.52,1620,140.3,16,0.973,,
3261,car,trim_2612,trim_2505,-1015.04,708.23,-10.68,1505.91,4.7,1.86,1.37,1417,174.8,43,0.855,,
3262,car,trim_6583,trim_8042,605.65,-1073.53,2426.56,-1050.08,4.93,1.79,1.43,1197,174.6,77,0.798,,
3263,motorcycle,9857987906,12124090600,29.96,160.37,2329.12,738.35,1.94,0.77,1.2,127,122.6,23,0.874,,
3264,car,12109713191,trim_2504,1423.14,1020.28,-5.64,1457.03,4.5,1.65,1.39,1871,176.2,48,0.663,,
3265,car,2960326201,trim_5075,-911.34,-451.53,2459.88,393.07,4.72,1.86,1.51,1775,161.8,41,0.721,,
3266,car,9168953547,trim_8788,392.05,-1561.57,-750.14,845.57,4.71,1.66,1.41,1102,166.6,17,0.776,,
3267,car,trim_7809,trim_334,199.17,-1566.83,-493,597.16,4.96,1.68,1.43,1068,149.3,60,0.697,,
3268,bus,trim_595,2970305346,-2067.55,1087.65,89.16,636.51,9.56,2.43,3.52,13304,72.6,30,0.675,,
3269,car,trim_717,trim_4525,-1297.85,981.04,-766.58,1370.03,4.38,1.7,1.51,1815,148.6,65,0.774,,
3270,car,trim_5759,457278252,-1936.84,-1144.41,485.72,-922.42,4.82,1.63,1.48,1100,172.1,75,0.949,,
3271,car,2960361483,7121548955,-1492.2,-859.17,504.62,1606.73,4.45,1.65,1.53,1162,143.8,40,0.777,,
3272,bus,9859738798,9853181601,-497.96,-1229.77,1251.35,-1059.79,11.64,2.49,3.14,8094,75.1,54,0.671,,
3273,bus,12144079003,9168861179,920.13,1346.36,-1209.86,-804.49,12.26,2.47,3.38,8139,98.4,17,0.86,,
3274,car,trim_5363,5170798245,1739.38,-321.95,146.36,-83.14,4.67,1.7,1.37,1598,141.1,57,0.849,,
3275,car,trim_1667,trim_983,-577.88,-1681.05,-646,-267.44,4.29,1.71,1.51,1372,159.6,23,0.708,,
3276,bus,trim_2971,9843170047,-2191.5,1196.4,-1655.71,642.14,9.88,2.49,3.3,12403,86.8,45,0.899,,
3277,car,trim_1034,trim_489,-940.93,145.34,-1771.46,1116.53,4.43,1.83,1.6,1306,160.4,57,0.732,,
3278,ambulance,2960312447,trim_5733,-616.15,-431.74,-2404.15,-746.19,5.51,2.15,2.47,2834,145.6,72,0.581,bn_6888421988,Hospital (building bn_6888421988)
3279,car,11176439511,12096791271,-732.58,-810.23,1142.71,88.35,4.6,1.8,1.39,1621,176.3,32,0.653,,
3280,car,trim_8467,trim_3462,2021.75,1035.4,486.44,-502.26,4.83,1.62,1.41,1025,175.8,65,0.784,,
3281,car,9859736949,9168951450,46.03,114.33,-327.19,-599.18,4.68,1.61,1.36,1273,156.0,24,0.667,,
3282,car,trim_4748,2960336783,-1438.12,1274.06,-1148.2,412.71,4.78,1.7,1.64,1722,168.8,74,0.752,,
3283,car,trim_622,10205548837,-2215.15,521.9,2299.62,-883.77,4.59,1.93,1.61,1510,176.5,67,0.908,,
3284,car,2960312463,trim_9039,-1265.54,112.44,-1263.05,1181.5,4.1,1.91,1.59,1229,142.2,19,0.787,,
3285,car,trim_8839,trim_4516,2239.75,-1538.62,-358.69,831.32,4.75,1.93,1.51,1592,144.8,23,0.878,,
3286,ambulance,9885134827,trim_133,-2458.11,-490.46,155.55,-789.4,6.5,2.28,2.52,4318,147.9,79,0.789,bn_6888421991,Hospital (building bn_6888421991)
3287,motorcycle,trim_612,2960300002,-2376.2,332.28,-1495.04,970.22,2.02,0.88,1.25,161,108.8,67,0.854,,
3288,car,4225172221,trim_2854,106.87,-466.92,-1906.19,662.41,4.04,1.65,1.38,1380,153.2,77,0.988,,
3289,car,trim_713,9168861189,-1299.29,831.79,-1519.67,-603.32,4.88,1.65,1.4,1185,140.2,60,0.889,,
3290,car,9843692466,trim_2952,2271.83,1007.72,-1716.09,1482.05,4.56,1.66,1.49,1122,174.5,35,0.665,,
3291,motorcycle,4227695055,trim_9676,2471.89,1389.61,-1515.67,399.65,2.09,0.82,1.24,189,128.9,46,0.74,,
3292,car,9168834903,trim_484,-1846.26,1017.74,-1740.49,663.57,4.19,1.76,1.4,1547,178.0,43,0.807,,
3293,car,11056361046,11777944693,1292.34,488.31,776.83,812.5,4.52,1.84,1.35,1630,150.2,47,0.794,,
3294,car,9852964134,trim_3373,-2494.09,374.72,-58.79,450.07,4.47,1.85,1.59,1278,155.4,52,0.717,,
3295,car,9858060932,trim_9286,298.08,285.38,-1644.53,1274.11,4.27,1.8,1.45,1683,171.8,60,0.683,,
3296,car,5170801495,trim_3477,2194.03,571.63,-525.48,159.35,4.09,1.86,1.47,1409,146.6,35,0.768,,
3297,motorcycle,trim_4322,trim_6303,1645.11,812.66,-144.37,-1157.51,1.91,0.71,1.16,110,117.3,36,0.664,,
3298,car,trim_9339,9844004268,708.95,627.94,-2408.06,639.42,4.47,1.69,1.58,1105,167.6,33,0.673,,
3299,car,trim_7012,trim_2139,-2361.6,798.16,1391.38,1025.14,4.22,1.91,1.65,1159,174.9,43,0.75,,
3300,car,9852405457,11491033549,-2366.17,-301.35,-229.51,-1035.07,4.58,1.75,1.62,1175,158.4,52,0.719,,
3301,car,9852305618,trim_1955,452.52,1077.39,566.31,1267.45,4.88,1.64,1.62,1587,152.3,50,0.868,,
3302,car,trim_4044,trim_2226,772.04,182.09,467.64,-724.78,4.09,1.76,1.43,1518,151.7,58,0.77,,
3303,car,11909810095,trim_2042,2352.47,-963.23,1475.54,-372.2,4.84,1.63,1.52,1647,147.2,54,0.745,,
3304,car,12088347353,4225324839,-1877.44,700.33,2532.31,847.88,4.99,1.63,1.54,1111,176.4,50,0.838,,
3305,car,trim_6116,trim_7690,-1391.2,146.58,-109.81,21.7,4.19,1.69,1.47,1160,163.8,80,1.048,,
3306,motorcycle,9859738816,9854981019,603.41,-1005.63,1786,-565.91,2.02,0.7,1.13,246,133.3,79,0.884,,
3307,car,2960336752,trim_4473,-1307.57,320.17,-465.3,1001.15,4.89,1.73,1.61,1055,152.6,31,0.715,,
3308,car,trim_1026,5170798237,-956.24,264.24,103.72,163.98,4.88,1.68,1.43,1795,147.1,46,0.662,,
3309,motorcycle,trim_5651,trim_3789,-1346.31,798.73,-1288.15,-1138.06,2.24,0.69,1.16,139,95.3,80,0.823,,
3310,truck,trim_5336,trim_7135,1971.99,-10.57,-2361,244.06,11.88,2.57,2.81,10262,89.2,65,0.885,,
3311,ambulance,trim_4774,trim_4107,1019.19,653.82,2322.26,771.42,5.71,2.01,2.77,2642,130.7,69,0.493,bn_6906240215,Hospital (building bn_6906240215)
3312,car,trim_9322,4225219745,-2450.53,1266.35,-1236.74,-1071.15,4.82,1.74,1.57,1340,174.6,68,0.741,,
3313,car,trim_701,trim_9166,-1414.81,690.24,2433.11,976.73,4.67,1.91,1.39,1772,142.6,78,0.929,,
3314,car,11777944689,2960312508,687.38,707.36,-1268.56,-230.87,4.04,1.72,1.48,1765,150.7,26,0.737,,
3315,car,trim_2369,trim_5665,-1543.92,-1172.85,587.25,-706.24,4.12,1.66,1.35,1654,147.6,69,0.701,,
3316,car,trim_5708,trim_1250,1703.67,-761.63,-1661.93,-389.04,4.06,1.92,1.49,1502,172.5,69,0.887,,
3317,car,9859747832,trim_6042,28.9,-1537.14,-1552.23,585.02,5.06,1.82,1.38,1155,162.2,26,0.716,,
3318,car,trim_3550,trim_8033,589.07,-287.02,-344.06,-309.97,4.6,1.65,1.36,1416,155.8,64,0.804,,
3319,ambulance,trim_2223,trim_3654,2206.52,-1465.35,-1279.66,-1236.09,6.14,2.29,2.63,3023,121.3,23,0.612,a_1086642598_c,SHIKHA ACUPUNCTURE SANATORIUM
3320,car,11909810164,9859501411,2015.84,-600.45,306.46,-956.47,4.31,1.69,1.43,1012,159.0,78,0.822,,
3321,car,trim_1999,trim_1903,-39.17,118.3,-242.45,-1223.95,4.59,1.75,1.57,1319,154.7,57,0.835,,
3322,car,trim_4760,2962860505,292.86,-1272.34,-149.44,-1152,4.66,1.76,1.45,1423,157.5,78,0.956,,
3323,motorcycle,2970305325,trim_6889,-189.26,121.93,-1662.61,625.9,1.89,0.71,1.17,185,130.2,42,0.747,,
3324,car,trim_9637,trim_5913,-1301.58,1005.68,-1707.69,-1310.76,4.52,1.85,1.38,1332,148.7,50,0.832,,
3325,motorcycle,4225352116,trim_8798,-541.26,2514.58,733.2528990187473,271.6343177595176,1.96,0.84,1.34,144,93.9,46,0.735,,
3326,car,9168861175,trim_4738,-1108.91,-873.17,-1175.36,1153.68,4.82,1.91,1.51,1691,165.3,65,0.756,,
3327,car,6928966679,2962838278,-1671.21,-1446.64,-137.02,-1477.38,4.68,1.67,1.44,1421,176.7,18,0.967,,
3328,car,trim_6958,2962837659,1324.66,673.64,-146.63,-1227.61,4.09,1.66,1.37,1450,145.2,37,0.816,,
3329,car,trim_3229,9168881182,-78.68,573.89,2282.72,816.13,4.92,1.7,1.38,1021,171.4,51,0.736,,
3330,car,10259407488,trim_8426,2451.67,-1055.82,-447.37,-652.44,4.55,1.94,1.53,1211,156.2,46,0.734,,
3331,truck,trim_7157,trim_6637,-2224.93,99.8,2475.47,-746.35,9.85,2.44,3.09,13029,87.7,20,0.886,,
3332,car,trim_7574,trim_9498,-408.21,-791.31,-2401.06,-480.71,4.46,1.84,1.46,1697,158.3,44,0.771,,
3333,car,trim_1694,trim_8280,67.35,-1465.51,1839.15,-711.43,4.62,1.86,1.57,1655,170.0,58,0.669,,
3334,motorcycle,trim_3260,trim_4864,952.3,-453.62,781.23,640.01,2.27,0.84,1.34,173,145.5,22,0.671,,
3335,car,trim_7078,trim_7300,-2125.91,777.37,-1244.15,-699.04,4.36,1.66,1.4,1432,170.1,38,0.805,,
3336,car,trim_4507,12143948731,-830.39,1461.02,995.92,978.57,4.84,1.95,1.45,1146,171.5,66,0.784,,
3337,bus,trim_193,12901265234,630.37,243.76,-543.06,-884.47,11.05,2.59,3.37,8853,94.6,59,0.717,,
3338,car,11015711790,9857647513,-1038.27,756.83,-558.24,-1415.51,4.06,1.69,1.38,1513,143.3,32,0.721,,
3339,car,trim_2694,trim_8720,-2484.89,888.56,-934.73,1135.64,4.81,1.76,1.45,1753,161.7,24,0.827,,
3340,car,9855693604,11498996009,1616.83,152.79,400.32,162.08,5.04,1.9,1.46,1223,146.4,52,0.754,,
3341,car,trim_6416,12129335426,2370.14,816.6,1672.97,413.43,4.8,1.86,1.36,1054,154.2,18,0.839,,
3342,car,trim_5314,trim_9371,2263.92,-75.03,1485.41,142.96,4.29,1.74,1.37,1539,161.0,40,0.762,,
3343,car,12130798614,trim_3565,-894.99,37.98,855.06,-841.32,4.72,1.92,1.65,1804,147.5,43,0.823,,
3344,car,trim_438,9168953517,-2468,0.99,1919.05,-441.52,4.11,1.93,1.37,1077,175.4,65,0.662,,
3345,motorcycle,12129003159,9168946302,2335.49,42.94,1683.82,115.52,2.29,0.83,1.29,119,147.1,53,0.72,,
3346,car,9857987873,trim_1047,-683.77,-446.96,-947.68,109.08,4.33,1.75,1.59,1387,166.6,18,0.898,,
3347,car,trim_2026,trim_159,1541.53,89.87,305.64,-890.58,4.24,1.92,1.51,1658,167.4,24,0.658,,
3348,car,trim_5544,trim_2960,2134.89,577.8,-2485.28,975.41,4.53,1.94,1.63,1449,158.3,75,0.864,,
3349,car,trim_1929,9844203625,-441.9,-1325.87,-2468.28,1156.1,4.38,1.93,1.46,1321,152.0,23,0.702,,
3350,car,trim_7890,trim_501,-2421.96,-521.11,-1664.03,692.98,4.12,1.72,1.61,1225,154.3,30,0.677,,
3351,car,trim_883,4225324665,-1076.39,-441.5,957.62,114.1,4.42,1.67,1.44,1185,172.9,33,0.698,,
3352,car,11015876005,trim_8506,-1073.63,279.03,-82.9,-1044.69,4.09,1.73,1.57,1063,179.0,56,0.734,,
3353,motorcycle,trim_6935,9852378890,-1455.14,1109.98,-1984.83,-1012.76,1.87,0.71,1.2,230,119.6,65,0.76,,
3354,car,2962838298,trim_7854,9.7,-967.46,1053.08,864.62,4.35,1.95,1.57,1267,172.6,77,0.879,,
3355,car,trim_6884,trim_8933,1855.69,1020.91,-1515.67,-1277.18,5.08,1.94,1.52,1220,179.5,33,0.763,,
3356,car,trim_8506,trim_7597,-82.9,-1044.69,-382.42,-914.85,4.98,1.76,1.37,1525,142.1,57,0.856,,
3357,car,trim_6654,9168946306,1178.6,-325.56,1944.62,100.11,4.18,1.61,1.42,1718,178.3,80,0.955,,
3358,car,12098345440,trim_4974,-1817.62,1232.34,-1497.69,1153.04,4.85,1.66,1.51,1483,161.2,26,0.798,,
3359,motorcycle,trim_1241,11491243646,-1411.28,-325.99,-625.87,-1195.73,2.16,0.89,1.16,201,156.6,65,0.82,,
3360,car,trim_4150,9857583729,1541.39,792.74,-1030.9,-86.97,4.64,1.86,1.56,1249,173.4,66,0.824,,
3361,car,trim_8050,12278350543,2444.7,-1039.21,2331.15,-1344.39,4.48,1.87,1.39,1742,140.2,49,0.668,,
3362,car,trim_3379,trim_3449,497.56,18.63,1516.57,-623.82,4.33,1.65,1.61,1768,161.1,79,0.925,,
3363,motorcycle,trim_4861,trim_4654,1065.74,770.1,1186.5,-1595.07,2.05,0.65,1.07,198,143.3,60,0.841,,
3364,car,trim_6446,12165533319,1819.25,329.18,-1918.67,341.42,4.75,1.73,1.63,1674,164.6,45,0.756,,
3365,car,5170823222,9168861191,890.15,347.48,-1518.09,-498.51,4.71,1.72,1.36,1115,160.1,19,0.724,,
3366,car,trim_2573,trim_4062,1566.08,1012.71,2435.03,979.65,4.73,1.76,1.62,1029,165.4,46,0.717,,
3367,car,trim_1712,trim_2336,-235.88,-1420.54,-2208.87,1304.75,4.05,1.69,1.47,1199,151.9,78,0.927,,
3368,car,9853276949,trim_7308,1736.9,352.85,-2300.33,136.75,4.75,1.63,1.62,1315,152.9,38,0.772,,
3369,car,11909810108,trim_7221,2320.11,-912.45,-1407.84,12.49,4.2,1.78,1.63,1787,174.8,67,0.792,,
3370,car,trim_7888,9843170051,-2440.49,-621.32,-1849.7,1020.4,4.37,1.63,1.46,1047,176.3,66,0.79,,
3371,car,5170849698,trim_3346,-1620.93,707.11,-207.29,-246.92,4.38,1.86,1.38,1293,173.4,69,0.71,,
3372,car,trim_2824,4225076185,-2352.55,1115.4,-2519.87,893.45,4.62,1.8,1.44,1039,149.6,46,0.747,,
3373,car,trim_6824,2960336738,-2463.52,25.6,-1253.63,365.27,4.02,1.8,1.46,1107,156.5,25,0.705,,
3374,car,trim_1961,trim_9520,218.19,1501.45,1696.53,818.78,4.46,1.67,1.39,1816,177.2,35,0.743,,
3375,car,trim_8357,trim_7118,-277.77,354.16,-2401.72,248.05,4.07,1.65,1.63,1577,157.2,73,0.941,,
3376,car,trim_8363,trim_6988,-1475.23,-357.69,2404.38,858.7,4.61,1.87,1.61,1522,162.1,77,0.913,,
3377,truck,trim_8612,2960300001,-627.15,-1198.82,-1615.93,772.49,9.76,2.6,3.46,5938,82.7,44,0.665,,
3378,car,5170868608,9843084757,1607.05,-336.08,-2170.58,1000.53,4.69,1.69,1.41,1514,173.2,39,0.695,,
3379,motorcycle,trim_2096,trim_7323,2476.98,1142.24,-1298.32,-1154.58,2.08,0.67,1.14,145,155.9,33,0.771,,
3380,car,trim_7147,trim_2526,-2364.72,287.24,281.92,1423.46,5.01,1.87,1.38,1351,178.9,27,0.793,,
3381,car,trim_6074,trim_5935,-1806.58,1105.12,166.03,-1498.82,4.47,1.76,1.55,1015,161.0,60,0.707,,
3382,ambulance,9855373893,trim_6810,2303.61,-1268.27,-347.65,632.88,5.5,2.24,2.48,2524,127.5,69,0.608,a_1408808783_c,Manipal Hospital
3383,car,trim_1297,2960361495,-1318.03,311.82,-1290.85,-1033.68,4.39,1.76,1.47,1658,146.6,55,0.85,,
3384,car,trim_8575,9852405452,-426.61,-1448.14,-2432.86,-334.78,4.33,1.6,1.64,1032,174.2,36,0.767,,
3385,car,6294258018,9853262753,-2021.48,-1142.35,1442.31,432.44,4.83,1.71,1.51,1639,152.2,64,0.702,,
3386,motorcycle,9857331055,trim_4363,-1967.88,-714.57,1353.84,766.77,1.86,0.83,1.33,236,95.7,35,0.653,,
3387,car,trim_5117,trim_3635,2086.71,526.37,-577.37,-928.01,5.07,1.6,1.6,1771,166.9,58,0.776,,
3388,car,trim_7440,trim_7342,-2424.21,521.49,1098.02,66.18,4.73,1.8,1.41,1584,166.6,24,0.828,,
3389,car,9857826565,trim_2624,30.81,-445.6,-1095.39,692.4,5.02,1.78,1.37,1436,164.1,42,0.809,,
3390,car,9843362972,trim_3590,-2305.54,1427.14,261.41,516.13,4.43,1.74,1.57,1555,159.2,80,0.818,,
3391,truck,trim_5312,trim_4078,2187.02,-84.32,1016.67,-138.39,8.48,2.55,3.26,8079,70.3,41,0.894,,
3392,car,trim_2706,2970305307,-2153.98,596.71,-381.63,-152.22,4.05,1.66,1.55,1250,179.7,44,0.773,,
3393,car,trim_4350,trim_9216,1405.88,285.43,2038.65,225.69,4.7,1.67,1.57,1594,146.2,48,0.835,,
3394,car,9853276936,2962837661,1878.62,498.91,-115.84,-1258.38,4.76,1.93,1.45,1406,143.9,59,0.662,,
3395,car,trim_1581,trim_3829,-1123.03,-734.3,-561.21,-1000.23,4.86,1.69,1.46,1451,162.2,74,0.937,,
3396,motorcycle,trim_6435,457280273,1921.86,479.1,645.2,-411.79,2.23,0.75,1.1,237,133.6,25,0.775,,
3397,car,trim_7426,9852405459,1141.49,-227.95,-2426.97,-333.17,4.8,1.93,1.42,1453,146.8,16,1.027,,
3398,car,9857987903,trim_2077,37.3,165.77,1098.48,608.97,4.13,1.81,1.48,1372,163.0,47,0.75,,
3399,car,9859501409,5171028508,308.43,-951.96,-2615.34,41.97,4.94,1.75,1.6,1124,176.1,37,0.89,,
3400,car,trim_3545,trim_1576,610.47,-160.68,-1242.35,-747.01,4.83,1.64,1.52,1295,150.8,19,0.932,,
3401,car,9843552440,trim_4505,1742.45,486.46,-932.33,1443.54,4.34,1.9,1.52,1267,166.8,48,0.835,,
3402,car,trim_4317,4227743882,1511.06,789.71,-1564.5,1224.6,4.53,1.88,1.47,1356,168.9,46,0.88,,
3403,motorcycle,9859709770,trim_8326,-64.36,2629.4,-263.62,-1353.22,2.02,0.81,1.06,221,151.7,20,0.857,,
3404,car,trim_2518,11491066025,189.18,1284.31,-244.91,-1426.74,4.1,1.73,1.45,1360,157.7,40,0.685,,
3405,car,4227798210,trim_7106,1138.08,-67.13,-931.98,1133.54,4.77,1.94,1.59,1328,177.4,40,0.746,,
3406,car,6928966676,9843592172,-1660.03,-1441.19,2057.3,609.28,4.64,1.7,1.4,1414,156.6,29,0.79,,
3407,ambulance,11983071051,trim_8034,1078.63,1204.3,1225.14,742.96,6.17,2.12,2.72,3485,121.7,72,0.554,a_1408818183_c,Hospital (amenity a_1408818183_c)
3408,car,trim_3417,trim_6677,337.42,198.38,948.27,125.14,4.03,1.9,1.42,1570,148.6,28,0.886,,
3409,car,9168959379,6928966896,1027.82,-243.82,-1766.74,-1408.59,4.83,1.8,1.48,1767,157.1,44,0.761,,
3410,car,trim_5763,trim_5177,-1891.69,-1126.6,1479.16,126.79,4.71,1.68,1.58,1453,179.5,64,0.74,,
3411,car,trim_2849,9857647513,-1921.06,709.83,-558.24,-1415.51,4.51,1.64,1.54,1002,156.2,57,0.773,,
3412,car,11909810157,4225219747,2075.16,-507.45,-472.84,-1061.99,4.95,1.67,1.47,1430,152.7,66,0.865,,
3413,car,trim_2024,trim_3557,1535.52,108.86,-698.66,426.62,4.27,1.74,1.57,1005,177.9,59,0.718,,
3414,motorcycle,4225077538,trim_6868,-1714.33,1689.25,-2438.53,-444.62,2.07,0.78,1.31,146,136.3,61,0.779,,
3415,car,9168834915,4227743913,-1975.75,1098.41,-1236.2,1568.39,4.59,1.62,1.4,1191,143.8,38,0.756,,
3416,car,trim_3732,11235781125,-408.67,-726.77,-2349.29,1286.04,4.14,1.7,1.5,1458,141.9,20,0.821,,
3417,motorcycle,2960312458,2960312440,-1033.08,320.86,-1080.92,-517.62,1.95,0.86,1.32,168,148.2,75,0.942,,
3418,car,6928966670,trim_1423,-1636.54,-1536.06,-2554.85,-101.68,4.03,1.92,1.55,1870,177.0,73,0.782,,
3419,car,trim_496,trim_4304,-1683.25,776.52,1562.44,647.98,4.28,1.75,1.58,1209,152.4,79,0.861,,
3420,car,trim_1685,9852160653,-195.86,-1270.99,-2452.35,383.41,4.83,1.68,1.52,1872,162.2,51,0.676,,
3421,car,trim_2282,trim_3969,1858.87,1019,-457.25,1038.92,4.58,1.93,1.46,1061,148.8,29,0.7,,
3422,car,trim_8067,9843437531,-1582.53,-1474.45,2169.62,1356.33,4.32,1.93,1.51,1228,171.7,38,0.74,,
3423,car,trim_255,trim_8800,-110.56,-398.34,723.12,287.67,4.1,1.92,1.55,1177,154.1,54,0.865,,
3424,car,11287747053,trim_9580,-1625.39,-1433.12,-605.81,1160.89,4.32,1.83,1.43,1743,152.5,73,0.885,,
3425,car,trim_7991,9857625483,-1417.97,-1187.27,-1170.54,-1321.08,4.65,1.86,1.42,1694,149.9,73,0.9,,
3426,car,trim_4759,trim_9392,-1222.41,848.95,-1343.82,456.72,4.94,1.61,1.54,1748,173.7,56,0.874,,
3427,car,trim_4750,4225172279,-498.89,-999.81,-166.39,-148.53,4.98,1.87,1.6,1015,148.5,76,0.898,,
3428,car,trim_34,5170849694,-1001.79,880.07,-1575,860.73,4.32,1.83,1.55,1019,144.0,41,0.752,,
3429,car,9168959374,3887993299,1423.37,-278.39,1538.69,1032.81,4.83,1.83,1.54,1785,172.8,17,0.815,,
3430,car,9852938602,trim_331,-1322.52,-477.67,-147.17,655.42,4.27,1.66,1.35,1110,177.3,26,0.788,,
3431,car,9843592171,trim_5276,2065.36,611.49,1905.09,-46.4,4.25,1.9,1.37,1423,156.6,59,0.759,,
3432,motorcycle,trim_493,trim_7154,-1737.3,955.85,-2322.66,285.68,2.22,0.77,1.26,258,144.8,33,0.841,,
3433,car,9859738800,trim_5139,-504.12,-1229.9,2226.07,151.12,4.06,1.65,1.64,1892,152.8,72,0.787,,
3434,car,trim_6317,5170791987,1873.76,1239.11,-1696.86,669.94,4.69,1.92,1.42,1752,148.4,17,0.865,,
3435,car,trim_2817,9859639838,-2289.28,729.56,-396.88,-284.19,4.53,1.81,1.54,1240,163.9,38,0.745,,
3436,car,4225324722,trim_6159,1854.12,356.17,-1345.13,-694.51,4.97,1.62,1.63,1254,173.7,77,1.007,,
3437,car,12109729943,trim_6797,1787.93,1486.19,533.88,1093.57,4.1,1.86,1.44,1407,170.6,61,0.761,,
3438,car,11909810197,trim_6145,2407.1,-1184.68,-1211.11,-798.99,4.33,1.88,1.6,1479,179.3,57,0.685,,
3439,car,4224981108,2960326184,-2402.91,1219.89,-929.37,37.29,4.93,1.81,1.64,1636,172.7,62,0.887,,
3440,motorcycle,2960336683,6202105974,-1647.16,-349.3,688.82,-315,2.21,0.73,1.2,244,145.1,60,0.669,,
3441,car,4225077452,4227743912,-1695.24,1068.29,-1348.58,1510.76,4.32,1.75,1.65,1584,142.4,68,0.868,,
3442,car,trim_8595,trim_8031,55.35,-1366.77,-340.35,-280.54,4.01,1.81,1.41,1662,179.7,44,0.715,,
3443,car,trim_4191,trim_3112,1456.83,828.68,519.79,-255.55,4.07,1.87,1.45,1858,142.1,54,0.837,,
3444,motorcycle,9885134828,trim_4239,-2486.23,-515.61,1957.51,176.39,1.99,0.82,1.35,227,130.5,47,0.725,,
3445,car,9168951451,4225324920,-315.14,-586.61,1210.72,2034.92,4.15,1.87,1.49,1305,152.7,59,0.831,,
3446,car,trim_1928,9859639848,-438.58,-1329.6,-178.28,-533.77,5.03,1.82,1.47,1482,140.3,41,0.851,,
3447,car,7134890039,trim_3215,2233.01,-1097.14,203.41,270.59,4.81,1.92,1.49,1340,166.6,65,0.843,,
3448,car,trim_4936,4227798506,244.24,-1213.02,1395.48,1505.05,4.56,1.82,1.52,1416,169.4,77,0.874,,
3449,car,trim_7300,trim_3365,-1244.15,-699.04,885.49,-718.76,5.05,1.95,1.54,1022,167.4,60,0.813,,
3450,car,9854981038,trim_4921,2023.49,-687.31,-1475.2,1269.2,4.62,1.76,1.61,1167,161.1,40,0.88,,
3451,truck,2960368344,trim_7688,-1927.29,-151.66,-238.6,-45.02,6.93,2.52,3.74,5993,93.8,38,0.883,,
3452,motorcycle,trim_3131,trim_5050,581.14,-315.26,1928.47,-247.17,1.87,0.84,1.05,251,159.9,66,0.706,,
3453,car,trim_5542,12143948728,2111.45,555.1,1043.13,906.24,4.64,1.9,1.38,1452,151.0,63,0.72,,
3454,car,trim_1886,trim_4583,-380.06,-1218.9,-854.75,788.82,4.67,1.71,1.62,1799,176.7,26,0.715,,
3455,car,2962861562,trim_7764,-678.35,-1536.72,-1033.07,-515.49,4.98,1.72,1.42,1183,176.6,80,0.838,,
3456,car,trim_582,trim_5049,-1683.1,553.74,1922.14,-194.51,4.36,1.71,1.53,1278,157.9,64,0.74,,
3457,motorcycle,trim_7716,4227743936,253.02,-603.74,-1179.07,2064.94,2.21,0.78,1.3,208,96.5,34,0.845,,
3458,car,9857331054,trim_321,-1966.31,-712.02,576.27,782.82,4.07,1.75,1.61,1367,161.4,65,0.723,,
3459,ambulance,9168861177,9168861167,-1024.72,-781.15,-1119.32,-63.03,5.71,2.13,2.42,3860,153.0,38,0.503,a_1409201613_c,Yashoda Hospital
3460,car,trim_3978,trim_3451,-475.43,1151.53,1403.86,-721.77,4.94,1.79,1.4,1538,166.0,53,0.749,,
3461,car,11491144947,9852168752,-632.67,-1344.54,-2069.13,383.08,4.23,1.67,1.47,1220,174.1,53,0.747,,
3462,car,457278256,trim_4748,617.77,-596.04,-1438.12,1274.06,4.17,1.74,1.62,1463,140.6,42,0.825,,
3463,motorcycle,trim_7137,9843687273,-2343.83,265.25,2362.63,917.35,2.1,0.78,1.33,227,136.7,52,0.793,,
3464,car,trim_830,9859493781,-1473.97,58.93,416.2,-455.06,4.48,1.95,1.43,1587,148.9,20,0.737,,
3465,car,trim_2246,trim_8427,156.33,-376.02,-475.69,-712.06,4.78,1.84,1.47,1211,155.0,38,0.896,,
3466,car,trim_227,trim_971,802.78,311.66,-733.5,-109.43,4.3,1.89,1.44,1261,140.1,58,0.763,,
3467,car,trim_7534,trim_110,-369.8,-1266.74,-258.57,613.73,4.17,1.91,1.46,1687,144.2,16,0.928,,
3468,car,trim_7680,4227743961,-691.83,-198.34,-828.65,2429.48,4.09,1.73,1.64,1373,141.8,23,0.696,,
3469,car,trim_318,trim_1221,-1373.8,452.07,-1491.4,-142.25,4.01,1.75,1.36,1094,150.5,58,0.7,,
3470,car,11176440234,9852938582,-715.82,-969.35,-1614.08,208.16,4.69,1.92,1.57,1802,145.4,55,0.719,,
3471,car,trim_511,4225077453,-2095.57,-849.83,-2437.16,1071.42,4.43,1.77,1.51,1288,158.8,44,0.862,,
3472,car,4225324670,trim_8767,772.26,155.1,-19.98,-19.03,4.47,1.62,1.4,1615,146.1,43,0.844,,
3473,car,9168986436,trim_5590,-454.34,753.88,1775.96,-180.33,4.38,1.86,1.6,1013,143.1,24,0.811,,
3474,car,6928966676,9843336863,-1660.03,-1441.19,1098.3,1695.79,4.51,1.66,1.5,1022,149.8,19,0.958,,
3475,car,9857465284,trim_1453,-1206.35,318.18,-1269.16,-796.21,4.03,1.75,1.48,1227,153.6,44,0.814,,
3476,car,2960368366,trim_4456,-2169.59,-57.46,1756.17,66.5,4.55,1.63,1.49,1684,154.3,24,0.693,,
3477,car,9852405446,trim_1766,-2367.84,-323.16,-79.11,-1242.53,4.61,1.66,1.58,1521,146.3,39,0.777,,
3478,truck,trim_2108,trim_7891,261.08,-165.34,-2459.62,-619.82,9.29,2.41,3.35,5523,87.6,61,0.685,,
3479,car,2962837654,2960299957,-160.77,-1227.49,-1264.79,504.22,4.96,1.79,1.39,1734,156.7,71,0.752,,
3480,car,2960312510,trim_1676,-1466.1,-135.15,-293.88,-1394.35,4.36,1.62,1.57,1888,145.4,24,0.708,,
3481,motorcycle,trim_3287,10259407495,-540.44,449.24,2409.37,-1049.13,1.92,0.71,1.39,223,115.6,37,0.772,,
3482,car,4225324765,4224981085,-351.02,620.88,-2315.61,878.99,4.9,1.88,1.42,1207,178.4,53,0.662,,
3483,car,457280277,trim_3711,698.62,-52,-526.69,-1168.25,4.26,1.82,1.46,1189,163.4,50,0.689,,
3484,car,12124037281,trim_4558,-837.02,-957.73,-940.36,1343.7,4.83,1.86,1.36,1202,141.1,68,0.84,,
3485,car,trim_1528,trim_284,-1090.76,-1200.26,142.24,-458.93,4.32,1.74,1.42,1115,166.0,56,0.853,,
3486,car,trim_4031,trim_768,1665.01,721.77,-845.61,-528.29,4.83,1.7,1.55,1769,166.4,58,0.796,,
3487,motorcycle,trim_6282,11187660587,-339.91,-845.85,1916.77,774.63,1.86,0.68,1.12,183,97.3,22,0.771,,
3488,car,11909810094,4227743680,2353.17,-970.38,976.98,-1422.34,4.52,1.84,1.52,1623,158.9,78,1.015,,
3489,car,trim_1710,trim_4961,-201,-1445.61,252.62,-1530.64,4.01,1.67,1.43,1355,167.2,80,0.972,,
3490,car,9859639839,trim_7026,-383.09,-285.37,-2355.78,753.51,4.36,1.93,1.58,1431,171.2,64,0.751,,
3491,car,trim_5770,trim_6052,-1032.36,-1593.66,-1595.28,560.9,4.15,1.74,1.57,1691,174.0,76,0.826,,
3492,truck,trim_4048,5170894033,748.38,-188.55,-1062,-1568.54,9.35,2.46,2.75,10684,76.3,35,0.739,,
3493,car,trim_9465,5170823238,55.85,-1195.06,1326.56,456.09,4.87,1.84,1.53,1254,152.2,47,0.843,,
3494,car,trim_6396,trim_612,2047.21,598.5,-2376.2,332.28,4.02,1.74,1.58,1296,179.0,63,0.683,,
3495,car,9852243277,12141546337,-1200.99,1285.99,-2252.2,1219.88,4.62,1.93,1.63,1195,169.6,70,0.749,,
3496,car,trim_4790,11031789566,-1468.24,1195.16,-545.67,-196.91,4.08,1.71,1.43,1583,142.7,59,0.711,,
3497,car,trim_8682,trim_3353,464.66,558.27,-241.61,-584.91,4.29,1.81,1.61,1464,170.2,44,0.653,,
3498,car,9857583736,2960358787,-1032.26,-324.95,-1646.49,-92.55,5.08,1.68,1.46,1666,175.3,66,0.67,,
3499,car,12130804689,trim_4492,-1074.74,196.67,-1026.03,1194.39,5.08,1.67,1.53,1503,158.7,46,0.723,,
3500,car,9168949398,trim_7424,-156.39,-1708.52,-2401.61,-1015.8,4.1,1.69,1.59,1440,168.8,74,0.985,,
3501,motorcycle,trim_5010,trim_4833,2401.22,-771.5,-747.07,-595.7,2.04,0.82,1.28,238,92.6,21,0.794,,
3502,car,trim_2464,trim_4940,-2303.28,1010.02,-1639.79,1250.34,4.59,1.81,1.46,1713,179.1,59,0.794,,
3503,truck,trim_6906,trim_6422,-2057.59,1092.01,2322.72,584.86,9.66,2.33,3.71,12297,93.2,48,0.655,,
3504,car,trim_9301,9168959376,-1554.55,1143.6,1500.91,-26.47,5.0,1.74,1.62,1656,143.9,22,0.78,,
3505,car,10259407488,9857625477,2451.67,-1055.82,-1263.23,-1001.79,4.12,1.84,1.64,1282,165.0,51,0.873,,
3506,car,11013719605,2960299894,-2085.55,-1122.66,-1876.33,825.65,4.94,1.92,1.59,1808,160.1,80,0.914,,
3507,car,12098345440,trim_430,-1817.62,1232.34,-2301.3,138.59,4.08,1.85,1.64,1519,144.0,56,0.777,,
3508,car,4225172201,trim_6977,1039.66,-611.02,2403.92,590.97,4.45,1.71,1.37,1029,161.5,58,0.76,,
3509,car,12099987486,4227743655,-425.14,1282.48,308.01,-1515.35,4.46,1.93,1.38,1131,153.1,77,0.944,,
3510,car,10187672626,9857647483,-16.05,953.65,-831.65,-1176.62,4.07,1.94,1.6,1528,144.7,78,0.97,,
3511,car,2960326196,trim_1299,-1007.83,-342.42,-1337.32,266.78,4.93,1.78,1.62,1148,163.1,24,0.806,,
3512,car,trim_7131,2960299840,-2383.03,266.24,-2059.92,-1130.74,4.7,1.7,1.57,1313,180.0,58,0.869,,
3513,car,trim_5558,4227743824,1732.75,-66.46,-1332.34,848.14,4.78,1.62,1.59,1193,176.0,42,0.681,,
3514,car,11187527265,trim_195,1737.98,646.78,701.38,271.89,4.62,1.94,1.36,1739,157.4,48,0.714,,
3515,ambulance,4224980815,trim_4712,-2030.74,386.09,305.3,-1439.24,6.42,2.03,2.74,2505,122.4,50,0.459,a_352730718_c,Hospital (amenity a_352730718_c)
3516,motorcycle,trim_747,trim_222,-1546.44,689.24,427.12,81.56,2.01,0.69,1.32,259,93.6,70,0.778,,
3517,car,2960326611,2960361438,-2023.13,-21.87,-2482.77,-265.94,4.49,1.95,1.5,1526,161.0,36,0.694,,
3518,motorcycle,12127402422,trim_483,-766.88,1347.51,-1707.43,680.39,2.13,0.73,1.33,133,154.7,50,0.715,,
3519,car,trim_2474,4227743639,-192.98,1252.93,429.56,-1564.23,4.53,1.89,1.53,1807,155.0,77,0.942,,
3520,car,trim_1501,9844004268,-1222.31,-1153.58,-2408.06,639.42,4.45,1.89,1.45,1248,169.3,62,0.777,,
3521,car,9168897691,9168850567,-328.5,-897.28,-1495.75,1031.42,4.92,1.85,1.63,1871,149.7,77,0.997,,
3522,car,trim_1867,trim_3752,-630.1,-517.49,-487.6,-1116.6,4.77,1.67,1.53,1626,154.2,23,0.849,,
3523,car,3887993328,trim_7519,1697.93,1147.47,-1210.63,-798.03,4.55,1.64,1.45,1643,140.1,29,0.769,,
3524,car,trim_5457,trim_8810,2049.05,119.49,726.4786947592181,264.3488528011561,4.02,1.62,1.63,1315,178.2,23,0.662,,
3525,car,trim_7405,trim_2022,1942.45,41.63,1514.44,180.61,4.99,1.74,1.47,1445,154.1,77,0.964,,
3526,motorcycle,9857647512,trim_6096,-595.59,-1460.68,-1106.71,744.09,1.86,0.69,1.21,259,141.4,75,0.776,,
3527,bus,12098330071,trim_3892,-1271.84,1339.45,922.91,172.96,11.59,2.47,3.25,12781,78.9,74,0.779,,
3528,car,2962838440,4225172368,-129.61,-903.12,-357.63,268.74,5.01,1.84,1.41,1493,144.0,68,0.795,,
3529,car,5170637547,2962837676,1068.01,245.37,8.98,-1543.22,4.18,1.91,1.36,1664,152.5,25,0.749,,
3530,car,trim_6405,trim_4128,2376.14,626.6,-455.2,1041.79,4.07,1.78,1.65,1245,159.3,58,0.755,,
3531,car,9857647478,11006815359,-635.38,-1124.71,2099.95,-562.22,4.42,1.76,1.62,1142,166.1,42,0.759,,
3532,car,trim_7940,2960299938,-2239.44,-619.79,-2100.05,353.27,4.76,1.64,1.56,1633,141.3,39,0.748,,
3533,car,9859655309,trim_5073,132.57,-985.73,2431.29,368.54,4.28,1.85,1.61,1424,143.7,33,0.689,,
3534,car,trim_7167,9857826598,-1818.63,108.4,270.93,-107.57,4.06,1.88,1.48,1395,156.2,57,0.722,,
3535,car,trim_27,9843492408,-901.79,-1688.63,1437.02,872.56,4.26,1.82,1.43,1564,166.1,68,0.924,,
3536,car,9855373904,9857157154,2491.92,-575.81,1843.55,-115.37,4.37,1.85,1.63,1451,157.4,25,0.767,,
3537,motorcycle,trim_312,trim_5904,-1526.04,427.4,-1760.69,-1507.1,1.98,0.87,1.13,255,92.2,58,0.763,,
3538,car,trim_7427,5170783081,1796.84,-459.57,1857.67,533.59,4.25,1.87,1.48,1502,177.4,65,0.724,,
3539,car,9843521234,trim_3646,1422.09,572.87,-741.03,-906.07,4.41,1.74,1.44,1027,140.4,60,0.816,,
3540,car,9843084760,trim_6246,-2238.73,1079.33,-1413.73,-1426.71,4.4,1.93,1.54,1336,162.5,79,1.012,,
3541,car,trim_6632,11909810088,2148.95,-902.84,2405.74,-991.69,4.1,1.87,1.45,1606,163.3,71,0.874,,
3542,car,trim_9196,trim_4509,1875.83,947.82,-939.18,1289.28,4.44,1.65,1.47,1282,141.0,65,0.812,,
3543,motorcycle,trim_9198,trim_7197,1914.16,953.77,-1522.57,430.02,1.97,0.74,1.22,224,131.1,73,0.904,,
3544,car,trim_1953,trim_53,597.03,1099.11,112.48,111.37,4.95,1.67,1.61,1225,153.4,24,0.859,,
3545,car,9859748021,12098320593,451.46,-1242.74,-1816.68,1334.56,4.88,1.69,1.61,1727,153.4,18,0.907,,
3546,car,trim_867,9844249446,-980.18,-153.72,-2157.92,814.95,4.47,1.66,1.41,1242,170.5,66,0.729,,
3547,car,4225172435,trim_8545,-243.84,486.84,-12.36,-62.07,4.35,1.93,1.59,1388,153.4,35,0.853,,
3548,car,9853276949,trim_1752,1736.9,352.85,-8.99,-1437.26,4.74,1.69,1.61,1405,169.7,28,0.895,,
3549,car,2962837645,trim_7847,-442.63,-1526.06,1859.54,1004.62,4.3,1.84,1.4,1648,142.9,50,0.661,,
3550,car,trim_3782,trim_8080,-562.95,-1128.45,-503.92,1280.08,4.66,1.94,1.43,1403,171.6,54,0.788,,
3551,car,trim_1177,trim_5941,-1801.95,23.83,132.17,-1437.19,4.71,1.89,1.61,1729,175.8,30,0.772,,
3552,car,trim_3046,trim_5383,-390.2,176.73,2183.27,101.01,4.01,1.6,1.61,1291,161.7,17,0.852,,
3553,car,12130798615,5170849695,-818.08,168.79,-1590.74,821.38,4.05,1.64,1.35,1195,168.5,19,0.795,,
3554,car,trim_8153,4225352032,-1902.39,-1390.23,-114.59,1697.87,4.92,1.64,1.57,1043,155.1,44,0.735,,
3555,car,2962838440,trim_6250,-129.61,-903.12,-721.58,-1364.78,4.72,1.88,1.53,1034,147.4,29,0.844,,
3556,truck,trim_2834,trim_3130,-2417.25,599.07,469.85,-260.5,8.49,2.39,2.53,6508,89.1,36,0.878,,
3557,motorcycle,11189732863,trim_8878,-10.37,-893.08,2469.32,-918.88,2.25,0.89,1.34,226,100.1,30,0.687,,
3558,car,12143948738,9857750345,1047.65,948.72,-603.97,-859.41,4.8,1.8,1.61,1357,146.3,74,0.945,,
3559,car,trim_5107,trim_1080,2012.93,-777.49,-818.24,-381.22,4.56,1.8,1.6,1526,167.6,57,0.8,,
3560,car,trim_1735,trim_3570,-65.5,-1444.15,426.73,-1133.75,4.43,1.9,1.39,1220,143.2,49,0.836,,
3561,car,trim_3266,9844203648,425.42,-41.13,-2376.93,935.13,5.07,1.72,1.56,1785,170.4,66,0.749,,
3562,car,trim_1712,7222770486,-235.88,-1420.54,181.63,-1660.92,5.01,1.82,1.41,1257,163.0,60,0.862,,
3563,car,trim_2072,trim_5231,1055.18,847.28,2517.79,449.17,5.02,1.8,1.58,1262,144.0,50,0.738,,
3564,bus,trim_7674,trim_8683,-512.75,-205.94,590.39,581.53,9.5,2.54,3.56,13265,75.7,32,0.842,,
3565,car,9859747846,trim_5450,-30.72,-1464.45,2178.33,140.61,4.03,1.95,1.65,1804,179.2,78,0.876,,
3566,car,trim_3384,trim_5054,85.3,-487.39,1936.38,-336.57,4.45,1.91,1.55,1512,172.6,62,0.773,,
3567,car,trim_9514,trim_5865,1720.42,692.09,-286.44,745.38,4.44,1.78,1.35,1291,160.2,47,0.728,,
3568,car,6925898201,trim_822,-1827.15,-1592.97,-1270.18,182.46,4.24,1.69,1.59,1251,145.6,76,0.889,,
3569,car,7218290615,trim_7104,2391.06,1375.13,-872.04,1142.98,4.6,1.78,1.53,1014,164.5,63,0.745,,
3570,car,trim_5373,9860068754,1783.3,-244.19,826.62,-1357.99,4.41,1.92,1.47,1128,158.3,36,0.685,,
3571,car,4224981084,trim_4485,-2556.97,877.89,-933.33,710.68,4.26,1.88,1.49,1208,150.2,42,0.803,,
3572,car,9857987896,4225172266,-376.64,331.61,478.61,-217.96,4.83,1.72,1.45,1891,173.4,20,0.72,,
3573,car,trim_7219,11491168062,-2040.06,-432.83,-928.01,-1501.29,4.94,1.65,1.5,1079,158.2,26,0.819,,
3574,car,9852378912,trim_2801,-1981.55,-1097.21,-2434.86,1248.81,4.14,1.7,1.61,1016,170.0,52,0.717,,
3575,car,trim_6490,trim_465,2034.9,-189.39,-2130.62,14.08,4.4,1.67,1.38,1792,165.7,47,0.805,,
3576,car,9857115611,9852893339,-2291.21,-1029.28,-1525.97,-824.43,4.24,1.93,1.57,1111,161.1,70,0.942,,
3577,car,trim_6623,trim_6740,4.5,-1494.71,-435.17,922.04,4.7,1.91,1.48,1438,169.8,76,0.881,,
3578,car,trim_9680,trim_4437,-1619.21,335.28,1023.63,256.5,4.83,1.85,1.38,1596,142.5,16,0.938,,
3579,car,12129482868,5170655693,-1282.81,627.02,2086.02,-47.77,4.27,1.76,1.52,1355,171.7,73,0.847,,
3580,car,trim_303,trim_447,-1784.97,384.17,-2107.97,-548.52,4.68,1.72,1.42,1780,169.9,52,0.686,,
3581,car,trim_6962,trim_3940,1442.72,872.3,911.34,55.6,4.65,1.93,1.39,1237,154.4,79,0.909,,
3582,car,trim_1172,trim_3452,-1699.8,63.89,1333.72,-790.75,4.5,1.69,1.48,1305,146.6,29,0.815,,
3583,car,2960312627,trim_948,-889.01,37.84,-655.14,-348.45,4.96,1.67,1.38,1833,161.1,71,0.959,,
3584,car,5170630784,trim_4679,2214.63,245.31,336.11,-1433.2,4.42,1.79,1.52,1357,170.6,78,0.916,,
3585,car,trim_2734,trim_7557,-1865.34,702.15,-565.68,-962.61,4.33,1.88,1.35,1673,166.7,75,0.833,,
3586,car,9843336868,trim_1324,1396.74,1508.27,-1067.98,-218.4,4.76,1.81,1.52,1332,160.1,55,0.762,,
3587,car,trim_582,9859596015,-1683.1,553.74,-1032.66,-430.44,4.97,1.8,1.64,1746,167.3,38,0.782,,
3588,car,5170630793,12129335426,2185.62,471.12,1672.97,413.43,4.71,1.62,1.65,1840,152.4,26,0.863,,
3589,car,trim_4683,trim_316,340.21,-1484.91,-1403.48,449.25,4.77,1.77,1.64,1370,179.5,73,0.861,,
3590,car,9168861206,4225172263,-1549,-687.11,13.33,-242.99,4.57,1.87,1.51,1391,168.7,26,0.868,,
3591,car,4227743730,trim_8729,-293.09,-1061.55,-392.19,1013.47,4.36,1.85,1.58,1295,171.4,33,0.826,,
3592,car,9859655309,trim_8785,132.57,-985.73,1844.8,630.47,4.78,1.72,1.48,1207,165.3,22,0.672,,
3593,car,trim_8916,9843119611,2152.14,-788.6,-1542.55,1009.52,4.24,1.77,1.48,1361,147.9,64,0.871,,
3594,car,trim_4221,11909810190,2402.5,1404.64,2383.11,-884.22,4.84,1.8,1.54,1444,158.6,26,0.827,,
3595,car,trim_2411,trim_868,-324.27,1400.66,-1180.63,-195.62,4.69,1.88,1.59,1018,162.0,31,0.656,,
3596,car,trim_7424,trim_9485,-2401.61,-1015.8,106.7,-272.21,4.82,1.66,1.6,1601,163.8,66,0.706,,
3597,motorcycle,trim_128,trim_4252,167.79,-809.91,1414.62,628.12,2.04,0.8,1.09,240,143.7,21,0.791,,
3598,car,trim_2461,trim_5726,-2338.1,890.54,-1473.71,683.4,4.11,1.84,1.55,1724,166.6,17,0.77,,
3599,car,trim_8167,2960312461,2006.07,-549.68,-1275.4,122.79,5.03,1.78,1.5,1165,146.3,38,0.771,,
3600,car,trim_3327,trim_7883,360.44,57.46,-2458.32,-489.72,4.71,1.91,1.57,1530,155.8,60,0.826,,
3601,car,9855693608,2960312592,1612.78,270.99,-452.49,-288.83,4.33,1.78,1.61,1855,153.8,74,0.771,,
3602,car,2960300002,2970305132,-1495.04,970.22,1912.13,-947.86,4.82,1.62,1.55,1778,150.2,46,0.732,,
3603,motorcycle,trim_3576,trim_184,141.83,341.21,399.86,150.23,2.02,0.77,1.21,148,140.6,32,0.747,,
3604,car,trim_3800,trim_1150,-597.22,-919.38,-1702.65,145.94,4.37,1.9,1.45,1186,142.8,54,0.827,,
3605,car,11499317442,trim_6098,-289.93,1087.38,-1033.19,757.77,4.66,1.69,1.49,1430,165.2,39,0.867,,
3606,car,trim_7272,trim_1380,-2290.76,-928.04,-2025.62,-652.75,4.45,1.93,1.65,1537,159.3,49,0.899,,
3607,car,trim_620,trim_3772,-2226.45,507.49,-242.43,-663.38,4.78,1.74,1.58,1749,150.9,35,0.848,,
3608,car,trim_2672,trim_6190,-2424.55,-738.16,-1364.38,-765.27,4.1,1.64,1.63,1261,149.2,65,0.756,,
3609,car,trim_2635,trim_1509,-1156.46,682.56,-1150.42,-1024.33,4.27,1.95,1.37,1138,170.3,65,0.883,,
3610,car,trim_1764,4225324859,-93.67,-1488.51,-494.1,912.26,4.41,1.65,1.46,1479,169.1,64,0.772,,
3611,motorcycle,trim_4303,9857682479,1534.02,640.16,-572.59,-663.19,1.81,0.89,1.32,222,136.3,38,0.781,,
3612,car,trim_5461,12131032053,2064.87,-0.37,-960.62,271.24,4.65,1.88,1.6,1241,169.0,25,0.696,,
3613,car,trim_3297,trim_2233,-156.02,595.63,281.19,-617.11,4.29,1.84,1.59,1184,156.2,46,0.677,,
3614,car,trim_6740,trim_2839,-435.17,922.04,-2325.99,571.57,4.19,1.94,1.48,1355,151.9,44,0.795,,
3615,car,2960336681,trim_5740,-1648.81,-300.08,-2142.45,-744.9,4.64,1.62,1.53,1303,175.5,67,0.724,,
3616,motorcycle,10044168919,trim_7589,-1577.1,-1349.92,-453.86,-818.87,2.13,0.7,1.1,249,145.5,22,0.74,,
3617,car,trim_56,trim_5841,130.21,12.99,-555.25,596.91,4.28,1.76,1.49,1667,178.4,23,0.868,,
3618,car,trim_3708,trim_6078,-455.11,-1080.58,-1806.66,1036.71,4.12,1.67,1.55,1689,175.7,41,0.868,,
3619,motorcycle,4227798504,trim_6269,1247.46,1478.67,-522.09,-694.51,2.04,0.81,1.28,147,119.1,36,0.771,,
3620,car,trim_894,4225219833,-1292.09,-236.9,-319.78,-469.94,4.18,1.88,1.45,1674,155.7,74,0.857,,
3621,car,trim_8428,trim_9197,-477.87,-716.56,1909.23,952.93,4.4,1.78,1.53,1693,159.0,39,0.823,,
3622,car,trim_3303,trim_3067,-126.34,302.89,85.51,596.61,4.67,1.81,1.38,1263,162.0,77,0.772,,
3623,bus,12098282521,trim_6450,-1170.63,1156.98,1771.8,377.95,11.01,2.44,3.42,8629,99.4,66,0.787,,
3624,car,trim_5590,trim_9284,1775.96,-180.33,-1582.79,1133.27,4.9,1.75,1.4,1225,170.3,52,0.669,,
3625,car,trim_9273,5171030836,-1789.68,837.72,-2006.7,770.34,4.09,1.65,1.53,1061,150.6,63,0.666,,
3626,car,11499317444,trim_4595,-287.8,1063.06,2406.34,1406.11,4.88,1.86,1.49,1600,176.3,59,0.789,,
3627,car,n_9708,trim_2212,1308.4913959594169,-472.66016536556515,1918.24,-953.83,4.24,1.73,1.61,1622,152.9,78,0.947,,
3628,car,9859647553,4223620631,-285.2,-1067,-2512.48,-705.73,4.48,1.6,1.55,1691,161.9,38,0.802,,
3629,car,trim_5212,9852405424,1926.87,-251.15,-2220.55,-100.96,4.26,1.93,1.51,1395,164.5,29,0.744,,
3630,bus,9854777610,trim_6483,-2492.82,-366.37,1678.98,-84.14,10.23,2.58,3.39,9802,98.3,68,0.812,,
3631,bus,trim_4392,11491066026,2421.76,1028.57,-232.37,-1412.09,11.58,2.45,3.17,10160,71.0,35,0.874,,
3632,car,trim_5472,trim_5693,2333.54,38.56,721.38,-193.02,4.83,1.92,1.39,1496,154.1,22,0.782,,
3633,car,trim_892,12234691738,-1211.39,-261.79,-835.55,799.46,4.53,1.74,1.44,1842,154.0,19,0.897,,
3634,motorcycle,4227798385,trim_9256,1131.66,325.84,-353.76,832.11,1.86,0.65,1.24,126,129.3,69,0.812,,
3635,bus,trim_8981,9861682125,-2122.17,777.23,-1442.7,-1049.35,12.38,2.45,3.26,11530,83.4,70,0.794,,
3636,car,11176504237,trim_43,-830.28,-1167.21,87.66,594.51,4.86,1.7,1.58,1218,148.8,54,0.854,,
3637,car,trim_672,9854977036,-1604.34,626.73,2466.45,-744.93,4.82,1.74,1.42,1857,163.1,34,0.689,,
3638,car,2962837730,3887993323,-242.53,-1647.66,1488.95,1125.34,4.47,1.91,1.5,1555,143.0,16,0.845,,
3639,motorcycle,12141491925,11909810126,-1951.77,827.16,2445.19,-932.51,1.9,0.87,1.22,153,111.9,57,0.891,,
3640,car,trim_9507,trim_334,1753.13,518.56,-493,597.16,4.32,1.71,1.54,1227,145.2,69,0.697,,
3641,bus,trim_2871,11490986523,-1881.2,474.8,150.56,-1368.94,12.18,2.51,3.1,8456,80.7,78,0.893,,
3642,ambulance,4224980815,5171028514,-2030.74,386.09,-2497.35,184.48,5.88,2.17,2.74,4372,143.2,27,0.56,a_352730796_c,HOD Ghaziabad - House Of Diagnostics
3643,car,trim_2225,2960299935,2206.53,-1492.82,-1934.45,829.33,5.07,1.68,1.48,1184,157.6,60,0.781,,
3644,car,trim_1581,trim_9409,-1123.03,-734.3,2285.81,-1289.37,4.56,1.81,1.55,1813,174.9,73,0.759,,
3645,car,trim_2556,9852405447,2216.14,706.28,-2365.88,-294.62,4.69,1.79,1.64,1238,171.7,65,0.666,,
3646,car,2960300030,trim_5539,-1140.28,1060.96,2053.02,499.86,4.93,1.71,1.45,1226,159.1,51,0.709,,
3647,car,9852330260,trim_3866,-1373.39,383.24,1062.09,-256.24,4.09,1.68,1.43,1410,154.8,25,0.846,,
3648,car,12123907740,trim_9477,-848.88,-226.69,695.63,-104.85,5.02,1.86,1.6,1422,154.9,44,0.682,,
3649,car,trim_4274,trim_1495,2052.01,-269.79,-1267.42,-1215.74,4.65,1.82,1.36,1054,163.6,56,0.722,,
3650,car,9857583753,4225324783,-1342.23,-1114.56,2204.76,703.02,4.48,1.73,1.52,1256,152.9,24,0.793,,
3651,car,trim_5611,trim_9354,2441.79,-591.41,863.75,813.25,5.02,1.7,1.39,1592,174.8,29,0.895,,
3652,car,5170639283,trim_3447,2066.93,-88.15,-147.85,100.43,4.26,1.93,1.62,1697,170.5,59,0.709,,
3653,car,trim_3234,trim_9531,573.58,224.47,-890.33,-1241.09,4.87,1.91,1.46,1850,152.6,18,0.883,,
3654,motorcycle,12124279327,trim_5670,-1318.88,-985.43,1303.16,-474.2,2.05,0.83,1.09,171,90.0,78,0.92,,
3655,car,9857350828,2960312531,-1760.72,28.99,-1326.01,-156.08,4.36,1.76,1.55,1497,171.1,76,1.006,,
3656,car,trim_4873,trim_1672,-1348.25,975.2,-359.1,-1458.12,5.03,1.69,1.53,1422,148.8,47,0.867,,
3657,car,trim_1688,trim_3589,-104.39,-1269.85,256.48,515.31,4.45,1.8,1.55,1896,160.1,57,0.882,,
3658,car,trim_8063,trim_7294,-1752.95,-1386.16,-1661.13,-650.16,4.97,1.62,1.54,1250,154.6,21,0.761,,
3659,car,trim_4256,6735185773,1007.56,201.33,-270.72,634.45,4.44,1.93,1.62,1656,178.8,19,0.882,,
3660,car,trim_5747,9852318740,-1917.23,-1158.87,-1510.78,543.04,4.67,1.85,1.56,1133,154.2,73,0.859,,
3661,car,trim_9213,trim_8850,2008.18,258.3,2458.71,-1017.17,4.42,1.61,1.54,1604,169.5,70,0.825,,
3662,car,trim_254,trim_4940,-114.76,-401.05,-1639.79,1250.34,4.49,1.67,1.52,1694,169.0,72,0.761,,
3663,car,trim_388,9852168759,-2230.59,207.89,-1338.27,435.08,4.35,1.63,1.61,1708,173.9,74,0.908,,
3664,motorcycle,9843368463,trim_7617,-1908.93,886.74,232.34,-152.25,2.05,0.65,1.17,157,104.0,16,0.891,,
3665,car,trim_6211,9843127278,-1439.24,-947.81,-2132.31,531.18,4.37,1.82,1.39,1469,174.8,63,0.658,,
3666,car,trim_9060,2960361487,-1801.55,1304.1,-1562.61,-1061.09,4.77,1.61,1.37,1171,141.8,69,0.802,,
3667,car,trim_8641,11999070888,204.23,-1109.26,-2263.69,-282.22,4.14,1.64,1.47,1218,158.0,19,0.917,,
3668,car,14091522905,4224981029,1438.64,-577.95,-1962.96,701.68,4.95,1.78,1.45,1405,175.1,35,0.678,,
3669,car,11176439511,trim_4610,-732.58,-810.23,-382.45,968.91,4.19,1.63,1.49,1431,140.1,70,0.872,,
3670,car,11499043125,9852465883,-851.45,965.97,-1829.8,-1468.13,4.91,1.79,1.51,1030,162.4,80,0.851,,
3671,car,11775194482,trim_5644,113.05,-1610.93,-2048.75,1783.38,4.86,1.87,1.63,1381,146.5,66,0.766,,
3672,car,11168934278,4224981065,141.31,329.66,-2386.94,828.73,4.05,1.74,1.49,1896,154.0,61,0.762,,
3673,car,4227798466,9857647495,2052.89,496.23,-1093.12,-986.37,5.01,1.88,1.44,1730,152.7,72,0.84,,
3674,car,2960299904,12129335426,-2142.06,1538.59,1672.97,413.43,4.39,1.6,1.36,1295,173.0,80,0.937,,
3675,car,2960299839,9168861160,-2069.97,-1112.01,-1292.26,-124.18,4.59,1.71,1.45,1403,148.4,78,0.906,,
3676,car,trim_1590,9168966501,-1367.65,-638.49,932.12,2239.57,4.86,1.82,1.36,1019,151.5,30,0.654,,
3677,car,trim_8926,11158370500,1980.47,-496.03,268.4,-1090.16,4.41,1.88,1.57,1843,152.1,47,0.679,,
3678,car,trim_3239,6928966661,-250.22,581.44,-1547.46,-1486.42,4.58,1.64,1.58,1740,143.4,62,0.807,,
3679,car,trim_4844,trim_3483,-1177.98,852.03,436.63,-630.14,4.25,1.7,1.56,1396,166.2,21,0.661,,
3680,car,trim_6291,trim_7537,-331.4,-976.18,-709.76,-953.15,4.34,1.79,1.36,1577,163.5,32,0.807,,
3681,motorcycle,9852378897,trim_6846,-2004.67,-839.34,-2297.26,262.99,2.24,0.79,1.29,249,116.9,55,0.806,,
3682,car,trim_5339,trim_8200,1413.55,567.04,-1079,839.48,4.71,1.86,1.61,1585,160.2,21,0.88,,
3683,car,trim_9458,trim_1380,2025.93,335.05,-2025.62,-652.75,4.72,1.67,1.42,1264,145.6,37,0.726,,
3684,car,9843462196,trim_1218,1340.37,809.83,-1701.26,50.71,4.56,1.86,1.5,1472,148.8,60,0.666,,
3685,car,2960326745,trim_417,-1628.58,-56.32,-1938.43,247.76,4.33,1.82,1.41,1245,165.4,68,0.78,,
3686,car,4227798196,trim_2110,2110.72,-101.63,234.15,-151.12,4.67,1.87,1.57,1234,148.5,18,0.808,,
3687,car,9857682445,11198935225,-486.16,-1158.21,-1974.31,-678.88,4.8,1.9,1.51,1663,159.8,37,0.861,,
3688,car,457278268,5170822718,685.35,667.07,782.42,302.87,4.01,1.8,1.38,1394,162.6,80,1.036,,
3689,car,4225324631,9859736958,947.73,-96.93,38.57,84.52,4.55,1.6,1.53,1872,175.5,68,0.92,,
3690,car,trim_8721,trim_5664,-941.62,1203.26,716.86,-206.14,4.25,1.61,1.61,1491,155.2,29,0.82,,
3691,car,11491678302,trim_283,112.84,996.34,117.96,-441.33,4.4,1.64,1.43,1235,156.4,35,0.742,,
3692,car,trim_2214,11491066043,1965.3,-999.65,-296.81,-1495.8,4.38,1.75,1.39,1362,160.0,66,0.703,,
3693,car,trim_8501,5170868609,-122.92,-1145.41,1571.55,-317.23,4.87,1.93,1.53,1835,171.7,55,0.772,,
3694,car,9168986483,trim_8146,443.61,1071.51,-2465.89,-981.51,4.61,1.82,1.54,1555,158.1,75,0.976,,
3695,truck,trim_7488,trim_6620,-835.07,214.83,1793.25,-24.52,6.54,2.4,3.14,15261,71.1,51,0.693,,
3696,car,trim_3761,trim_9119,-657.76,-1179.25,456.52,-344.4,4.29,1.92,1.43,1079,156.7,20,0.892,,
3697,car,4219222665,trim_9429,1875.27,-1610.31,-2114.98,200.19,4.12,1.66,1.43,1872,167.3,80,0.985,,
3698,truck,trim_3882,trim_5834,855.3,330.29,-784.8,538.34,11.42,2.42,3.27,13012,81.1,27,0.815,,
3699,car,trim_3708,trim_4616,-455.11,-1080.58,-373.93,934.43,4.88,1.64,1.42,1657,158.5,21,0.714,,
3700,car,trim_3639,4227743939,-600.02,-973.35,-927.84,2089.27,4.15,1.81,1.59,1727,157.8,66,0.893,,
3701,car,trim_1487,trim_5324,-1074.71,-1134.87,1616.36,-393.53,4.34,1.66,1.49,1375,168.2,78,0.85,,
3702,car,trim_3193,trim_5279,391.84,227.47,1940.31,30.56,4.34,1.69,1.58,1243,171.9,71,0.883,,
3703,car,trim_5221,trim_2299,1965.29,-157.21,2605.55,1166.95,4.21,1.65,1.46,1347,162.3,34,0.854,,
3704,car,trim_9042,trim_8600,-1241.4,1283.54,-162.48,-983.92,4.17,1.63,1.51,1845,174.5,62,0.736,,
3705,bus,trim_8616,trim_5779,-392.06,-1199.4,-1478.88,-1235.79,11.01,2.47,3.56,13224,88.9,34,0.867,,
3706,car,11056361043,5170894032,1269.94,487.81,-1081.31,-1552.54,4.4,1.92,1.5,1056,176.2,38,0.824,,
3707,car,11015711794,trim_9403,-1164.77,574.4,1302.79,-475.34,4.52,1.65,1.41,1276,167.7,39,0.814,,
3708,car,9853181586,4224981042,930.94,45.32,-2267.32,722.22,4.58,1.64,1.58,1136,158.8,73,0.792,,
3709,car,2970305125,trim_1819,2070.23,-1109.44,-127.51,-978.5,4.45,1.76,1.62,1387,151.7,58,0.878,,
3710,car,trim_6312,trim_344,-1703.45,-642.69,-1386.76,679,4.95,1.8,1.6,1686,161.5,73,0.89,,
3711,car,trim_4793,trim_779,-1557.28,1183.24,-1217.53,-487.65,4.32,1.84,1.64,1261,164.3,40,0.847,,
3712,car,trim_2025,trim_2463,1537.03,104.09,-2327.5,926.92,4.54,1.82,1.5,1889,173.2,67,0.772,,
3713,car,4227797884,trim_8654,1746.29,-1410.82,243.81,-1348.73,4.9,1.94,1.35,1618,149.2,70,0.924,,
3714,car,13968415817,trim_8214,-1611.12,277.74,-1809.61,1038.2,4.23,1.67,1.41,1357,176.1,42,0.869,,
3715,car,trim_2891,trim_2993,-1950.03,685.6,-1913.18,1132.95,4.66,1.72,1.44,1824,162.2,44,0.697,,
3716,truck,trim_70,trim_797,381.75,-1110.68,-1039.8,74.58,7.91,2.59,3.72,13009,85.4,29,0.75,,
3717,car,trim_5857,trim_4588,2330.6,-795.82,-722.37,749.31,4.9,1.66,1.48,1484,174.7,44,0.775,,
3718,motorcycle,trim_7578,3887993326,-396.37,-821.04,1694.49,1144.66,2.17,0.8,1.36,253,95.0,61,0.719,,
3719,car,trim_6522,trim_3219,-353.19,-510.97,224.42,159.13,4.98,1.8,1.51,1085,159.4,49,0.852,,
3720,car,9859747833,trim_9194,29.61,-1547.23,1773.27,883.71,4.64,1.63,1.55,1697,140.5,69,0.902,,
3721,car,4227798358,11491328438,2506.27,210.29,203.25,-1193.47,4.42,1.62,1.47,1856,156.4,38,0.852,,
3722,car,9843687275,trim_7803,2289.52,818.08,153.19,-1412.26,5.05,1.79,1.53,1130,176.9,59,0.676,,
3723,motorcycle,9852338753,2970305377,-2053.36,-307.12,141.23,1022.71,2.3,0.69,1.39,174,134.9,47,0.734,,
3724,car,trim_3035,trim_6428,-2485.95,1085.51,1954.43,465.51,4.07,1.79,1.36,1291,159.2,79,1.021,,
3725,motorcycle,trim_5753,4224980884,-1965.55,-1049.78,-2293.61,562.74,1.87,0.8,1.23,116,159.9,77,0.931,,
3726,car,9855703024,trim_1908,1609.56,-617.53,-156.52,-1145.59,5.05,1.79,1.48,1337,179.2,43,0.755,,
3727,car,trim_271,2960358786,56.4,-644.98,-1647.2,-125.21,4.43,1.93,1.55,1148,151.6,72,0.958,,
3728,car,trim_9299,4227798160,-1585.17,1135.12,1732.06,-217.44,4.06,1.84,1.49,1831,170.2,18,0.789,,
3729,car,9852465865,trim_3476,-1730.12,-1208.41,-490.24,111.53,4.98,1.65,1.62,1307,171.6,66,0.704,,
3730,truck,2960328323,9859726389,-1689.53,-59.68,-2452.14,-412.51,8.89,2.49,3.78,15293,84.8,57,0.873,,
3731,motorcycle,trim_6892,9859601729,-1704.62,841.21,-805.2,-399.38,2.06,0.78,1.24,136,106.2,75,0.807,,
3732,motorcycle,9843592171,2960312518,2065.36,611.49,-1278.62,-399.92,1.97,0.69,1.26,234,102.1,74,0.908,,
3733,car,trim_6546,trim_1174,843.88,-956.96,-1782.29,78.71,4.36,1.61,1.44,1604,167.0,53,0.772,,
3734,car,4225219828,trim_95,-457.84,-532.16,642.62,676.02,4.32,1.82,1.5,1362,152.5,50,0.764,,
3735,car,trim_1563,trim_7771,-1074.32,-570.22,-847.86,-518.55,4.52,1.82,1.6,1156,179.3,70,0.754,,
3736,car,9844004267,trim_3040,-2394.6,686.63,-471.65,462.3,4.92,1.68,1.6,1324,165.5,62,0.812,,
3737,bus,trim_5852,trim_1538,2311.11,-829.97,-1031.77,-1008.54,12.21,2.51,3.32,10165,70.4,79,0.977,,
3738,bus,trim_8138,trim_8033,-2128.94,-1156.75,-344.06,-309.97,11.03,2.55,3.07,12737,72.8,25,0.848,,
3739,car,trim_479,4227798536,-2142.14,208.98,638.16,1857.03,5.09,1.85,1.35,1174,149.5,63,0.818,,
3740,car,6697007936,trim_2801,-894.22,838.15,-2434.86,1248.81,4.29,1.64,1.38,1365,143.6,41,0.897,,
3741,car,trim_4341,trim_4362,986.77,-67.51,1313.37,760.89,4.2,1.9,1.48,1888,172.4,65,0.664,,
3742,car,trim_5847,4227743788,-901.4,892.53,1375.91,26.73,4.08,1.74,1.43,1684,155.9,45,0.708,,
3743,car,trim_3295,trim_273,-251.92,578.75,140.31,-522.34,4.32,1.92,1.64,1171,140.3,76,0.781,,
3744,motorcycle,trim_6892,trim_5279,-1704.62,841.21,1940.31,30.56,2.1,0.8,1.16,248,107.5,58,0.841,,
3745,car,4225172349,2960299967,-209.44,204.12,-1348.68,464.31,4.7,1.73,1.52,1538,168.4,16,1.01,,
3746,car,2960361593,trim_1497,-1369.21,-705.63,-1251.47,-1193.82,4.37,1.87,1.59,1209,154.3,69,0.939,,
3747,motorcycle,9852305620,trim_3399,349.81,978.64,-483.07,242.32,1.98,0.77,1.2,164,108.5,46,0.813,,
3748,motorcycle,9852436604,11840466622,-2235.82,-773.05,1363.9,-520.02,2.15,0.85,1.39,228,116.3,28,0.664,,
3749,car,trim_2691,trim_6959,-2574.56,863.45,1332.1,633.01,4.82,1.61,1.44,1151,147.7,73,0.84,,
3750,ambulance,9859618307,11909810117,-924.07,-526.04,2364.44,-827.98,5.58,2.09,2.42,3442,139.9,40,0.488,a_4562908189,Hospital (amenity a_4562908189)
3751,car,4227743650,trim_2937,378.61,-1539.93,-2227.48,1078.63,4.95,1.82,1.54,1752,167.8,60,0.691,,
3752,car,trim_4456,trim_2156,1756.17,66.5,1920.78,682.08,4.58,1.93,1.51,1633,173.8,30,0.75,,
3753,car,trim_3748,trim_2499,-669.29,-705.56,-217.44,1420.97,4.95,1.63,1.64,1286,178.3,27,0.667,,
3754,car,trim_5357,trim_3739,1704.37,-386.73,-464.23,-846.27,4.29,1.66,1.56,1451,179.8,55,0.892,,
3755,car,trim_7980,trim_5131,-1075.72,528.62,1263.72,251.94,4.08,1.84,1.41,1067,169.6,49,0.673,,
3756,car,trim_1222,9168883592,-1508.2,-212.37,-593.05,-1464.17,4.75,1.74,1.45,1814,152.7,22,0.786,,
3757,car,trim_9667,trim_6218,-1675.5,401.61,-1447.92,-1059.55,4.9,1.67,1.35,1110,179.2,27,0.883,,
3758,car,trim_6854,trim_4829,-2370.56,181.63,-480.52,-575.46,5.0,1.76,1.47,1186,175.1,30,0.676,,
3759,car,9853276938,trim_2954,1941.44,467.39,-1748.34,1452.23,4.23,1.68,1.38,1857,165.3,27,0.764,,
3760,car,9852436593,12129002435,-2336.73,-801.23,2458.93,56.14,5.06,1.76,1.46,1860,156.9,17,0.778,,
3761,car,trim_4471,trim_1845,-513.52,993.96,-22.66,-839.84,4.73,1.9,1.63,1820,151.6,32,0.845,,
3762,motorcycle,trim_7571,trim_768,-409.4,-788,-845.61,-528.29,2.15,0.87,1.24,254,149.6,25,0.681,,
3763,car,4227743729,trim_8915,-333.45,-1076.4,2308.44,-834.2,4.23,1.87,1.4,1864,168.3,24,0.859,,
3764,motorcycle,9854981023,trim_1818,1759.04,-597.63,-124.24,-982.27,2.3,0.73,1.15,169,120.6,51,0.877,,
3765,car,9860055105,trim_4114,-607.9,-275.17,997.73,395.26,4.14,1.93,1.37,1383,179.7,53,0.682,,
3766,car,9859736954,trim_1342,35.61,108.56,-2068.93,-204.06,4.09,1.92,1.43,1049,160.7,60,0.674,,
3767,car,trim_3131,trim_5295,581.14,-315.26,1198.98,390.93,4.67,1.68,1.63,1380,152.7,24,0.861,,
3768,car,trim_2949,9854981052,-2070.99,975.72,1965.8,-397.81,4.47,1.71,1.58,1210,177.9,50,0.795,,
3769,car,trim_6385,trim_7279,2021.7,754.6,-1635.22,-1097.68,4.47,1.87,1.54,1259,143.8,43,0.769,,
3770,car,trim_1028,457278267,-1009.77,98.17,702.81,554.95,5.02,1.82,1.44,1383,175.4,46,0.808,,
3771,motorcycle,9168861200,11983071281,-1429.57,-660.17,1132.74,1263.78,1.81,0.77,1.26,213,134.7,70,0.844,,
3772,ambulance,2960326747,11302966226,-1581.18,-14.65,892.09,1058.24,6.25,2.14,2.57,2723,152.0,45,0.696,a_7018033056,"Chandra Laxmi Hospital, Maliwara Chowk"
3773,car,4227798095,9880891786,2274.73,-485.05,1159.84,882.67,4.77,1.71,1.61,1250,151.3,55,0.859,,
3774,car,9843651263,trim_5494,2193.56,523.69,2339.12,322.59,4.29,1.68,1.65,1747,174.3,76,0.822,,
3775,car,2960366914,trim_3085,-1542.9,-500.19,-462.33,73.7,4.53,1.63,1.48,1695,146.2,62,0.859,,
3776,car,11586812700,9852318746,-34.73,-20.07,-1476.27,490.52,4.89,1.85,1.59,1288,150.2,16,0.999,,
3777,car,trim_4202,2960299894,869.92,198.42,-1876.33,825.65,4.02,1.92,1.38,1295,155.9,73,0.797,,
3778,car,9852391728,trim_7995,-2052.65,-1025.25,-1365.55,-1074.34,4.68,1.66,1.36,1652,166.3,61,0.658,,
3779,car,9843437531,4224981037,2169.62,1356.33,-1924.12,714.55,5.01,1.65,1.37,1240,169.2,65,0.75,,
3780,motorcycle,trim_1323,4225076176,-1129.46,-326.58,-2283.52,794.02,2.27,0.84,1.26,205,102.0,25,0.757,,
3781,car,trim_9669,trim_277,-1620.03,385.18,220.21,-404.42,4.1,1.72,1.43,1731,168.8,64,0.694,,
3782,motorcycle,5171030829,trim_7686,-2118.32,635.21,-1073.34,471.79,2.12,0.87,1.06,257,159.8,22,0.748,,
3783,car,9852405462,9855693599,-2440.85,-287.35,1545.81,104.84,4.1,1.64,1.64,1740,158.4,58,0.801,,
3784,car,trim_4722,11499287236,-179.83,-966.59,-401.92,1411.11,4.16,1.89,1.4,1217,143.3,58,0.748,,
3785,car,9843368472,trim_4699,-1679.24,569.53,1186.78,151.82,4.38,1.89,1.56,1193,174.1,70,0.731,,
3786,car,trim_6545,9168966444,847.91,-959.89,1180.06,1611.88,4.51,1.64,1.64,1083,151.2,38,0.774,,
3787,ambulance,trim_842,trim_4673,-1358.69,58.19,363.84,-1367.69,5.99,2.04,2.54,3484,148.0,48,0.495,a_7018342523,"Lokpriya Hospital, Ghaziabad"
3788,car,trim_1392,trim_163,-2418.52,-423.8,340.34,-933.88,4.74,1.71,1.4,1548,147.4,72,0.868,,
3789,car,trim_5729,2960299881,-2478.66,-810.55,-1980.82,631.08,4.29,1.73,1.5,1059,168.4,52,0.686,,
3790,car,8838171076,trim_8320,-1079.45,-428.16,119.08,-1409.23,4.73,1.95,1.39,1863,171.7,44,0.888,,
3791,car,13852443491,trim_1291,-1492.19,-1227.99,-1308.44,320.43,4.89,1.6,1.58,1328,167.6,78,0.904,,
3792,car,trim_433,trim_7668,-2343.06,87.49,-69.2,108.76,4.67,1.74,1.55,1164,148.4,60,0.763,,
3793,car,5170655688,12131183360,1916.63,-56,-910.76,-71.23,4.79,1.63,1.64,1706,142.9,35,0.671,,
3794,car,trim_9513,trim_2319,1727.72,653.38,731.37,287.9,4.11,1.91,1.37,1590,142.0,19,0.829,,
3795,car,5170639292,trim_3578,2078.02,-191.64,314.08,372.19,5.04,1.84,1.4,1234,179.0,51,0.889,,
3796,car,11176442505,2960368366,-737.24,-904.27,-2169.59,-57.46,4.89,1.85,1.61,1153,145.6,32,0.695,,
3797,car,trim_1750,4225172196,-35.42,-1415.16,1307.66,-655.56,5.0,1.8,1.59,1471,152.9,76,0.775,,
3798,car,trim_421,9168861199,-1918.48,143.28,-1429.96,-665.04,4.84,1.8,1.41,1748,144.2,77,0.773,,
3799,car,trim_7678,4227695058,-704.03,-181.09,2431.78,1399.95,4.62,1.75,1.51,1432,146.8,44,0.887,,
3800,car,12124070200,trim_298,2384.4,668.77,-2336.47,1455.32,4.9,1.86,1.41,1338,142.2,16,0.954,,
3801,car,trim_1508,trim_2251,-1167.83,-1065.97,-781.24,389.89,4.23,1.62,1.38,1209,177.0,54,0.717,,
3802,car,trim_3242,trim_8936,-453.7,381.99,-72.79,705,4.62,1.87,1.42,1003,157.8,51,0.896,,
3803,car,11015711790,trim_3827,-1038.27,756.83,-211.36,-626.07,4.81,1.68,1.39,1201,148.4,23,0.818,,
3804,car,trim_4067,trim_5434,-397.96,1092.1,2101.06,-874.67,4.44,1.71,1.46,1278,157.6,78,1.001,,
3805,bus,11187527265,trim_6403,1737.98,646.78,2275.27,638,12.21,2.46,3.57,11113,95.6,49,0.788,,
3806,motorcycle,trim_162,11168934279,337.28,-929.93,313.77,357.22,1.86,0.78,1.28,232,129.5,45,0.779,,
3807,car,trim_4250,trim_765,1405.25,696.06,-737.39,-497.74,4.89,1.65,1.62,1252,159.2,37,0.89,,
3808,car,9857465291,trim_2984,-968.62,390.91,-2062.24,794.75,4.81,1.68,1.37,1334,170.8,28,0.73,,
3809,car,trim_1722,9857625463,-102.34,-1324.81,-1209.58,-801.3,5.04,1.68,1.36,1695,155.3,69,0.86,,
3810,car,4225077418,trim_8426,-2261.29,989.34,-447.37,-652.44,4.71,1.83,1.47,1689,149.3,28,0.793,,
3811,car,trim_3310,2962838327,-55.79,-210.07,-21.57,-1016.21,4.47,1.63,1.38,1867,153.3,44,0.656,,
3812,car,trim_5482,trim_7091,2355.69,246.6,-2334.51,674.5,4.23,1.64,1.41,1617,149.2,79,0.946,,
3813,car,2960299983,trim_6246,-1368.01,779.82,-1413.73,-1426.71,4.85,1.68,1.52,1587,141.1,28,0.853,,
3814,car,12099965336,trim_5305,-493.72,1214.9,1186.34,149.37,4.97,1.91,1.44,1828,160.7,21,0.769,,
3815,car,trim_1583,trim_3272,-1142.33,-812.33,18.12,-386.38,4.43,1.89,1.48,1623,145.1,71,0.85,,
3816,car,trim_2871,12124348723,-1881.2,474.8,2264.95,544.27,4.16,1.91,1.63,1055,157.0,58,0.859,,
3817,truck,12099984755,4224981112,-457.84,1115.14,-2570.46,1246.62,9.64,2.4,3.66,9230,97.5,72,0.876,,
3818,car,trim_9455,trim_4343,1934.55,290.48,1645.26,178.7,4.03,1.76,1.4,1808,169.1,60,0.769,,
3819,car,trim_3689,trim_5650,-1284.61,-1137.66,-2511.78,1334.04,5.07,1.61,1.42,1626,168.1,17,1.0,,
3820,car,trim_2531,12901340310,-1028.41,1191.47,219.3,-325.9,4.63,1.86,1.59,1765,161.6,49,0.719,,
3821,car,5170849706,trim_6958,-1149.99,1003.61,1324.66,673.64,5.05,1.76,1.65,1627,161.5,26,0.856,,
3822,motorcycle,12130429775,4219222638,-1382.95,769.64,2002.86,-1861.54,1.95,0.7,1.39,149,154.9,62,0.876,,
3823,car,11254358499,trim_187,-2558.68,-94.54,433.13,164.68,5.02,1.83,1.48,1718,151.2,38,0.662,,
3824,car,trim_3686,5171030823,-523.21,-691.01,-2289.16,433.78,4.71,1.88,1.53,1537,149.7,19,0.728,,
3825,motorcycle,4225324600,trim_5418,-389.5,-397.69,809.96,-1479.92,2.23,0.67,1.36,162,134.0,22,0.747,,
3826,car,trim_569,trim_6309,-1950.34,404.56,-1814.6,-967.54,4.63,1.9,1.59,1245,157.3,55,0.78,,
3827,car,5170815486,trim_1318,-1100.15,-1527.44,-1212.83,-265.04,4.01,1.91,1.36,1264,156.5,61,0.713,,
3828,car,trim_4971,trim_5984,-1509.77,1151.19,343.29,527.17,4.58,1.67,1.57,1482,157.6,37,0.74,,
3829,car,trim_6310,11909810152,-1895.48,-1064.24,2211.75,-471.87,5.09,1.79,1.53,1774,155.9,33,0.729,,
3830,motorcycle,trim_9321,2962860473,-2352.27,1353.41,-520.59,-613.93,1.84,0.7,1.06,181,113.2,26,0.672,,
3831,car,trim_725,trim_8283,-1624.07,743.73,2389.95,697.75,4.19,1.91,1.59,1346,147.1,63,0.665,,
3832,car,trim_174,trim_6974,160.84,51.47,2088.74,589.61,4.4,1.72,1.36,1216,153.5,18,0.85,,
3833,motorcycle,trim_9425,trim_1744,-545.93,-974.88,-181.6,-1352.02,1.84,0.77,1.07,175,109.2,77,0.984,,
3834,car,9168897700,4225077445,-276.65,-977.3,-2621.67,1075.12,4.43,1.67,1.58,1733,165.0,45,0.844,,
3835,car,11840466621,11777944693,1320.56,-486.5,776.83,812.5,4.27,1.8,1.47,1052,154.5,64,0.675,,
3836,bus,476995976,trim_5711,-1232.47,555.09,1668.54,-728.18,12.22,2.46,3.36,9697,92.8,80,0.952,,
3837,car,2960366915,trim_3519,-1526.09,-420.98,1051.6,-819.64,4.28,1.71,1.63,1488,147.4,24,0.867,,
3838,car,trim_1751,9852405462,-31.58,-1418.37,-2440.85,-287.35,4.87,1.9,1.54,1245,169.8,51,0.842,,
3839,car,4227743683,10212010928,390.32,-1412.46,-852.25,552.38,4.9,1.65,1.52,1673,153.0,27,0.829,,
3840,car,trim_5175,trim_9169,1975.08,-889.61,-710.06,-856.59,4.33,1.79,1.63,1893,140.8,16,0.944,,
3841,car,trim_9166,11168770282,2433.11,976.73,72.74,594.66,4.37,1.87,1.51,1807,149.4,35,0.811,,
3842,car,11909810089,3834051373,2398.05,-993.79,-630.39,1659.33,4.82,1.88,1.5,1016,178.3,47,0.77,,
3843,car,trim_3254,trim_1316,-55.85,448.1,-1195.75,353.99,4.74,1.77,1.59,1768,158.8,42,0.763,,
3844,truck,trim_555,9843692472,-1513.79,-28.79,1421.75,623.81,7.49,2.56,2.96,11192,95.7,74,0.771,,
3845,car,trim_5652,2962837708,1767.8,482.74,9.17,-1420.79,4.59,1.76,1.48,1726,157.3,67,0.858,,
3846,car,9843398601,trim_3292,1481.27,1106.15,-235.18,-46.04,4.09,1.64,1.41,1328,155.2,48,0.682,,
3847,car,trim_4027,trim_4901,-491.45,1193.71,-1182.8,1203.66,4.71,1.67,1.48,1778,159.8,17,0.903,,
3848,car,9168854808,trim_7050,1981.4,1072.26,-2431.14,1248.8,4.83,1.76,1.52,1024,155.0,71,0.893,,
3849,car,9855014980,2960326584,829.21,123.68,-1714.57,-20.17,4.98,1.81,1.55,1882,159.4,54,0.864,,
3850,ambulance,trim_7670,trim_449,-637.34,-490.38,-2113.39,-489.79,5.95,2.29,2.81,4489,130.9,61,0.651,a_7018342625,Vardhman Medicare
3851,car,trim_9658,trim_7746,-1241.5,991.2,-979.06,-475.04,4.15,1.73,1.64,1016,143.4,63,0.891,,
3852,car,4227743693,9859639827,1178.64,-1339.15,-417.7,-195.6,4.31,1.82,1.59,1623,175.1,57,0.765,,
3853,car,trim_4396,5170823244,1458.9,831.55,1480.6,467.21,4.41,1.95,1.41,1233,176.3,50,0.739,,
3854,car,trim_1543,5170823226,-1010.9,-950.44,981.31,385.67,4.78,1.83,1.47,1750,170.1,68,0.733,,
3855,car,trim_3847,trim_5377,-584.12,-1044.49,1138.24,309.18,4.76,1.94,1.35,1814,153.4,59,0.888,,
3856,truck,2960326619,trim_7277,-2122.34,-291.49,-1642.86,-1107.39,10.11,2.35,3.71,10172,85.8,34,0.769,,
3857,car,trim_4012,9843433156,-436.22,790.45,1231.16,746.45,4.74,1.91,1.5,1852,162.2,50,0.86,,
3858,car,7222770494,trim_5701,200.22,-1500.04,1020.13,-323.51,4.81,1.83,1.48,1363,149.4,70,0.903,,
3859,motorcycle,6673295940,trim_8140,-770.26,741.55,-2169.41,-1124.84,2.19,0.7,1.21,212,111.4,38,0.81,,
3860,car,trim_1173,trim_336,-1775.14,98.04,-545.39,588.36,5.06,1.88,1.44,1623,141.8,77,0.921,,
3861,car,trim_2457,trim_431,-2359.12,823.85,-2304.41,134.68,4.11,1.72,1.49,1784,158.7,48,0.685,,
3862,car,12088417514,trim_7853,-2290.09,695.5,1078.41,869.41,4.46,1.7,1.65,1528,155.6,70,0.845,,
3863,car,trim_7937,2962838277,-2145.92,-694.26,-138.8,-1478.57,4.92,1.76,1.4,1547,153.8,28,0.747,,
3864,car,9168951443,12109637074,31.27,196.39,2090.27,1091.02,4.47,1.77,1.37,1562,145.7,22,0.77,,
3865,car,trim_548,trim_2346,-1393.49,-317.92,-2209,-632.65,4.58,1.67,1.58,1675,173.0,18,0.775,,
3866,car,trim_7167,trim_2716,-1818.63,108.4,-1820.94,609.23,4.33,1.66,1.65,1517,168.6,51,0.806,,
3867,car,12901333697,trim_2407,117.98,-246.47,146.22,1477.53,4.0,1.84,1.55,1575,176.3,31,0.679,,
3868,car,trim_2584,9857246283,1670.77,1240.51,820.34,-942.22,4.63,1.71,1.62,1035,142.7,29,0.786,,
3869,motorcycle,4225352061,4227743867,-204.45,2179.11,-1495.1,1153.46,2.3,0.88,1.14,247,131.3,28,0.894,,
3870,motorcycle,trim_7738,12144133551,-1075.41,197.64,922.1,444.99,1.81,0.7,1.13,232,142.5,23,0.898,,
3871,car,trim_3476,trim_3589,-490.24,111.53,256.48,515.31,5.08,1.84,1.54,1228,148.7,53,0.857,,
3872,car,11423219229,11498996009,-723.59,1874.13,400.32,162.08,4.23,1.77,1.61,1608,175.4,52,0.872,,
3873,car,9859639838,trim_6083,-396.88,-284.19,-1936.7,1046.15,4.33,1.68,1.57,1217,165.1,57,0.663,,
3874,car,5170801503,trim_531,2063.51,484.25,-1636.28,-1113.36,4.9,1.86,1.61,1427,145.5,26,0.899,,
3875,car,12099984754,trim_9368,-462.1,1114.42,1429.29,180.09,4.9,1.74,1.46,1854,153.2,41,0.689,,
3876,car,9168850578,9859655305,-1574.75,717.34,-178.72,-544.3,4.67,1.7,1.6,1570,167.0,47,0.823,,
3877,car,5170822720,trim_2842,836.61,325.52,-2276.13,556.49,5.05,1.85,1.58,1439,175.4,50,0.865,,
3878,car,trim_7635,trim_390,277.92,-202.52,-2185.73,117.48,4.19,1.78,1.48,1149,159.5,48,0.774,,
3879,bus,trim_4529,4225172440,-978.81,882.52,150.35,495.79,12.22,2.42,3.18,10659,91.1,37,0.799,,
3880,car,2962838262,2960312577,-239.41,-1532.6,-544.32,-381.31,5.05,1.73,1.4,1674,144.0,56,0.772,,
3881,car,trim_8771,9852318746,4.5,245.77,-1476.27,490.52,4.57,1.65,1.44,1237,168.2,17,0.885,,
3882,car,trim_75,11499043131,577.56,-701.97,-723.38,1063.4,4.08,1.81,1.59,1224,167.5,74,0.754,,
3883,car,trim_3519,trim_297,1051.6,-819.64,-2300.88,1404.73,4.4,1.79,1.38,1558,148.9,61,0.729,,
3884,car,trim_7618,trim_1963,235.39,-178.18,205.05,1408.48,4.23,1.67,1.37,1072,175.3,57,0.778,,
3885,car,trim_3267,trim_7030,493.12,-43.31,-2382.27,666.82,4.49,1.68,1.61,1731,159.1,21,0.831,,
3886,bus,trim_7100,trim_2569,-2042.35,441.66,1692.7,1143.98,10.61,2.51,3.06,13707,80.8,19,0.91,,
3887,car,5170801501,trim_7933,2288.45,565.47,-1242.78,-1412.14,4.2,1.64,1.63,1898,174.0,72,0.773,,
3888,car,trim_9015,4227798343,971.51,191.72,2573.74,214.7,4.92,1.77,1.54,1040,173.7,16,0.824,,
3889,car,9857750390,11909810086,-267.33,-658.02,2418,-991.39,4.62,1.74,1.37,1719,162.1,36,0.88,,
3890,car,12096819279,trim_6266,1092.09,-275.55,-864.73,-690.35,4.74,1.69,1.64,1374,148.3,64,0.734,,
3891,car,11491066024,9843398602,47.91,-1375.62,1560.74,1135.17,4.65,1.92,1.37,1824,152.5,26,0.894,,
3892,car,10205548826,trim_5265,2185.22,-916.25,2189.25,57.94,4.38,1.85,1.6,1746,143.3,19,0.958,,
3893,car,trim_5878,trim_3981,-2030.18,-1427.97,860.96,815.31,4.37,1.63,1.44,1218,142.8,30,0.793,,
3894,car,trim_2076,trim_1985,1077.99,717.27,-391.78,-159.3,5.06,1.91,1.63,1564,142.3,35,0.77,,
3895,truck,trim_333,trim_456,-325.23,625.24,-2120.6,-208.43,7.14,2.57,3.62,13764,99.4,79,1.039,,
3896,car,trim_8357,trim_8201,-277.77,354.16,-1081.98,843.47,4.46,1.9,1.43,1452,175.6,64,0.687,,
3897,motorcycle,trim_485,9843437522,-1795.45,1205.5,2053.44,1337.35,1.8,0.72,1.11,170,108.3,23,0.747,,
3898,ambulance,12165533318,trim_3713,-1921.36,351.71,-855.71,-1439.83,5.76,2.22,2.63,4014,151.2,78,0.664,a_7018738271,Krishna Hospital and Trauma Centre
3899,car,10578560423,trim_7798,605.03,-1666.19,7.97,-1020.24,4.12,1.78,1.5,1449,171.7,54,0.79,,
3900,car,trim_7908,2960326628,-629.06,-1203.44,-1991.97,-647.75,4.11,1.62,1.64,1019,143.0,79,0.958,,
3901,car,trim_7803,trim_2074,153.19,-1412.26,1068.65,768.11,4.39,1.77,1.52,1361,169.5,64,0.863,,
3902,car,trim_4445,trim_3826,1159.8,650.92,-176.65,-694.44,4.05,1.69,1.44,1812,176.2,51,0.837,,
3903,car,9857583736,4227797880,-1032.26,-324.95,1623.32,-1560.92,4.84,1.86,1.5,1566,161.2,23,0.825,,
3904,car,trim_1736,2960299874,-84.56,-1430.15,-1633.54,265.79,4.07,1.89,1.42,1602,166.3,38,0.753,,
3905,car,4227797928,2962860466,1906.77,-762.77,-197.29,-916.09,4.68,1.95,1.36,1129,142.5,80,0.829,,
3906,car,trim_5681,2960361516,1291.79,-480.84,-622.9,-1323.54,5.0,1.6,1.64,1594,143.1,17,0.781,,
3907,car,2970305438,trim_58,-917.77,1938.14,154.4,-131.43,4.99,1.68,1.46,1425,166.9,44,0.799,,
3908,car,trim_1041,9857249957,-940.24,148.84,-1834.76,-536.04,4.51,1.74,1.38,1043,150.1,74,0.936,,
3909,car,12128993531,11001379072,1485.35,688.11,-2402.79,-910.44,4.03,1.77,1.35,1619,174.8,60,0.839,,
3910,motorcycle,trim_4184,trim_4957,2489.69,708.71,251.53,-1473.78,2.17,0.87,1.05,177,123.1,48,0.695,,
3911,car,trim_6603,2970305358,2000.04,-418,624.76,768.89,4.4,1.75,1.51,1385,159.3,21,0.758,,
3912,car,trim_2822,trim_250,-2130.35,626.06,1736.32,511.44,4.76,1.81,1.4,1745,162.1,45,0.725,,
3913,car,7222735468,trim_6395,165.12,-1375.57,2088.58,593.03,4.28,1.6,1.54,1716,144.4,36,0.763,,
3914,bus,trim_6582,trim_1188,650.17,-1375.15,-1756.24,-768.91,10.27,2.5,3.13,10537,94.9,51,0.846,,
3915,motorcycle,9857987869,6294257993,-927.28,-536.62,-2382.39,-647.68,2.06,0.79,1.11,226,114.2,50,0.852,,
3916,car,9843336868,trim_712,1396.74,1508.27,-1325.69,828.82,4.69,1.87,1.53,1763,179.6,19,0.733,,
3917,car,trim_2110,trim_408,234.15,-151.12,-2118.7,136.2,4.18,1.86,1.59,1055,148.6,28,0.836,,
3918,car,trim_1694,trim_2401,67.35,-1465.51,-574.52,1355.52,4.59,1.65,1.5,1592,171.7,67,0.889,,
3919,motorcycle,trim_4550,2962838307,1211.59,-339.68,54.56,-1039.08,1.82,0.81,1.3,179,105.9,63,0.882,,
3920,car,2960312590,9168934130,-536.65,-345.31,2304.8,1250.89,4.97,1.82,1.45,1352,176.0,25,0.759,,
3921,car,11007007446,trim_7825,-2446.41,628.9,2103.14,-1196.75,5.08,1.74,1.59,1312,174.4,40,0.746,,
3922,motorcycle,9857987868,5170823238,-940.53,-538.37,1326.56,456.09,2.19,0.71,1.35,187,103.2,34,0.852,,
3923,car,12372946961,trim_5694,-657.71,-434.39,741.49,-203.65,4.2,1.91,1.46,1725,179.8,18,0.837,,
3924,motorcycle,14063521243,6294258021,2126.82,-1014.8,-2041.83,-1090.91,2.11,0.79,1.38,233,147.6,79,1.018,,
3925,car,trim_9326,trim_7535,-808.92,-1234.67,-559.34,-1128.94,4.59,1.67,1.62,1803,170.2,22,0.81,,
3926,car,trim_8201,trim_318,-1081.98,843.47,-1373.8,452.07,4.35,1.7,1.44,1864,178.5,45,0.889,,
3927,car,2960361590,trim_21,-1372.95,-676.07,-1118.47,-1512.21,4.3,1.62,1.56,1282,166.0,69,0.69,,
3928,car,trim_8534,trim_2006,-1003.63,877,-302.42,81.79,4.77,1.93,1.5,1034,151.0,47,0.768,,
3929,car,2960326196,9852338761,-1007.83,-342.42,-2068.28,-272.7,4.01,1.7,1.62,1880,165.4,56,0.837,,
3930,ambulance,10206503396,7222863957,1469.07,101.66,-958.79,-1472.27,5.74,2.08,2.41,3477,141.2,19,0.55,a_7019130160,Apex Multi Speciality Hospital
3931,car,trim_3019,trim_5642,-1550.13,1313.18,-1926.78,1907.46,4.29,1.64,1.41,1617,170.7,57,0.88,,
3932,motorcycle,9852371330,trim_888,-1670.09,-388.15,-1164.42,-386.89,2.25,0.68,1.27,249,112.9,78,0.862,,
3933,car,5171030838,trim_4316,-1971.73,798.59,824.14,-51.39,4.99,1.78,1.35,1254,159.4,19,0.806,,
3934,car,trim_698,trim_5446,-1434.67,643.39,1595.39,-379.95,4.55,1.87,1.48,1310,148.9,17,0.863,,
3935,car,9168965295,12814097754,968.62,157.64,63.17,2457.04,4.4,1.71,1.46,1050,147.5,36,0.713,,
3936,car,466556905,4225172243,417.54,-144.63,328.63,-401.97,4.88,1.79,1.49,1685,171.0,17,0.95,,
3937,car,4225324660,4227798210,1713.51,96.65,1138.08,-67.13,5.08,1.82,1.56,1790,165.4,27,0.778,,
3938,car,trim_2057,trim_6194,1425.81,1483.01,-1336.53,-853.03,4.1,1.7,1.39,1871,177.5,16,0.923,,
3939,car,trim_1108,trim_10,-1509.88,138.27,-2258.55,261.9,5.08,1.86,1.46,1298,163.2,43,0.704,,
3940,car,2960336634,trim_2219,-1604.2,16.25,2151.83,-1236.88,4.52,1.85,1.39,1697,162.5,49,0.762,,
3941,truck,2960299960,trim_709,-1512.97,630.46,-1349.33,799.08,11.02,2.36,3.24,6659,81.1,42,0.801,,
3942,motorcycle,trim_3536,trim_8416,-304.76,533.4,-1034.96,-512.72,1.98,0.7,1.33,176,100.4,31,0.701,,
3943,car,5170637569,9857987914,1514.96,-90.44,-138.43,37.89,4.93,1.82,1.39,1282,179.5,24,0.792,,
3944,motorcycle,trim_9459,trim_9042,-2491.19,-359.79,-1241.4,1283.54,1.99,0.72,1.12,155,157.8,60,0.819,,
3945,ambulance,12278350540,trim_5589,2329.45,-1328.29,1771.46,-178.15,5.58,2.09,2.73,3130,158.8,51,0.543,a_7019995876,Manipal hospital
3946,car,trim_9324,trim_8738,-2454.16,1266.47,-57.77,1360.79,4.84,1.73,1.58,1525,179.7,53,0.745,,
3947,car,11143195273,2960366902,2294.14,614.94,-1702.9,-570.35,4.72,1.94,1.51,1556,163.2,68,0.875,,
3948,car,9843662921,9858060920,2195.76,570.55,369.86,-157.03,4.84,1.65,1.35,1140,173.0,46,0.853,,
3949,car,3887993298,trim_821,1574.42,1030.74,-1265.82,184.9,4.58,1.87,1.38,1513,140.2,34,0.731,,
3950,car,trim_3291,11176439512,-237.6,-41.66,-822.09,-665.25,4.79,1.65,1.35,1005,171.1,47,0.844,,
3951,motorcycle,trim_1977,5170849705,120.09,924.67,-1169.52,1000.96,2.26,0.76,1.16,116,125.0,35,0.747,,
3952,ambulance,trim_6834,2960299856,-2019.42,335.94,-1412.91,-1183.63,5.66,2.09,2.73,3712,158.1,41,0.553,a_7019995882,Mittal Hospital and Diagnostic Centre
3953,ambulance,11143288409,trim_7262,1220.92,862.35,-2283.28,-854.87,5.86,2.29,2.62,3560,153.7,34,0.5,a_7020926045,Heera Lal Hospital and Heart Care Centre
3954,motorcycle,trim_4829,2962838276,-480.52,-575.46,-140.49,-1478.87,1.82,0.77,1.08,230,130.7,37,0.724,,
3955,car,trim_6092,8838171076,-1809.63,867.9,-1079.45,-428.16,4.69,1.76,1.38,1623,155.8,29,0.651,,
3956,car,trim_723,4224981119,-1621.61,714.49,-2451.64,1349.57,4.69,1.88,1.6,1373,147.5,74,0.872,,
3957,car,12143948732,trim_8098,1024.99,983.35,540.94,-1129.02,4.56,1.83,1.61,1490,163.0,17,0.773,,
3958,car,2960326606,trim_3992,-1897.06,-10.09,-357.14,-438.58,4.99,1.9,1.5,1817,142.5,36,0.772,,
3959,car,trim_9597,9843687272,-1456.66,-133.7,2358.16,915.7,4.8,1.66,1.4,1605,155.1,80,1.032,,
3960,car,trim_9319,trim_1979,-2301.27,1400.97,120.31,755.29,4.85,1.84,1.53,1141,151.4,74,0.988,,
3961,car,5170849701,trim_6246,-1609.58,639.8,-1413.73,-1426.71,4.24,1.61,1.37,1191,162.4,16,0.954,,
3962,motorcycle,trim_1721,trim_6454,-182.01,-1348.51,2008.36,254.6,2.24,0.71,1.37,258,128.6,21,0.886,,
3963,car,trim_7432,4227797911,-2323.28,-137.93,2288.72,-947.65,4.99,1.79,1.41,1375,171.8,64,0.879,,
3964,car,trim_4667,9857625481,-1559.28,1180.45,-1216.43,-1083.06,4.7,1.74,1.4,1195,166.8,80,0.972,,
3965,car,trim_297,trim_3544,-2300.88,1404.73,611.06,-155.72,4.46,1.85,1.44,1288,165.6,76,0.919,,
3966,car,trim_9527,5170655683,1670.81,955.21,1802.77,12.47,4.7,1.79,1.57,1008,168.1,72,0.851,,
3967,car,trim_1303,trim_461,-1384.43,251.68,-2122.74,-52.08,4.37,1.92,1.42,1096,156.7,79,0.796,,
3968,car,trim_5736,trim_214,-2388.87,-678,400.11,-236.54,4.37,1.93,1.5,1855,143.9,72,0.77,,
3969,car,trim_7643,9854981048,157.27,-133.42,2023.97,-438.83,4.9,1.94,1.39,1430,153.5,33,0.718,,
3970,car,trim_807,trim_2255,-815.24,576.22,-603.31,131.92,4.3,1.85,1.42,1752,159.9,36,0.762,,
3971,car,trim_7581,9857625468,-237.02,-864.26,-1166.06,-875.87,4.04,1.83,1.53,1368,145.4,55,0.856,,
3972,car,2960299956,12130798617,-1269.43,512.88,-792.05,21.55,4.3,1.92,1.43,1012,144.6,72,0.832,,
3973,car,trim_6844,7249093949,-2280.5,283.79,466.92,498.59,4.15,1.81,1.56,1460,152.7,70,0.786,,
3974,car,trim_5173,trim_4504,1853.78,360.43,1773.98,656.37,4.99,1.83,1.44,1237,162.5,70,0.8,,
3975,car,9857246283,trim_7657,820.34,-942.22,-123.52,102.28,4.2,1.81,1.65,1146,179.3,69,0.808,,
3976,car,10205548834,trim_566,2280.75,-861.23,-1631.5,255.93,4.48,1.61,1.44,1696,144.2,36,0.76,,
3977,bus,trim_8232,trim_9192,2245.69,609.12,-667.6,1428.78,10.43,2.51,3.13,9420,74.0,41,0.859,,
3978,ambulance,trim_7770,4225172437,-909.51,-525.73,38.09,486.82,6.25,2.16,2.46,3216,155.2,70,0.662,a_7021222684,"Ganesh Hospital, Ghaziabad"
3979,car,9861682128,4224981099,-1484.27,-1148.86,-2406.85,1154.28,4.21,1.74,1.48,1078,149.1,67,0.763,,
3980,motorcycle,trim_9689,trim_1305,2102.24,-1083.47,-1348.49,234.38,2.08,0.79,1.16,184,154.8,55,0.858,,
3981,ambulance,9852391730,trim_8697,-2125.75,-726.85,-597.04,983.63,5.66,2.04,2.5,3231,145.9,20,0.493,a_7021267999,City Central Hospital
3982,car,trim_3498,trim_5699,128.55,9.39,898.41,-271.15,4.9,1.74,1.44,1351,173.1,71,0.729,,
3983,car,trim_3301,trim_1200,-176.07,292.85,-1777.86,-405.16,4.04,1.92,1.38,1042,144.3,66,0.749,,
3984,car,trim_3373,trim_4624,-58.79,450.07,-627.27,612.09,4.96,1.71,1.63,1842,149.9,22,0.674,,
3985,car,trim_6521,trim_925,-414.76,-568.95,-1118.95,60.36,4.96,1.9,1.39,1662,159.6,54,0.866,,
3986,car,trim_935,3887993270,-959.83,265.09,1546.54,1012.58,4.17,1.89,1.62,1283,172.9,32,0.735,,
3987,car,trim_7649,trim_7997,196.73,-128.28,124.27,956.24,4.63,1.93,1.49,1838,147.9,79,0.983,,
3988,car,trim_3881,trim_6662,1538.51,-261.06,1058.01,-256.99,4.12,1.95,1.46,1697,156.0,29,0.661,,
3989,car,12130429768,trim_8385,-1422.62,786.77,-412.16,-333.92,4.69,1.84,1.47,1817,174.6,79,0.813,,
3990,car,trim_3416,trim_8165,336.52,203.29,1904.43,-642.85,4.0,1.65,1.36,1020,150.8,34,0.895,,
3991,car,trim_2801,11338092333,-2434.86,1248.81,-1284.17,-1358.43,4.87,1.69,1.6,1582,170.5,68,0.765,,
3992,car,trim_6029,9858060922,-1232.67,1249.7,375.45,-47.58,4.75,1.72,1.6,1876,151.4,78,0.948,,
3993,car,9852770088,trim_67,1958.63,-1821.23,338.37,-279.67,4.09,1.74,1.4,1337,162.9,61,0.698,,
3994,motorcycle,trim_7554,trim_5743,-524.04,-987.85,-1861.7,-1094.86,2.28,0.78,1.22,164,134.8,79,1.021,,
3995,car,trim_4508,9852961423,-783.5,1470.26,-1405.19,-1185.89,4.21,1.69,1.37,1310,152.9,37,0.841,,
3996,car,trim_1322,2960361560,-1134.12,-328.39,-1170.06,-759.14,4.95,1.74,1.63,1656,140.8,47,0.807,,
3997,car,trim_240,trim_3086,1123.11,442.36,-458.29,76.65,5.06,1.76,1.43,1579,151.5,45,0.844,,
3998,car,trim_9361,12918589248,975.22,450.47,-752.81,602.53,4.77,1.72,1.49,1386,176.8,79,0.963,,
3999,car,trim_3706,trim_8880,-996.35,-913.24,2213,-461.85,4.97,1.62,1.65,1808,177.7,32,0.715,,
4000,car,trim_7912,2960326601,-1416.41,420.44,-1845.83,28.65,4.43,1.7,1.54,1135,174.7,43,0.815,,
4001,car,10259407492,trim_2173,2442.71,-1078.17,709.97,-187.41,4.62,1.6,1.49,1808,166.4,25,0.655,,
4002,car,trim_2254,9852331992,-618.45,153.44,-468.75,754.3,4.49,1.7,1.65,1552,146.6,47,0.667,,
4003,motorcycle,trim_7915,6202106497,-1518.08,401.69,1500.71,-1239.33,1.87,0.68,1.09,163,114.4,76,1.002,,
4004,car,2960326218,trim_1907,-1103.23,-369.02,-147.69,-1153.78,4.84,1.7,1.53,1002,165.7,76,0.901,,
4005,car,trim_8788,4225172204,-750.14,845.57,354.3,-582.52,4.4,1.9,1.51,1235,150.6,60,0.873,,
4006,ambulance,trim_8447,9843437524,1748.56,785.03,2177.92,1353.68,6.46,2.2,2.85,2946,128.2,49,0.519,a_7022093963,Prime Hospital
4007,car,4227743719,trim_8598,172.95,-1134.97,-212.05,-1064.51,4.51,1.61,1.58,1373,166.1,25,0.885,,
4008,car,9168881205,trim_4229,2194.93,633.21,-93.91,841.61,4.36,1.83,1.42,1840,161.6,50,0.864,,
4009,car,trim_957,trim_7466,-447.56,-284.99,-2021.06,-779.78,4.82,1.67,1.56,1749,146.2,36,0.668,,
4010,motorcycle,trim_2228,trim_7464,442.16,-710.06,-2146.31,-607.17,1.84,0.75,1.27,124,136.2,26,0.73,,
4011,car,trim_2649,trim_421,1803.95,-1749.42,-1918.48,143.28,4.55,1.79,1.53,1690,165.4,74,0.753,,
4012,motorcycle,trim_9007,trim_187,-679.79,-469.75,433.13,164.68,2.23,0.76,1.27,252,140.5,67,0.903,,
4013,car,trim_3199,trim_3408,258.49,518.18,287.3,181.27,4.24,1.76,1.4,1230,166.3,41,0.683,,
4014,car,trim_6339,trim_2918,1912.14,950.85,-1746.4,1252.74,4.17,1.94,1.5,1473,150.2,78,0.79,,
4015,car,12130800906,12123907742,-1009.61,425.62,-897.55,-292.85,5.1,1.86,1.54,1397,177.0,79,0.914,,
4016,bus,trim_4308,trim_5572,890.92,658.69,1681.75,-518.37,11.45,2.53,3.37,11730,95.1,40,0.747,,
4017,car,9852938606,trim_8479,-1246.83,-687.73,2487.74,1114.26,4.89,1.71,1.43,1097,167.2,44,0.895,,
4018,car,4227798510,12098345437,688.25,1574.53,-1785.35,1550.57,5.07,1.91,1.4,1149,172.3,18,0.765,,
4019,car,trim_7212,9168934128,-1820.04,-40.45,2314.71,1163.89,4.12,1.81,1.52,1149,177.1,73,0.943,,
4020,car,trim_3960,trim_9546,-427.53,861.33,-863.4,-1061.06,4.82,1.77,1.38,1579,169.4,40,0.89,,
4021,car,trim_3306,trim_7221,-63.9,-138.2,-1407.84,12.49,4.49,1.93,1.42,1714,148.5,54,0.854,,
4022,car,trim_4830,6294257367,933.62,743.9,-2516.79,-861.13,4.42,1.62,1.6,1674,174.4,64,0.74,,
4023,car,trim_884,trim_4435,-1071.48,-442.43,1006.73,290.25,4.12,1.61,1.36,1039,159.9,70,0.777,,
4024,car,trim_3468,trim_1157,-342.58,-97.3,-1702.42,53.88,4.62,1.91,1.6,1603,170.2,75,0.764,,
4025,car,trim_5769,9843408911,-1028.61,-1596.97,2214.19,1292.34,4.13,1.64,1.45,1461,166.1,69,0.738,,
4026,car,trim_4606,11777944687,-636.2,684.77,679.63,765.23,4.0,1.92,1.62,1751,155.3,42,0.693,,
4027,car,11499113730,5170849681,-542.73,1193.29,-1336.54,979.08,4.7,1.92,1.56,1638,177.0,79,0.862,,
4028,car,11491310681,trim_6171,-336.8,-1128.02,-1698.52,-643.52,4.42,1.67,1.47,1464,164.4,56,0.699,,
4029,car,trim_8766,9168883521,-35.43,-26.78,-1417.49,-854.37,4.97,1.66,1.43,1714,161.6,33,0.865,,
4030,car,12626529710,trim_748,-1958.93,-1167.92,-1541.44,689.26,4.36,1.81,1.57,1279,166.0,48,0.814,,
4031,car,11135769029,trim_1519,1914.07,-767.7,-1180.43,-937.03,4.86,1.64,1.56,1338,150.8,65,0.694,,
4032,car,trim_2660,trim_3418,1800.4,-1750.98,352.13,130.42,4.22,1.7,1.64,1853,168.7,34,0.842,,
4033,car,12129753493,trim_2809,-1306.35,713.51,-2033.27,402.11,4.08,1.72,1.61,1206,165.4,58,0.651,,
4034,bus,trim_749,trim_8366,-1531.38,689.19,-484.33,-381.53,10.12,2.42,3.32,10097,89.4,31,0.848,,
4035,car,trim_5601,9859493787,1820.07,-325.36,496.66,-552.21,4.72,1.75,1.39,1017,154.2,29,0.718,,
4036,car,4225219752,trim_1474,-635.97,-1035.46,-1514.47,-923.2,4.41,1.75,1.62,1557,172.2,74,0.912,,
4037,car,2960328322,trim_7279,-1695.04,-56.42,-1635.22,-1097.68,5.07,1.85,1.37,1243,150.9,16,0.992,,
4038,car,trim_6260,5170868612,-491.97,-1460.67,1755.5,-420.34,4.43,1.73,1.49,1625,158.5,69,0.901,,
4039,car,trim_8958,2960326577,-35.17,-1306.29,-1640.73,126.87,4.92,1.74,1.57,1794,169.0,77,0.89,,
4040,car,trim_5514,trim_8644,2424.91,-1081.77,304.7,-1151.87,4.84,1.72,1.48,1292,140.8,35,0.71,,
4041,truck,trim_7770,trim_2266,-909.51,-525.73,-233.74,-395.13,10.7,2.57,3.05,12729,73.5,78,0.939,,
4042,car,9859747838,9843992519,172.98,-1506.32,-2262.57,1124.07,4.92,1.89,1.64,1301,174.0,75,0.805,,
4043,car,trim_4849,2960366922,-381.39,-917.91,-1665.41,-487.06,4.01,1.67,1.61,1267,161.7,16,1.038,,
4044,car,trim_8654,9860055105,243.81,-1348.73,-607.9,-275.17,4.08,1.91,1.48,1521,142.5,64,0.678,,
4045,car,9859738785,9859601718,-235.84,-1132.43,-1035.16,-436.94,4.53,1.9,1.37,1358,155.9,22,0.705,,
4046,car,trim_1763,4227743729,-94.01,-1484.88,-333.45,-1076.4,4.51,1.72,1.37,1107,158.4,76,0.871,,
4047,car,9852243274,trim_7644,-1196.67,1280.68,193.86,-126.29,4.22,1.81,1.64,1371,141.3,65,0.818,,
4048,car,11491678302,trim_735,112.84,996.34,-1515.53,967.08,4.3,1.75,1.37,1134,164.2,44,0.655,,
4049,car,trim_179,9168861195,229.98,78.75,-1325.22,-695.08,4.54,1.78,1.56,1407,162.5,80,0.838,,
4050,car,trim_474,9853262750,-2408.2,2.13,1304.06,236.72,4.5,1.82,1.65,1667,161.5,71,0.959,,
4051,car,trim_2610,9854981026,-1381,753.47,1775.04,-620.45,5.01,1.67,1.56,1011,171.2,20,0.822,,
4052,car,trim_9441,trim_2175,-1349.73,469.73,214.21,-1101.58,4.99,1.69,1.59,1531,154.2,30,0.853,,
4053,motorcycle,trim_8498,trim_1932,1702.02,-40.87,-358.7,-1454.69,2.18,0.89,1.18,239,140.9,27,0.666,,
4054,car,trim_4448,trim_331,1373.81,637.72,-147.17,655.42,4.49,1.86,1.64,1249,161.4,39,0.887,,
4055,car,trim_781,4225219784,-1324.78,-462.19,-745.69,-898.49,4.45,1.93,1.54,1749,172.4,31,0.81,,
4056,motorcycle,trim_490,4630274539,-1748.74,1004.07,289.24,-256.73,2.01,0.73,1.25,211,101.7,43,0.815,,
4057,motorcycle,457278207,9168911123,70.96,381.99,-1546.1,-1439.88,2.09,0.81,1.21,191,145.7,31,0.87,,
4058,car,9857635279,trim_1985,-746.3,-1014.3,-391.78,-159.3,4.07,1.64,1.57,1638,155.2,18,0.747,,
4059,car,11198935218,12455157389,-1902.3,-722.79,-1337.85,481.68,4.65,1.71,1.57,1253,150.5,60,0.821,,
4060,car,trim_1976,trim_4855,121.13,929.56,207.71,-1112.72,4.36,1.81,1.42,1229,146.2,27,0.9,,
4061,motorcycle,trim_3104,trim_864,514.88,-154.54,-1067.17,-215.2,2.29,0.81,1.29,175,148.9,22,0.655,,
4062,motorcycle,trim_2897,trim_1902,-1845.21,916.25,-245.81,-1220.24,2.3,0.89,1.07,173,154.6,25,0.873,,
4063,car,trim_7544,11909810180,-646.3,-996.48,2385.89,-861.68,4.34,1.63,1.62,1384,168.9,28,0.676,,
4064,car,trim_1636,2960299985,-1526.35,-402.26,-1324.24,829.52,4.75,1.89,1.43,1873,156.4,76,0.773,,
4065,car,trim_7272,trim_4233,-2290.76,-928.04,1894.04,241.65,4.81,1.86,1.45,1138,180.0,17,0.834,,
4066,car,trim_846,trim_2698,-1404.45,14.22,-1847.75,560.83,4.53,1.84,1.64,1290,159.4,52,0.9,,
4067,motorcycle,11001416257,trim_5497,-1932.5,-1419,2388.16,330.24,1.83,0.67,1.07,228,150.5,27,0.762,,
4068,car,trim_2491,4225352103,102.6,1148.9,-389.65,2388.74,4.67,1.66,1.4,1279,152.1,75,0.855,,
4069,car,2960336792,trim_2230,-1206.12,349.89,421.06,-697.88,4.67,1.81,1.6,1777,177.3,39,0.899,,
4070,car,5170798237,trim_118,103.72,163.98,-691.17,538,4.63,1.63,1.39,1775,156.1,43,0.716,,
4071,car,8838171106,trim_3633,-878.96,-317.13,-553.86,-878.52,4.15,1.65,1.63,1438,170.4,23,0.783,,
4072,car,trim_6731,4225324897,-477.6,1048.56,2425.51,1105.19,4.94,1.66,1.5,1211,166.3,62,0.835,,
4073,car,trim_7382,trim_4685,1822.91,-534.01,1582.48,-141.81,4.76,1.69,1.59,1082,160.9,16,0.829,,
4074,car,11187660590,trim_904,2120.64,741.92,-1320.22,-90.96,4.94,1.77,1.53,1701,166.9,63,0.868,,
4075,car,trim_5664,9853181589,716.86,-206.14,938.51,-93.03,4.68,1.87,1.46,1332,179.1,36,0.876,,
4076,truck,5170637574,trim_9291,1571.81,-131.89,-1556.32,1038.66,8.17,2.45,2.78,10445,73.5,56,0.874,,
4077,car,trim_3671,trim_4164,-937.53,-1207.83,1508.21,791.76,4.16,1.94,1.42,1251,150.0,34,0.674,,
4078,car,trim_9371,trim_4526,1485.41,142.96,-745.04,825.69,4.38,1.86,1.59,1797,153.0,71,0.751,,
4079,motorcycle,3353401662,trim_7092,-1127.18,-1514.56,-2303.14,662.97,1.9,0.71,1.06,173,108.1,57,0.843,,
4080,car,2962838438,11031789566,-152,-940.56,-545.67,-196.91,4.05,1.91,1.58,1154,175.7,21,0.769,,
4081,car,trim_219,trim_8117,420.72,-71.99,-558.02,764.19,4.18,1.73,1.46,1313,157.6,39,0.794,,
4082,car,trim_1908,trim_6149,-156.52,-1145.59,-1012.39,-947.29,4.82,1.61,1.48,1677,165.2,62,0.867,,
4083,motorcycle,trim_4642,9857750347,-1397.6,1126.57,-596.83,-859.63,1.91,0.65,1.07,163,99.3,33,0.755,,
4084,car,2960361585,trim_5425,-1359.45,-606.52,1610.95,60.84,5.03,1.83,1.64,1894,154.9,18,0.756,,
4085,truck,trim_3376,trim_4189,500.6,189.66,1613.06,-290.25,11.1,2.49,3.08,5269,93.3,54,0.842,,
4086,car,9857635275,2960299850,-733.13,-1012.29,-1513.4,-1276.75,4.96,1.93,1.48,1832,170.3,69,0.743,,
4087,bus,trim_7064,trim_3487,-2165.15,714.03,489.74,-663.85,9.83,2.49,3.35,11223,70.2,19,0.925,,
4088,car,trim_2599,trim_6625,1500.88,1033.76,-146.81,-1443.53,4.37,1.78,1.51,1525,169.5,25,0.85,,
4089,car,trim_3509,11840466622,6.86,-175.81,1363.9,-520.02,4.72,1.87,1.65,1782,155.6,58,0.763,,
4090,motorcycle,trim_6207,9852305617,-1320.27,-941.29,463.12,1080.67,2.22,0.84,1.22,224,108.9,52,0.733,,
4091,car,9853181591,trim_8364,1035.21,-144.05,-1094.92,-216.38,4.36,1.73,1.63,1138,161.7,42,0.846,,
4092,car,2960336635,trim_1421,-1606.45,14.42,-2562.42,-87.82,4.91,1.84,1.59,1118,162.6,65,0.681,,
4093,car,2960336767,11176468173,-1297.44,197.58,-1023.1,-465.89,4.49,1.8,1.61,1338,176.6,71,0.853,,
4094,car,9852405425,trim_939,-2222.48,-99.56,-814.19,235.21,4.22,1.81,1.45,1033,155.4,41,0.78,,
4095,truck,2970305113,13279416165,2155.7,-1288.42,-926.21,554.5,6.85,2.41,3.77,10679,91.9,17,0.847,,
4096,car,trim_4283,5171030840,1771.71,-430.54,-1922.63,837.67,4.56,1.85,1.59,1095,142.3,69,0.853,,
4097,car,trim_8408,trim_5897,-1605.62,179.66,-1702.34,-1504.71,4.4,1.81,1.55,1585,156.6,38,0.729,,
4098,motorcycle,trim_5880,trim_5003,-2014.31,-1439.2,1129.23,1456.16,2.09,0.8,1.08,142,101.8,16,0.969,,
4099,car,11491678340,trim_878,-30.55,722.04,-1299.8,-345.73,4.57,1.87,1.63,1686,161.0,27,0.871,,
4100,car,2962861572,trim_9282,-644.07,-1491.58,-1619.77,1015.1,4.11,1.81,1.4,1863,168.2,19,0.771,,
4101,car,4224981073,trim_6045,-2495.18,854.31,-1554.94,587.92,4.03,1.83,1.64,1596,151.4,50,0.702,,
4102,motorcycle,trim_7547,5171030829,-646.24,-1000.65,-2118.32,635.21,1.87,0.68,1.12,175,145.3,79,1.038,,
4103,car,trim_7533,trim_2467,-278.47,-1371.49,-2296.56,1033.53,4.23,1.8,1.64,1698,142.9,25,0.821,,
4104,car,trim_500,9859618306,-1664.83,697.91,-938.16,-525.49,4.88,1.68,1.62,1629,141.9,76,0.902,,
4105,car,9843084742,trim_4858,-2189.78,678.75,935.65,746.78,5.05,1.73,1.56,1235,144.7,31,0.789,,
4106,motorcycle,trim_5886,trim_4852,-1936.14,-1355.62,264.85,-1197.28,2.21,0.86,1.22,179,131.9,45,0.676,,
4107,car,12096819276,7249093952,1138.6,-306.6,347.72,477.88,4.39,1.84,1.44,1007,142.3,43,0.677,,
4108,car,trim_7659,9843084744,-97.77,106.92,-2338.93,717.42,4.58,1.76,1.58,1278,168.1,33,0.773,,
4109,car,trim_6387,trim_974,1942.55,776.1,-721.5,-165.06,4.6,1.63,1.37,1286,172.5,19,0.814,,
4110,car,trim_7247,trim_1775,-2219.78,-827.33,81.99,-1287.94,4.29,1.73,1.39,1408,175.1,27,0.788,,
4111,car,11499043123,trim_76,-849.05,978.73,707.31,-204.92,4.01,1.72,1.38,1038,178.9,24,0.765,,
4112,ambulance,trim_3457,2960299906,-1343.29,-416.9,-2086.18,1709.44,6.34,2.23,2.43,3294,145.5,35,0.499,a_7025117453,Pannalal Shyamlal Hospital
4113,car,12131201623,6294258015,-834.37,213.88,-2056.33,-1029.08,4.08,1.83,1.64,1159,174.0,27,0.858,,
4114,car,trim_6985,trim_5770,2392.21,923.85,-1032.36,-1593.66,4.08,1.92,1.43,1555,143.3,46,0.854,,
4115,car,6925898194,trim_710,-1805.84,-1566.42,-1346.12,802.89,4.54,1.91,1.4,1569,151.3,22,0.824,,
4116,car,11491618541,trim_2200,-547.93,820.37,-240.35,1241.94,4.01,1.86,1.62,1621,175.5,60,0.707,,
4117,car,trim_4690,4227798516,1397.24,-2.27,667.04,1694.76,4.03,1.93,1.56,1379,153.0,24,0.659,,
4118,car,11491307973,trim_3720,-358.91,-1194.88,-690.48,-869.64,4.63,1.73,1.39,1220,175.1,62,0.816,,
4119,car,trim_7514,9857682481,-1270.53,-1023.11,-575.9,-662.62,5.04,1.64,1.42,1113,163.7,72,0.771,,
4120,car,trim_2512,trim_3634,409.76,1441.07,-555.93,-883.07,5.03,1.88,1.44,1000,152.4,41,0.734,,
4121,car,trim_1106,trim_6708,-1472.94,62.48,1050.38,1199.12,4.46,1.72,1.42,1045,171.8,44,0.815,,
4122,motorcycle,trim_1311,trim_5327,-1296.88,206.56,567.18,1441.25,2.04,0.7,1.26,198,151.2,18,0.916,,
4123,car,9852436579,trim_1206,-2232.5,-869.14,-1700.09,-130.28,4.61,1.64,1.39,1339,154.4,27,0.828,,
4124,car,4227743895,trim_857,-1203.68,1285.92,-1158.51,-27.17,4.27,1.64,1.47,1005,173.2,18,0.796,,
4125,car,trim_4654,trim_7164,1186.5,-1595.07,-1836,216.57,4.7,1.94,1.61,1325,168.7,53,0.747,,
4126,car,2960361464,11909810117,-1520.66,-821.4,2364.44,-827.98,4.71,1.62,1.5,1686,176.6,18,0.775,,
4127,motorcycle,9168959354,trim_1670,1324.87,-245.39,-383.62,-1476.68,1.85,0.89,1.09,188,155.2,16,0.901,,
4128,car,trim_5913,11491307975,-1707.69,-1310.76,-346.56,-1177.88,4.65,1.9,1.58,1029,178.8,31,0.88,,
4129,motorcycle,2960361463,trim_6730,-1523.23,-823.75,-525.15,1042.13,2.26,0.75,1.37,181,114.8,18,0.81,,
4130,bus,trim_6520,trim_6528,85.83,-491.07,-349.99,-511.46,10.37,2.43,3.09,11824,85.5,52,0.898,,
4131,motorcycle,12124058136,trim_7397,-859.65,-1006.28,-57.17,234.04,2.14,0.74,1.24,222,134.6,79,0.986,,
4132,car,4227798125,trim_5916,1600.12,-382.14,-1762.51,-1261.23,4.16,1.6,1.6,1851,179.2,26,0.872,,
4133,car,trim_3828,trim_5488,-598.95,-976.93,2219.33,230.84,4.42,1.84,1.42,1439,170.1,27,0.713,,
4134,car,trim_448,4227743804,-2113.01,-494.78,979.98,344.19,4.79,1.85,1.57,1103,176.3,72,0.954,,
4135,car,12096814568,9853262754,995.98,131.71,1432.72,437.81,4.07,1.7,1.52,1320,178.3,22,0.662,,
4136,car,trim_6128,9859655302,-1273.32,-172.61,-301.1,-373.81,4.99,1.94,1.57,1315,158.8,56,0.756,,
4137,car,trim_5708,trim_9022,1703.67,-761.63,1084.98,222.24,4.89,1.84,1.53,1183,165.2,20,0.918,,
4138,car,trim_7658,9852391725,-118.6,103.17,-2121.87,-948.12,4.62,1.93,1.43,1051,160.9,49,0.827,,
4139,car,1680108666,trim_9374,-1378.27,454.24,2457.67,-1213.76,4.49,1.65,1.41,1005,151.8,78,0.795,,
4140,motorcycle,4227743914,9852465888,-1276.86,1599.3,-1651.3,-1550.44,1.88,0.74,1.17,246,104.2,26,0.697,,
4141,car,9852893339,trim_2238,-1525.97,-824.43,-78.99,-443.96,4.5,1.67,1.41,1025,163.0,54,0.882,,
4142,car,trim_7078,trim_188,-2125.91,777.37,498.31,191.22,4.29,1.61,1.47,1880,158.0,20,0.768,,
4143,car,trim_7999,trim_9690,19.38,1015.11,2126.12,-1014.22,4.61,1.79,1.48,1552,148.5,67,0.825,,
4144,car,13852443494,457278264,-1493.06,-1225.43,738.02,143.2,4.03,1.92,1.58,1857,146.5,70,0.863,,
4145,car,9843408916,trim_9601,2658.28,1258.67,-1163.45,1057.84,5.05,1.65,1.37,1757,155.3,65,0.719,,
4146,car,11059063630,9857682460,-2481.64,70.77,-397.74,-825.56,5.04,1.77,1.43,1500,154.2,37,0.733,,
4147,car,trim_6122,4225324913,-1387.97,-116.96,-398.34,1240.23,4.29,1.72,1.57,1070,174.7,55,0.712,,
4148,car,9857635268,11168866171,-573.32,-1025.55,-432.52,960.93,4.64,1.65,1.49,1014,163.2,37,0.779,,
4149,car,trim_6459,9168883580,1922.04,277.33,-1373.47,-1407.65,4.16,1.72,1.45,1749,150.0,35,0.731,,
4150,car,trim_4016,trim_4253,1590.07,805.86,904.63,219.87,4.01,1.66,1.63,1782,161.7,68,0.764,,
4151,car,11499136678,9168946219,-911.96,969.88,2102.6,580.62,4.59,1.94,1.61,1507,174.2,20,0.875,,
4152,car,trim_9076,9859639841,1772.7,-434.11,-362.05,-292.48,4.94,1.88,1.58,1794,174.0,59,0.699,,
4153,car,trim_4765,4224981045,-1311.84,1092.76,-2309.22,736.35,4.24,1.61,1.55,1202,142.1,53,0.655,,
4154,ambulance,trim_6748,trim_7996,49.96,593.71,-1345.54,-1018.98,5.93,2.14,2.76,3685,147.8,24,0.595,a_7025924014,Rizvi Surgical Centre
4155,truck,9852348501,trim_4450,-1492.7,243,1905.59,302.53,10.41,2.4,3.6,14693,87.4,20,0.83,,
4156,car,trim_6008,trim_8047,-1979.44,861.42,2451.15,-1049.81,5.07,1.87,1.45,1636,141.0,71,0.858,,
4157,car,4225324746,8838171102,1941.1,507.19,-1287.97,-377.44,4.34,1.78,1.59,1424,162.1,55,0.711,,
4158,car,2960336634,12121616908,-1604.2,16.25,1538.33,1046.07,5.02,1.71,1.59,1372,157.0,56,0.8,,
4159,car,trim_4732,9857583728,-1501.08,1105.58,-1027.5,-90.95,4.18,1.73,1.57,1204,168.6,43,0.692,,
4160,car,11006730400,5170630775,1963.04,-609.51,2242.81,40.7,4.54,1.62,1.55,1571,143.2,21,0.732,,
4161,car,trim_7115,trim_7170,-2368.23,287.02,-1861.43,86.4,4.35,1.88,1.38,1843,142.5,45,0.727,,
4162,car,trim_1381,9168911144,-2206.28,-631.67,-1609.04,-214.97,4.49,1.78,1.61,1135,163.1,80,0.911,,
4163,motorcycle,12124279328,trim_2588,-1273.32,-1030.17,1651.19,1357.1,2.07,0.81,1.31,115,114.8,27,0.796,,
4164,car,trim_4755,trim_1626,-1591.1,1034.19,-1602.75,-592.55,4.01,1.84,1.41,1214,170.0,72,0.783,,
4165,car,trim_9318,trim_3899,-2481.62,1294.33,1110.91,-6.52,4.51,1.79,1.37,1873,161.0,49,0.698,,
4166,motorcycle,5170798233,5170639283,90.56,243.04,2066.93,-88.15,1.97,0.82,1.3,231,142.5,34,0.754,,
4167,car,trim_4853,trim_8029,243.94,-1166.34,2488.53,1134.37,4.81,1.7,1.46,1807,141.0,42,0.714,,
4168,truck,trim_4487,2960299884,-958.39,791.5,-1990.48,665.84,11.31,2.53,3.45,8432,78.4,57,0.883,,
4169,car,trim_6312,trim_8213,-1703.45,-642.69,-2457.83,972.69,4.96,1.76,1.63,1175,166.1,66,0.788,,
4170,car,trim_6710,12134115459,1311.28,758.06,-348.37,832.91,4.19,1.74,1.49,1654,140.6,50,0.706,,
4171,car,trim_9113,trim_554,1702.72,-44.32,-1469.29,-126.53,4.14,1.79,1.46,1456,179.8,29,0.751,,
4172,car,trim_8494,trim_9029,-1899.31,-726.43,-1173.27,1156.55,4.01,1.79,1.36,1610,177.8,24,0.777,,
4173,car,12123907740,11001379072,-848.88,-226.69,-2402.79,-910.44,4.83,1.83,1.43,1853,172.3,39,0.789,,
4174,car,9852338752,trim_3529,-2051.29,-306.3,955.14,-452.4,4.48,1.76,1.43,1340,177.1,74,0.794,,
4175,car,10685694467,trim_4735,-1104.41,-734.91,-1161.35,1060.69,4.92,1.63,1.52,1621,160.7,40,0.763,,
4176,car,2970305336,trim_1211,1147.8,447.33,-1642.8,-70.82,4.17,1.86,1.51,1896,152.2,16,0.962,,
4177,car,2962861568,2960368366,-698.87,-1574.56,-2169.59,-57.46,4.99,1.78,1.57,1249,144.5,26,0.75,,
4178,car,trim_7091,trim_7090,-2334.51,674.5,-2415.9,481.58,4.28,1.66,1.49,1505,179.0,28,0.701,,
4179,car,12130890824,trim_3675,2369.01,592.73,-685.32,-604.47,4.52,1.65,1.56,1572,172.4,29,0.79,,
4180,car,9852305618,12129299585,452.52,1077.39,2046.94,273.37,4.99,1.83,1.41,1620,161.4,20,0.913,,
4181,car,trim_8646,9853262758,389.93,-677.02,1392.49,178.79,4.44,1.62,1.37,1215,160.1,25,0.878,,
4182,car,trim_639,trim_1636,-1899.82,854.36,-1526.35,-402.26,4.57,1.74,1.4,1444,163.9,17,0.888,,
4183,car,4224981064,3887993268,-2526.97,821.07,1550.73,1010.61,4.75,1.79,1.37,1305,141.2,27,0.754,,
4184,bus,7121548955,9859736964,504.62,1606.73,11.8,212.48,9.61,2.5,3.15,11657,76.6,58,0.876,,
4185,car,trim_5922,trim_5352,-937.44,799.12,2037.12,-186.62,5.04,1.95,1.58,1803,178.6,39,0.847,,
4186,car,trim_1109,2960336754,-1547.41,185.25,-1202.15,271.46,4.11,1.75,1.45,1534,149.8,69,0.838,,
4187,car,trim_6268,trim_5699,-582.1,-664.83,898.41,-271.15,4.27,1.94,1.4,1395,165.3,69,0.715,,
4188,car,trim_9478,trim_132,696.78,-78.41,319.35,-1022.39,4.37,1.88,1.55,1709,170.1,45,0.898,,
4189,car,trim_9533,3888008196,-836.81,-1283.92,1771.9,1339.04,4.43,1.79,1.37,1518,155.4,20,0.929,,
4190,car,trim_5123,trim_3078,2423.94,-628.6,475.19,-230.84,5.08,1.9,1.52,1896,150.2,72,0.746,,
4191,car,trim_7655,7222735470,-331.89,-498.34,172.08,-1383.83,4.17,1.95,1.41,1378,151.4,73,0.807,,
4192,car,9843433133,trim_8533,959.58,647.22,-2440.09,204.51,4.2,1.89,1.51,1878,157.0,24,0.77,,
4193,car,4227798189,trim_7815,1839.69,-115.35,-1984.52,-50.73,4.88,1.88,1.49,1367,168.1,40,0.803,,
4194,car,trim_1045,trim_5003,-961.52,128.21,1129.23,1456.16,4.37,1.62,1.42,1502,174.4,22,0.757,,
4195,motorcycle,trim_7207,trim_6918,-1927.74,205.17,-1697.37,602.33,1.95,0.82,1.26,148,105.4,69,0.791,,
4196,car,4227743704,5170801504,324,-1243.22,2073.98,472.44,4.74,1.77,1.6,1334,171.2,80,0.868,,
4197,car,9857157156,trim_3923,1835.97,-111.19,1840.94,138.14,4.53,1.77,1.5,1472,162.5,51,0.891,,
4198,car,5170791984,trim_6419,-1689.19,707.77,2349.53,591.93,4.46,1.79,1.55,1724,176.5,40,0.76,,
4199,car,trim_6366,trim_8342,2365.31,853.84,-514.69,626.98,4.96,1.92,1.41,1558,179.6,20,0.751,,
4200,car,14063521249,9168959340,2118.29,-1065.47,2193.43,-833.87,4.36,1.66,1.6,1351,165.6,35,0.68,,
4201,car,trim_655,trim_3793,-1846.79,522.75,-1256.78,-1098.85,4.57,1.82,1.59,1529,161.9,25,0.878,,
4202,motorcycle,2960366913,9880891788,-1557.16,-549.61,2183.04,1071.64,2.16,0.89,1.2,172,143.5,53,0.651,,
4203,car,trim_7545,11176501126,-643.82,-952.81,-1563.9,-480.86,4.56,1.89,1.64,1274,159.6,27,0.806,,
4204,truck,trim_8201,trim_3466,-1081.98,843.47,-326.71,-120.92,11.35,2.46,2.51,13043,79.6,31,0.654,,
4205,car,4224980869,trim_468,-2342.5,532.47,-2269.08,7.25,4.94,1.82,1.53,1826,140.1,79,1.002,,
4206,car,trim_1638,trim_6074,-1582.61,-704.29,-1806.58,1105.12,4.23,1.88,1.55,1211,164.9,20,0.722,,
4207,car,trim_9284,trim_1382,-1582.79,1133.27,-2193.72,-608.35,4.4,1.7,1.46,1039,175.5,67,0.763,,
4208,car,9852290908,9852305621,277.64,1130.32,306.33,928.22,4.35,1.71,1.46,1571,162.2,17,0.941,,
4209,bus,4225172425,4225077443,31.48,466.25,-2122.74,1044.6,11.34,2.55,3.47,10366,96.1,59,0.898,,
4210,car,trim_571,4225324623,-1965.13,499.31,843.08,-167.16,4.58,1.82,1.64,1255,142.0,67,0.672,,
4211,car,trim_8238,trim_1442,-2284.48,-763.17,-1579.48,-702.63,4.47,1.73,1.38,1791,172.2,24,0.815,,
4212,car,trim_6482,trim_7636,1705.22,-107.24,347.19,-238.11,4.48,1.74,1.59,1148,151.7,63,0.744,,
4213,car,trim_4642,9168951433,-1397.6,1126.57,531.69,-213.38,4.65,1.78,1.44,1207,167.6,65,0.867,,
4214,motorcycle,trim_2957,trim_2078,-1850.89,1359.75,1099.34,604.04,2.03,0.86,1.18,169,91.2,40,0.717,,
4215,car,trim_3520,trim_7003,1102.66,-749.32,-2271.77,1091.47,4.02,1.67,1.61,1492,172.5,55,0.802,,
4216,car,trim_5625,trim_760,-174.86,1162.25,-1119.89,1010.22,4.65,1.73,1.37,1634,174.2,30,0.778,,
4217,motorcycle,9852348506,trim_4304,-1455.64,-446.18,1562.44,647.98,2.06,0.66,1.09,206,103.5,44,0.884,,
4218,car,trim_7682,9843385453,-656.83,-86.17,-1506.17,742.83,4.29,1.64,1.59,1351,176.3,46,0.867,,
4219,car,trim_2011,9859601724,-385.24,19.85,-1019.51,-451.34,4.95,1.66,1.57,1547,175.2,53,0.724,,
4220,car,4225172258,trim_5548,-185.78,-277.43,1127.58,1453.27,4.18,1.88,1.43,1765,152.9,72,0.872,,
4221,car,trim_3392,9857115613,-552.52,201.12,-2317.26,-1057.29,5.01,1.77,1.45,1349,174.1,78,0.813,,
4222,car,trim_5265,trim_7771,2189.25,57.94,-847.86,-518.55,4.42,1.67,1.48,1402,161.1,41,0.761,,
4223,car,9859736961,9852348494,-2.1,72.67,-1445.74,25.44,4.75,1.64,1.59,1256,149.4,78,0.894,,
4224,ambulance,11498996006,trim_3229,572.66,231.17,-78.68,573.89,6.5,2.18,2.76,3813,145.8,32,0.63,a_7027732228,"Brij Medical Centre, Ghaziabad"
4225,car,5170823241,10205548834,1394.41,460.18,2280.75,-861.23,4.96,1.73,1.42,1072,156.9,56,0.732,,
4226,motorcycle,trim_2957,trim_2518,-1850.89,1359.75,189.18,1284.31,2.29,0.85,1.06,201,113.4,19,0.941,,
4227,car,4225351994,trim_3494,-1005.16,983.64,-52.65,-85.6,4.69,1.84,1.62,1183,177.0,33,0.744,,
4228,motorcycle,trim_2481,12129753487,-28.35,1192.48,-1307.8,715.18,2.0,0.72,1.09,211,117.1,50,0.842,,
4229,car,trim_1016,13991918847,-828.15,74.94,-1238.49,2001.45,4.93,1.81,1.52,1542,140.3,77,0.9,,
4230,car,trim_6408,11499041118,2389.85,613.2,-739.66,1227.01,5.0,1.95,1.44,1485,149.6,20,0.866,,
4231,car,trim_7888,trim_1096,-2440.49,-621.32,-915.39,-451.2,4.31,1.62,1.43,1262,158.7,39,0.765,,
4232,car,12098320585,4227743793,-1639.09,1347.44,1225.14,119.74,4.4,1.7,1.57,1432,156.5,23,0.8,,
4233,car,trim_6598,trim_2944,1887.43,-661.53,-1732.18,1211.52,4.91,1.66,1.49,1814,158.3,27,0.868,,
4234,car,4227798323,trim_3466,2267.22,228.84,-326.71,-120.92,4.14,1.69,1.59,1215,161.8,19,0.767,,
4235,car,4224981072,11031789566,-2467.98,848.64,-545.67,-196.91,5.04,1.81,1.38,1814,162.4,63,0.784,,
4236,truck,trim_2716,9843170048,-1820.94,609.23,-1670.86,1230.63,6.0,2.52,2.97,6169,87.3,43,0.86,,
4237,motorcycle,6735185773,2960312545,-270.72,634.45,-1222.05,-154.3,1.89,0.73,1.39,178,132.8,77,0.943,,
4238,car,trim_6992,9857350832,2122.01,1030.48,-2006.2,241.85,4.74,1.74,1.42,1687,159.2,77,0.787,,
4239,car,9852257580,trim_3258,-2371.33,182.1,926.11,-552.13,4.45,1.86,1.57,1766,156.4,67,0.896,,
4240,car,trim_1245,trim_5598,-1696.89,-130.85,2150.74,350.18,4.84,1.74,1.59,1107,140.4,41,0.686,,
4241,car,9852405459,trim_7125,-2426.97,-333.17,-2456.92,180.53,4.14,1.84,1.53,1379,141.1,48,0.751,,
4242,car,trim_325,trim_1520,127.87,701.33,-1175.7,-938.66,4.91,1.8,1.49,1700,149.0,54,0.717,,
4243,car,9857249940,5170655696,-2004.2,-120.1,2180.53,-36.07,4.9,1.94,1.54,1259,145.3,75,0.845,,
4244,car,trim_6130,11182522593,-1367.2,-167.96,-1558.8,-1347.28,4.59,1.61,1.37,1159,161.2,47,0.874,,
4245,car,trim_9072,trim_5416,-1604.76,800.31,1624.49,-521.62,4.59,1.92,1.59,1530,172.9,61,0.712,,
4246,car,trim_5981,trim_4089,463.84,549.72,1461.4,578.08,4.03,1.82,1.47,1384,156.8,21,0.66,,
4247,car,trim_66,trim_3320,333.84,-277.56,-699.83,424.13,4.19,1.68,1.38,1816,145.3,54,0.654,,
4248,car,6735189825,2960336670,2433.72,-792.09,-1583.39,-361.19,5.05,1.92,1.54,1294,167.6,34,0.766,,
4249,car,trim_6063,9844203648,-1317.53,221.55,-2376.93,935.13,5.07,1.63,1.59,1432,172.6,41,0.851,,
4250,car,trim_5403,trim_6381,2180.46,143.44,2278.33,548.4,4.91,1.75,1.6,1280,146.2,27,0.788,,
4251,motorcycle,4227743724,2960368344,1219.7,-1092.08,-1927.29,-151.66,1.96,0.75,1.18,172,147.8,38,0.871,,
4252,ambulance,5170798229,11158293366,73.41,470.38,-598.26,-1079.35,6.33,2.21,2.56,3963,131.3,17,0.623,a_7031610785,"Sunetra Eye, Laser and Dental Care Centre"
4253,car,2970305419,9843692460,-1007.88,1652.42,2139.5,948.91,4.07,1.83,1.61,1438,149.8,39,0.81,,
4254,car,trim_89,9857647481,705.34,197.21,-740.03,-1082.79,4.15,1.69,1.65,1333,175.7,62,0.72,,
4255,motorcycle,trim_6207,9858066412,-1320.27,-941.29,-27.73,-857.12,1.86,0.81,1.07,224,127.9,68,0.794,,
4256,car,9859738816,5170849704,603.41,-1005.63,-1189.9,998.2,4.29,1.84,1.37,1542,172.9,38,0.826,,
4257,car,12129482866,4223620632,-1273.77,559.49,-2508.43,-707.39,4.66,1.91,1.55,1745,179.3,59,0.869,,
4258,car,2960336733,trim_9265,-1316.23,386.2,1904.94,-1462.94,4.91,1.72,1.56,1737,145.0,70,0.902,,
4259,car,trim_6066,trim_1668,-1510.06,249,-424.86,-1509.11,4.55,1.95,1.38,1683,171.3,80,0.871,,
4260,car,trim_4675,trim_2942,342.1,-1386.5,-1738.39,1230.49,4.87,1.9,1.42,1688,171.0,75,0.918,,
4261,truck,trim_9419,trim_2232,-660.85,-443.58,386.55,-677.95,9.02,2.52,2.52,12687,86.1,33,0.817,,
4262,car,trim_776,trim_1633,-1065.25,-520.28,-1523.66,-623.6,4.38,1.93,1.58,1376,154.1,32,0.665,,
4263,car,9859655297,9852378897,-587.34,39.73,-2004.67,-839.34,4.73,1.83,1.38,1562,171.3,60,0.843,,
4264,car,12098320593,4225324705,-1816.68,1334.56,1437.44,292.64,4.7,1.65,1.42,1001,144.8,50,0.745,,
4265,motorcycle,4227798313,9857350829,2226.92,143.85,-1754.3,26.17,2.1,0.71,1.36,224,128.3,57,0.714,,
4266,car,trim_520,trim_8428,-1979.84,-1214.92,-477.87,-716.56,4.64,1.66,1.62,1679,144.3,61,0.884,,
4267,car,trim_6123,trim_485,-1327.82,-120.52,-1795.45,1205.5,4.62,1.69,1.61,1308,147.6,19,0.922,,
4268,car,5170801496,2960366913,2197.86,570.47,-1557.16,-549.61,4.3,1.86,1.54,1851,169.8,36,0.87,,
4269,car,12144193860,9852378916,1053.9,332.98,-2089.09,-973.03,4.98,1.84,1.58,1331,153.8,64,0.855,,
4270,ambulance,trim_87,4225219823,698.92,-45.68,-190.48,-598.83,6.0,2.18,2.57,4093,149.3,72,0.657,a_7033516100,Sarvodaya Hospital and Research Centren
4271,car,5170637562,trim_3794,1401.2,-10,-705.7,-859.03,5.08,1.68,1.42,1522,151.6,25,0.657,,
4272,car,11983071064,9168934126,1172.88,1337,2215.59,1296.66,4.09,1.79,1.5,1686,161.9,39,0.846,,
4273,car,trim_9005,11491066034,-687.52,-461.49,-144.52,-1516.93,4.02,1.9,1.45,1162,174.8,47,0.801,,
4274,car,9857465295,trim_2030,-1237.92,130.37,1585.05,-141.13,4.01,1.9,1.52,1506,172.5,53,0.751,,
4275,car,trim_6312,13968415813,-1703.45,-642.69,-1606.23,376.42,4.76,1.61,1.49,1263,174.8,36,0.817,,
4276,bus,4225172291,trim_1443,538.35,-77.8,-1426.73,-748.98,10.32,2.49,3.54,13473,83.4,80,0.912,,
4277,motorcycle,trim_791,trim_2953,-929.02,-87.03,-1719.76,1478.65,2.21,0.66,1.25,241,136.5,20,0.801,,
4278,car,trim_9557,11245412648,-288.84,-632.7,-2210.59,816.41,5.0,1.62,1.47,1805,176.4,75,0.995,,
4279,car,trim_4428,3834051382,1142.82,-56.29,-360.13,1603.8,4.02,1.74,1.43,1480,159.2,79,0.838,,
4280,car,trim_6650,trim_398,1293.44,-375.99,-2379.48,112.5,4.16,1.82,1.43,1806,150.8,77,0.829,,
4281,car,trim_163,11499313286,340.34,-933.88,-393.84,1013.55,4.53,1.92,1.55,1674,140.0,24,0.695,,
4282,car,trim_1612,trim_5583,-1371.41,-717.52,1667.75,-186,4.83,1.77,1.4,1613,166.0,66,0.815,,
4283,car,2960312472,9854981029,-1245.23,35.96,1889.11,-665.4,5.02,1.91,1.37,1575,179.3,69,0.856,,
4284,car,trim_5115,9843135296,2272.95,-631.08,-1975.23,715.14,4.07,1.61,1.56,1198,147.3,59,0.755,,
4285,car,12096799138,457280273,1096.77,227.74,645.2,-411.79,4.78,1.79,1.38,1616,175.8,40,0.653,,
4286,car,5170815482,5170798236,-1049.81,-1569.27,99.5,189.37,4.81,1.63,1.61,1199,143.6,36,0.897,,
4287,car,trim_8396,9168861171,-1395.53,-276.31,-429.85,-380.61,4.92,1.77,1.37,1665,175.1,50,0.703,,
4288,ambulance,4225172303,trim_8150,-330.65,-12.37,-2455.29,-965.98,6.05,2.01,2.53,3612,146.5,28,0.549,a_7035329353,"Manav Hospital, Ghaziabad"
4289,car,trim_6460,trim_1920,1614.63,357.38,-357.62,-1317.07,5.09,1.73,1.57,1887,159.0,20,0.775,,
4290,car,trim_6169,trim_617,-1681.85,-646.71,-2261.57,466.12,4.07,1.76,1.54,1442,158.1,37,0.668,,
4291,car,trim_9097,trim_3960,1735.22,119.59,-427.53,861.33,4.13,1.62,1.4,1547,160.2,48,0.768,,
4292,motorcycle,2970305335,trim_7600,-826.54,430.28,-142.31,-967.43,1.82,0.68,1.08,119,114.1,66,0.728,,
4293,car,trim_1135,trim_4763,-1159.41,468.6,-314.87,-1044.14,4.75,1.86,1.51,1333,170.3,73,0.878,,
4294,car,trim_3353,trim_9458,-241.61,-584.91,2025.93,335.05,4.89,1.68,1.54,1784,152.8,51,0.842,,
4295,car,trim_3087,trim_7877,-374.5,136.48,537.44,-751.94,4.92,1.61,1.52,1556,164.8,43,0.836,,
4296,car,4224981037,trim_9417,-1924.12,714.55,-671.44,-451.66,4.31,1.85,1.47,1146,170.8,16,0.872,,
4297,car,9857635272,12096687034,-470.4,-1099.4,845.14,255.51,4.21,1.91,1.36,1551,161.8,19,0.907,,
4298,motorcycle,trim_1698,5372152744,-66.19,-1342.06,-2145.98,-1264.01,1.8,0.69,1.38,180,113.6,73,0.817,,
4299,bus,trim_1501,trim_4886,-1222.31,-1153.58,269.21,-1288.26,11.72,2.49,3.17,12269,98.5,42,0.782,,
4300,car,4225324731,trim_216,1812.47,405.29,420.06,-102.75,4.11,1.9,1.39,1888,148.1,40,0.861,,
4301,car,trim_6956,trim_9070,2099.94,1111.51,-1624.12,718.01,4.18,1.77,1.64,1884,178.3,47,0.866,,
4302,car,trim_5865,trim_386,-286.44,745.38,-1857.74,325.31,5.0,1.87,1.57,1232,177.3,17,0.904,,
4303,car,9843830064,2960312454,1573.46,1021.6,-1023,342.63,4.78,1.91,1.37,1150,154.7,18,0.816,,
4304,car,trim_3548,9859748032,602.4,-208.29,2.17,-1012.96,4.25,1.74,1.45,1746,158.6,77,0.802,,
4305,motorcycle,trim_139,2970305338,245.08,-673.1,1195.52,452.14,2.02,0.83,1.23,110,127.2,28,0.891,,
4306,car,trim_1676,trim_6933,-293.88,-1394.35,-2194.02,1351.01,4.96,1.95,1.62,1877,176.5,32,0.671,,
4307,car,2970305102,9843992518,2188.98,-1391.34,-2252.35,1160.35,4.53,1.89,1.49,1065,158.1,16,1.034,,
4308,car,trim_2529,9852168757,-1047.9,1188.29,-2449.56,495.07,4.58,1.75,1.48,1664,152.3,53,0.768,,
4309,truck,trim_5078,9843437522,2519.47,447.05,2053.44,1337.35,11.25,2.55,3.06,11262,75.7,75,0.823,,
4310,car,4227797986,trim_5297,1736.71,-505.7,1848.16,127.22,4.19,1.76,1.63,1485,173.4,78,0.959,,
4311,car,trim_3705,2960299866,-1224.04,-924.96,-1262.41,-661.02,4.24,1.89,1.46,1349,176.0,20,0.736,,
4312,car,9168959374,trim_3407,1423.37,-278.39,227.21,157.59,4.72,1.83,1.57,1027,150.6,18,0.96,,
4313,car,7218290614,4227743662,2391.47,1384.11,445.15,-1491.73,4.71,1.62,1.48,1581,143.1,28,0.805,,
4314,car,trim_3371,trim_3745,-63.18,471.87,-636.52,-644.79,4.73,1.86,1.39,1052,152.3,78,0.818,,
4315,car,trim_8777,trim_5864,64.59,-1059.24,-96.92,843.62,4.46,1.85,1.46,1868,164.3,60,0.822,,
4316,bus,trim_893,trim_1780,-1228.07,-217.33,150.55,-1308.25,9.8,2.56,3.3,9747,81.8,18,0.849,,
4317,car,trim_7901,9857647497,-32.06,737.89,-1087.73,-989.12,4.84,1.63,1.57,1656,155.9,40,0.657,,
4318,car,trim_4069,2970305455,-403.31,1126.95,-833.68,2110.08,4.06,1.93,1.54,1194,177.2,51,0.854,,
4319,car,5170637574,trim_6823,1571.81,-131.89,-2466.66,21.71,4.27,1.75,1.37,1897,160.9,72,0.874,,
4320,car,trim_1613,trim_5266,-1368.29,-715.82,2195.93,22.25,4.31,1.65,1.62,1235,168.2,75,0.847,,
4321,car,trim_3233,trim_433,114.31,-504.52,-2343.06,87.49,4.59,1.86,1.42,1556,151.4,54,0.683,,
4322,car,9168850601,trim_9373,-1393.42,394.4,1512.64,177.27,4.15,1.78,1.57,1470,141.0,38,0.796,,
4323,car,9843552431,457278267,2000.64,931.66,702.81,554.95,4.46,1.66,1.56,1036,152.5,49,0.782,,
4324,car,2970305121,12134065832,2083.88,-1128.1,-383.51,403.15,4.15,1.77,1.41,1092,177.0,59,0.78,,
4325,car,trim_3904,trim_7627,1614.68,353.96,306.01,64.67,4.85,1.89,1.62,1354,156.1,50,0.652,,
4326,car,9852405425,trim_2316,-2222.48,-99.56,692.33,622.22,4.69,1.94,1.57,1235,179.5,70,0.785,,
4327,car,trim_6554,trim_1723,520.2,-1197,-98.22,-1327.62,4.85,1.71,1.6,1361,171.9,30,0.753,,
4328,car,trim_6588,4227743723,816.48,-1335.26,222.2,-1095.8,4.52,1.63,1.38,1334,166.3,54,0.732,,
4329,car,trim_1303,trim_9055,-1384.43,251.68,-1819.56,1330.6,4.03,1.82,1.45,1563,154.2,72,0.785,,
4330,car,11143272202,11491502778,1699.6,729.81,238.56,-1324.7,4.58,1.62,1.47,1281,158.4,54,0.679,,
4331,motorcycle,trim_8681,11168894453,-28.7,717.67,-55.82,435.26,1.92,0.69,1.2,184,144.1,41,0.738,,
4332,car,9854981070,trim_4619,2095.77,-582.61,-651.87,757.65,4.19,1.92,1.58,1828,154.5,52,0.857,,
4333,car,9859931204,9168861200,-1982.73,-141.62,-1429.57,-660.17,4.6,1.64,1.61,1597,175.2,47,0.727,,
4334,ambulance,2960361528,trim_629,-960.62,-768.61,-2105.93,650.09,5.92,2.25,2.54,2713,130.5,29,0.611,a_7035680845,Yashoda Super speciality Hospital
4335,car,11499313285,trim_2625,-370.25,914.65,-1087.49,645.92,4.12,1.83,1.44,1698,174.6,26,0.807,,
4336,car,trim_3829,4225324912,-561.21,-1000.23,-417.09,1210.97,4.56,1.83,1.63,1282,150.0,17,0.939,,
4337,car,trim_4781,trim_9287,1097.03,316.28,-1638.24,1253.73,4.52,1.65,1.48,1441,144.2,57,0.746,,
4338,car,9168834905,9168965304,-1818.77,981.05,1193.93,382.35,4.21,1.89,1.35,1532,167.2,52,0.718,,
4339,truck,trim_4473,9854981031,-465.3,1001.15,1881.54,-664.81,6.08,2.46,3.35,5317,94.1,36,0.692,,
4340,car,13968415811,trim_558,-1605.04,381.99,-1538.92,24.33,4.95,1.69,1.38,1556,155.6,53,0.658,,
4341,car,3887997662,11499043124,1571.65,1224.84,-860.3,1033.82,4.27,1.75,1.45,1739,165.6,73,0.972,,
4342,car,trim_966,6928966909,-828.01,-106.74,-1517.6,-1596.98,5.02,1.68,1.61,1288,147.1,68,0.691,,
4343,car,trim_5894,11499287236,-1578.46,-1472.94,-401.92,1411.11,4.01,1.8,1.36,1782,174.5,17,0.772,,
4344,car,trim_5200,trim_1949,2150.53,-91.62,-550.54,-1544.27,4.0,1.92,1.49,1138,178.9,77,0.927,,
4345,car,trim_1404,trim_3609,-2034.59,-548.3,-694.85,-751.55,4.72,1.82,1.37,1680,147.6,74,0.758,,
4346,car,9859748025,trim_8661,178.87,-1291.74,-411.12,794.42,4.07,1.87,1.52,1153,146.7,75,0.845,,
4347,car,trim_846,trim_7095,-1404.45,14.22,-2092.03,488.24,4.18,1.73,1.37,1766,167.9,23,0.761,,
4348,car,trim_9493,trim_7237,-526.41,-992.26,-2299.25,-99.92,4.75,1.64,1.57,1558,146.7,55,0.862,,
4349,car,2970305127,2960299916,2053.88,-1089.63,-2231.66,1244.26,4.61,1.68,1.51,1767,152.3,37,0.826,,
4350,car,9861682123,9853262757,-2234.1,295.56,1394.54,189.08,4.62,1.87,1.54,1487,165.8,50,0.804,,
4351,car,9843408912,2970305323,2217.63,1298.65,-238.98,109.71,4.1,1.81,1.58,1672,177.6,62,0.741,,
4352,car,2960312600,9843170047,-771.48,-72.69,-1655.71,642.14,4.38,1.9,1.39,1464,148.8,67,0.834,,
4353,car,trim_7221,2960312458,-1407.84,12.49,-1033.08,320.86,4.9,1.63,1.48,1596,141.1,57,0.89,,
4354,car,4225324913,trim_2821,-398.34,1240.23,-2197.71,685.43,4.4,1.61,1.54,1528,143.5,23,0.895,,
4355,car,trim_6264,4225172381,-706.43,-1425.78,378.8,308.49,4.94,1.93,1.44,1386,162.7,36,0.813,,
4356,motorcycle,trim_4277,4227743844,1978.69,-319.9,-1442.62,1042.01,2.1,0.88,1.27,220,96.7,58,0.863,,
4357,car,trim_8341,trim_2101,-355.81,655.2,491.85,-103.23,4.89,1.8,1.53,1109,165.1,51,0.734,,
4358,car,2960336776,trim_5514,-1095.25,310.2,2424.91,-1081.77,4.59,1.77,1.53,1039,141.8,38,0.755,,
4359,motorcycle,trim_2416,9852405417,-73.5,1442.63,-2221.38,-326.27,2.06,0.75,1.31,236,158.6,79,0.954,,
4360,car,trim_1437,trim_3846,-2235.21,-611.35,-560.35,-1003.69,4.06,1.82,1.36,1411,140.8,79,0.861,,
4361,car,trim_3931,2960358785,855.02,-172.55,-1649.33,-134.92,4.72,1.95,1.48,1617,166.3,32,0.733,,
4362,car,12626529713,2960299846,-1073.2,-1306.1,-1473.24,-1477.62,4.77,1.73,1.54,1450,168.1,50,0.756,,
4363,truck,trim_5836,trim_3750,-693.38,554.35,-610.16,-733.07,6.08,2.33,3.4,11183,73.8,43,0.745,,
4364,car,trim_5685,9854981035,2186.03,-1463.4,2119.27,-599.17,4.77,1.7,1.54,1615,171.4,20,0.681,,
4365,motorcycle,trim_7410,trim_4293,2036.16,221.35,1912.56,540.8,2.09,0.66,1.36,177,99.7,50,0.845,,
4366,car,2960312522,12123907742,-1035.69,-447.62,-897.55,-292.85,5.03,1.88,1.49,1436,146.4,52,0.783,,
4367,truck,trim_2856,11909810095,-1897.97,630.35,2352.47,-963.23,8.75,2.37,3.67,5598,90.6,43,0.733,,
4368,car,5170823246,trim_181,1522.1,474.01,287.59,101.86,4.59,1.61,1.54,1773,167.0,20,0.859,,
4369,bus,9857635276,trim_8213,-734.05,-1015,-2457.83,972.69,9.87,2.53,3.18,12622,72.4,17,0.975,,
4370,car,9168861165,trim_427,-1248.98,-324.03,-1900.13,35.73,4.15,1.84,1.4,1014,171.2,77,0.989,,
4371,car,trim_4945,11206931706,-1543.28,1291.42,2115.49,-35.92,4.24,1.87,1.48,1500,166.1,39,0.883,,
4372,motorcycle,trim_1701,trim_2715,-116.32,-1406.62,-1760.32,576.66,1.99,0.89,1.18,164,99.7,68,0.819,,
4373,car,trim_3067,trim_3714,85.51,596.61,-859.2,-1440.3,4.59,1.61,1.64,1686,150.7,80,0.919,,
4374,car,9168959363,trim_4900,1302.35,-322.92,-1183.75,1208.56,4.44,1.91,1.5,1100,141.8,22,0.694,,
4375,car,trim_2299,trim_2655,2605.55,1166.95,1898.55,-1429.64,4.45,1.69,1.6,1215,157.8,60,0.684,,
4376,car,trim_8157,trim_7920,1930.58,-639.03,-1603.21,385.78,4.69,1.78,1.44,1005,172.7,55,0.743,,
4377,car,trim_4309,9858060950,889.93,663.59,34.2,471.05,4.82,1.67,1.41,1036,164.1,58,0.812,,
4378,car,trim_7531,trim_4934,-423.66,-1342.48,264.13,-1200.67,4.57,1.81,1.54,1178,165.8,62,0.814,,
4379,car,trim_8023,trim_4442,2165.84,1081.07,1146.34,735.38,4.62,1.66,1.52,1845,166.6,47,0.871,,
4380,car,9852348498,trim_5686,-1432.96,-47.99,2102.41,-1200.34,4.32,1.82,1.53,1762,175.6,27,0.67,,
4381,motorcycle,trim_21,9855679544,-1118.47,-1512.21,188.54,-1654.78,1.85,0.82,1.2,228,110.6,40,0.745,,
4382,bus,11586852594,trim_7383,-757.35,-1038.91,1826.69,-530.74,10.91,2.59,3.52,11119,88.1,72,0.745,,
4383,car,4219134351,trim_5353,209.19,-2035.93,2037.66,-191.59,4.75,1.8,1.43,1228,164.2,55,0.844,,
4384,car,9709086986,trim_9140,-2221.92,300.4,1419.5,1309.81,5.04,1.79,1.41,1455,143.3,27,0.825,,
4385,car,trim_7682,trim_7198,-656.83,-86.17,-1498.13,434.45,4.53,1.76,1.44,1654,160.9,23,0.785,,
4386,car,5170655691,12107569870,1999.85,-59.05,686.17,-107.28,4.87,1.74,1.45,1653,176.2,73,0.939,,
4387,car,trim_1506,9852465874,-1182.32,-1097.58,-1830.92,-1592.33,4.7,1.61,1.45,1597,145.4,69,0.695,,
4388,car,12128950559,12109752103,1726.01,911.92,1367.07,1270.09,4.93,1.7,1.39,1565,172.0,54,0.882,,
4389,motorcycle,trim_1085,9884318197,-1001.56,-338.15,657.61,694.27,2.07,0.89,1.2,196,116.2,28,0.81,,
4390,car,trim_3034,trim_7971,-2481.14,1084.14,-1076.66,291.74,4.1,1.61,1.51,1406,148.4,46,0.737,,
4391,car,9843692462,trim_4395,2140.53,958.71,2499.32,1044.73,4.19,1.68,1.57,1235,163.3,38,0.7,,
4392,car,4225219766,trim_9482,-1237.95,-987.13,430.7,161.24,4.76,1.62,1.57,1260,152.8,79,0.809,,
4393,car,trim_71,trim_8990,384.82,-1106.76,-2139.48,206.13,4.42,1.66,1.56,1243,148.3,29,0.878,,
4394,car,trim_8173,4225172364,2099.64,-506.58,-624.68,309.43,4.14,1.89,1.41,1446,142.2,42,0.675,,
4395,motorcycle,4227743720,trim_8409,1186.43,-1122.08,-1603.68,175.06,2.25,0.66,1.23,121,157.4,16,0.995,,
4396,car,trim_8332,9844249453,-438.36,-1326.1,-1899.48,637,4.43,1.89,1.43,1187,167.2,16,0.845,,
4397,car,4225219829,2960361478,-277.8,-530.59,-1415.86,-879.59,4.41,1.94,1.42,1330,151.1,67,0.83,,
4398,motorcycle,12134115459,trim_7305,-348.37,832.91,-1255.71,-786.59,2.07,0.89,1.06,136,100.6,62,0.83,,
4399,car,trim_3819,trim_2233,-816.5,-1390.03,281.19,-617.11,4.3,1.82,1.57,1852,174.2,28,0.769,,
4400,car,trim_7492,trim_4189,-881.91,158.9,1613.06,-290.25,4.74,1.92,1.46,1237,169.8,55,0.784,,
4401,car,6202105982,trim_6809,1477.91,-560.75,-352.57,632,4.06,1.91,1.39,1650,149.8,52,0.814,,
4402,car,2970305115,9857647474,2174.28,-1274.86,-723.39,-1251.15,4.19,1.61,1.45,1652,154.4,46,0.661,,
4403,bus,trim_7112,9854777606,-2347.88,311.32,-2253.47,-611.59,9.27,2.42,3.14,8102,78.0,33,0.768,,
4404,car,trim_1689,13968415823,-100.44,-1272.91,-1621.44,332.4,4.18,1.69,1.5,1032,155.0,44,0.705,,
4405,car,trim_6818,9843418615,319.71,749.86,1929.94,1248.28,4.44,1.78,1.53,1057,170.8,49,0.871,,
4406,car,trim_2010,trim_2539,-381.3,22.92,-780.63,1468.28,4.86,1.7,1.59,1522,141.7,60,0.829,,
4407,car,trim_2883,trim_4796,-2200.99,684.95,333.59,-1406.47,5.05,1.89,1.6,1817,140.1,32,0.752,,
4408,bus,trim_6810,9857647513,-347.65,632.88,-558.24,-1415.51,11.02,2.46,3.18,10736,97.3,19,0.736,,
4409,car,trim_7509,trim_9175,-1164.12,-876.28,2024.63,752.6,4.02,1.74,1.6,1312,152.9,20,0.841,,
4410,car,trim_4248,2970305438,1399.14,738.56,-917.77,1938.14,5.03,1.9,1.5,1710,168.5,33,0.691,,
4411,car,4225351640,10259407491,1480.5,-484.83,2427.93,-996.88,4.2,1.69,1.36,1359,167.6,29,0.867,,
4412,car,trim_7790,trim_6023,-752.16,-1113.06,-1342.53,1305.36,4.94,1.76,1.6,1665,149.8,46,0.735,,
4413,car,5170798251,9860154372,204.35,-216.44,-1655.27,-361.37,4.74,1.88,1.6,1884,145.9,22,0.894,,
4414,motorcycle,trim_5926,9903339257,2154.72,-1237.07,-15.83,738.85,2.0,0.68,1.1,134,118.8,31,0.717,,
4415,car,11491328437,2960336638,204.05,-1191.04,-1623.19,20.54,4.14,1.7,1.45,1123,150.4,35,0.693,,
4416,car,9843662921,9988011820,2195.76,570.55,-2029.99,-788.67,4.16,1.84,1.58,1050,141.1,40,0.682,,
4417,car,trim_1003,trim_3603,-656.25,-82.72,-251.41,198.81,4.19,1.83,1.4,1596,153.3,78,0.922,,
4418,car,trim_4969,5170801500,255.11,-1527.97,2271.88,583.38,4.37,1.87,1.53,1876,144.7,78,1.029,,
4419,car,9855703026,trim_5620,1600.24,-617.95,-95.72,1213.59,4.31,1.86,1.51,1367,159.5,64,0.721,,
4420,car,9885134832,9852330253,-2439.77,-507.05,-2091.6,184.14,4.59,1.94,1.61,1781,158.3,62,0.704,,
4421,car,trim_6509,11362459497,-51.48,-207.53,-1583.38,-1379.29,4.3,1.79,1.35,1418,163.9,66,0.721,,
4422,car,trim_5074,9858060953,2455.56,390.57,-247.05,487.01,4.06,1.77,1.41,1110,178.8,70,0.817,,
4423,car,9857750346,trim_5413,-600.58,-860.18,1558.22,-483.26,4.46,1.77,1.63,1703,157.2,34,0.723,,
4424,car,9168861181,trim_3044,-1225.87,-868.76,-426.88,264.67,4.74,1.8,1.56,1778,147.8,39,0.823,,
4425,car,trim_9114,trim_9270,1688.89,-60.43,-1801.94,1106.98,4.17,1.7,1.4,1144,147.4,36,0.887,,
4426,car,trim_1709,trim_5439,-163.6,-1466.32,1967.48,-199.45,4.22,1.85,1.37,1450,177.1,38,0.83,,
4427,truck,trim_3045,9852436603,-392.05,181.38,-2232.41,-779.44,8.31,2.45,2.54,11390,91.2,21,0.869,,
4428,car,9843336856,trim_283,1088.48,1803.24,117.96,-441.33,5.1,1.7,1.4,1305,146.4,35,0.713,,
4429,car,trim_9483,trim_8037,424.89,83.13,329.13,614.49,4.49,1.61,1.55,1581,148.8,45,0.876,,
4430,car,trim_9136,2960326538,1416.64,1311.91,-1424.99,390.84,4.38,1.7,1.62,1625,164.5,40,0.699,,
4431,car,9843170048,trim_5022,-1670.86,1230.63,2120,-610.22,4.12,1.92,1.61,1498,172.5,45,0.702,,
4432,car,trim_944,12129753492,-742.97,131.06,-1307,714.37,4.56,1.93,1.46,1562,169.3,18,0.825,,
4433,car,trim_1247,5372152744,-1675.34,-168.72,-2145.98,-1264.01,4.64,1.86,1.45,1434,162.8,23,0.777,,
4434,car,trim_5195,12129299585,1611,-476.87,2046.94,273.37,4.89,1.77,1.42,1667,167.2,17,0.771,,
4435,car,11491235572,12139754114,-959.97,-1642.04,-445.25,1375.94,4.46,1.91,1.52,1543,152.1,54,0.748,,
4436,car,trim_4948,trim_7372,-1392.82,1343.01,2078.49,-595,4.51,1.82,1.46,1669,143.9,47,0.835,,
4437,car,trim_6070,trim_3061,-1548.1,188.64,-32.73,578.56,4.96,1.61,1.54,1343,145.5,33,0.765,,
4438,car,trim_5941,4224981106,132.17,-1437.19,-2615.26,1215.34,4.0,1.66,1.6,1610,154.8,49,0.873,,
4439,car,457278264,2960328325,738.02,143.2,-1683.61,-73.76,4.12,1.83,1.62,1787,154.2,68,0.724,,
4440,car,trim_3984,trim_7667,1057.23,850.15,-103.44,-1.71,4.16,1.83,1.48,1807,160.3,49,0.887,,
4441,car,9852961420,9843813731,-1394.01,-1163.07,2142.91,733.94,4.63,1.71,1.36,1180,172.9,37,0.86,,
4442,car,trim_1885,trim_407,-392.06,-1203.35,-2134.4,135.27,4.36,1.67,1.56,1021,152.8,44,0.685,,
4443,car,9854777614,trim_8409,-2622.63,7.67,-1603.68,175.06,4.07,1.95,1.44,1053,166.6,42,0.77,,
4444,car,12129299583,trim_5703,2047.76,257.53,1143.89,-384.48,4.98,1.85,1.41,1108,164.3,58,0.819,,
4445,car,trim_2738,2970305350,-2418.47,557.09,-936.81,669.95,4.27,1.92,1.54,1804,154.6,25,0.837,,
4446,car,trim_5053,trim_5416,1936.08,-294.58,1624.49,-521.62,5.09,1.66,1.61,1362,163.5,52,0.76,,
4447,car,trim_4753,trim_3738,-1395.61,1061.99,-452.59,-821.97,4.48,1.83,1.55,1261,146.5,68,0.837,,
4448,motorcycle,trim_8577,11143195276,-216.32,-1063.42,2305.24,609.4,1.82,0.9,1.31,179,95.6,21,0.833,,
4449,car,trim_9549,6925898197,-845.12,-1007.93,-1898.64,-1550.11,4.12,1.7,1.6,1261,170.9,63,0.748,,
4450,car,trim_6056,trim_5997,-1371.75,382.32,2368.69,-1351.19,5.04,1.64,1.57,1434,168.7,18,0.746,,
4451,truck,trim_2646,trim_5965,1055.86,-1243.09,231.22,1014.75,6.42,2.32,3.76,12954,83.2,40,0.822,,
4452,car,trim_8434,4225219728,-1058.54,-891.61,-532.53,-1165.93,4.89,1.92,1.4,1028,162.7,42,0.654,,
4453,car,trim_2692,11909810090,-2570.8,866.73,2389.49,-993.79,4.06,1.69,1.39,1053,141.6,51,0.821,,
4454,car,5170637561,5170798233,1387.16,8.33,90.56,243.04,4.03,1.72,1.59,1195,154.6,74,0.877,,
4455,truck,2960358831,7249093945,-2340.09,-519.66,472.2,505.03,8.49,2.53,3.08,13908,89.4,50,0.679,,
4456,car,trim_945,5170630780,-723.74,103.79,2229.68,125.97,4.38,1.63,1.47,1510,144.8,32,0.883,,
4457,car,trim_586,2960312440,-1775.15,690.21,-1080.92,-517.62,4.75,1.62,1.58,1486,144.6,58,0.681,,
4458,motorcycle,trim_7635,2960368334,277.92,-202.52,-1683.53,-901.92,2.15,0.69,1.3,237,107.9,63,0.804,,
4459,car,4219222657,9843687269,1916.73,-1789.73,2413.97,696.59,4.04,1.64,1.61,1867,140.4,48,0.888,,
4460,car,trim_7558,trim_6915,-528.27,-891.63,-1744.11,664.24,4.21,1.71,1.41,1764,141.4,41,0.775,,
4461,car,11633748069,4227798092,2.77,255.03,1770.66,-483.77,4.16,1.75,1.45,1029,165.9,55,0.73,,
4462,car,trim_3609,trim_6201,-694.85,-751.55,-1429.81,-905.27,4.19,1.92,1.51,1393,171.6,70,0.869,,
4463,car,trim_6472,12128950558,1669.21,214.35,1870.69,903.29,4.84,1.68,1.42,1035,166.9,46,0.846,,
4464,car,trim_3717,trim_6292,-622.25,-907.75,-348.45,-966.88,4.65,1.63,1.58,1754,170.9,19,0.913,,
4465,truck,11031788561,9168966417,-387.73,-156.47,1056.02,1208.55,9.03,2.35,3.43,11868,98.2,30,0.898,,
4466,car,2970305421,trim_4776,249.95,1713.76,1026.74,255.8,4.73,1.9,1.54,1465,157.9,55,0.833,,
4467,motorcycle,trim_6966,trim_4712,1969.62,923.61,305.3,-1439.24,2.1,0.88,1.27,230,108.5,40,0.724,,
4468,car,4227743816,4225219721,763.52,728.16,-1162.91,-1181.91,4.05,1.74,1.43,1156,149.7,71,0.866,,
4469,car,trim_1704,5171030821,-159.93,-1465.52,-2332.58,382.89,4.92,1.91,1.51,1791,141.5,24,0.888,,
4470,car,trim_3422,9852331994,749.19,-782.3,-745.14,1010.73,4.7,1.65,1.61,1134,150.8,18,0.924,,
4471,car,12088392788,trim_4756,-2123.9,809,-1581.81,1034.74,4.55,1.78,1.55,1410,160.3,17,0.893,,
4472,car,trim_696,trim_2573,-1445.65,618.09,1566.08,1012.71,4.98,1.69,1.37,1549,148.9,61,0.671,,
4473,car,3887997663,trim_5943,1569.82,1226.46,196.93,-1563.19,4.98,1.67,1.58,1894,158.2,38,0.664,,
4474,car,trim_3456,trim_6496,1186.92,-926.9,336.72,-151.12,4.27,1.75,1.38,1639,165.7,18,0.761,,
4475,car,9857647480,trim_7471,-733.04,-1082.75,1948.78,-1009.81,4.65,1.94,1.57,1611,155.3,67,0.684,,
4476,motorcycle,11983071065,trim_4522,1174.84,1335.14,-938.04,1341.62,2.26,0.75,1.26,226,158.4,18,0.879,,
4477,car,trim_8086,trim_3246,-443.3,-1436.66,357.88,54.05,4.26,1.61,1.52,1592,166.9,77,0.868,,
4478,car,9843135296,trim_7339,-1975.23,715.14,1281.74,150.61,4.83,1.61,1.51,1206,172.2,43,0.854,,
4479,car,6674480301,9168861152,-550.27,605.31,-1372.55,-83.86,5.07,1.62,1.47,1364,179.9,70,0.702,,
4480,motorcycle,trim_4820,trim_6466,224.85,-1175.79,1573.09,423.73,1.98,0.78,1.06,116,148.2,22,0.82,,
4481,car,trim_1571,11491678338,-1244.57,-599.22,-34.38,731.06,4.24,1.75,1.54,1325,167.7,80,1.007,,
4482,car,9168934131,9168986470,2283.82,1370.89,578.27,93.21,4.98,1.92,1.44,1070,163.0,52,0.844,,
4483,car,trim_8324,trim_5652,-310.4,-1297.91,1767.8,482.74,4.29,1.75,1.47,1335,168.0,21,0.76,,
4484,car,11158364721,3840470112,267.24,-531.92,-293.82,1563.81,4.13,1.82,1.38,1808,152.4,42,0.753,,
4485,car,trim_1059,4219222638,-825.71,163.35,2002.86,-1861.54,4.67,1.68,1.6,1084,157.7,27,0.894,,
4486,car,5170849706,trim_2628,-1149.99,1003.61,-1101.98,587.06,4.37,1.61,1.56,1601,141.6,40,0.856,,
4487,car,11056361039,trim_6116,1245.11,475.04,-1391.2,146.58,4.96,1.86,1.38,1737,154.2,32,0.873,,
4488,car,12123907740,trim_9206,-848.88,-226.69,1479.76,695.16,4.06,1.79,1.6,1354,176.3,23,0.703,,
4489,motorcycle,trim_2946,trim_8903,-2156.48,1092.15,2429.59,-884.17,2.08,0.76,1.18,169,156.6,42,0.843,,
4490,car,trim_4217,trim_51,1355.91,769.59,88.37,256.26,4.98,1.69,1.55,1883,159.8,41,0.8,,
4491,car,5170637548,trim_2970,1143.7,180.56,-2192.84,1191.58,4.0,1.64,1.37,1491,170.5,19,0.762,,
4492,car,trim_8542,trim_3125,-788.78,805.4,478.81,-518.76,4.94,1.64,1.42,1129,174.6,80,0.838,,
4493,car,9168881205,trim_4869,2194.93,633.21,919.66,-1377.07,5.0,1.88,1.47,1538,164.6,75,0.837,,
4494,car,11586812711,2960312449,127.85,23.67,-968.16,-29.51,4.59,1.88,1.38,1360,143.4,18,0.865,,
4495,car,trim_6874,trim_5345,-2333.8,833.17,1835.84,-1299.71,4.34,1.91,1.36,1201,163.6,67,0.849,,
4496,car,trim_9664,2960336773,-1286.09,1039.22,-1527.05,170.52,4.16,1.84,1.65,1621,175.3,32,0.758,,
4497,car,9852378911,12129328461,-1950.16,-1021.46,1619.65,384.17,4.3,1.83,1.61,1034,169.0,18,0.926,,
4498,car,trim_3367,11031789566,1052.1,-823.21,-545.67,-196.91,4.71,1.9,1.47,1649,163.4,27,0.827,,
4499,car,trim_2488,trim_4500,105.69,1178.65,1886.09,854.84,4.42,1.78,1.47,1225,179.1,43,0.862,,
4500,car,trim_3409,7249090941,291.95,183.1,175.46,963.05,4.49,1.7,1.41,1546,142.5,21,0.694,,
4501,car,trim_8669,trim_8042,-549.95,770.81,2426.56,-1050.08,4.61,1.74,1.59,1273,150.2,44,0.817,,
4502,car,trim_379,9852318748,-1916.41,145.93,-1420.21,501.18,4.99,1.73,1.54,1033,178.8,23,0.778,,
4503,car,4075646459,11056361046,-1185.78,603.3,1292.34,488.31,4.24,1.86,1.53,1399,170.2,29,0.782,,
4504,car,4227798441,trim_801,1396.96,435.11,-1109.83,178.4,4.28,1.85,1.35,1143,177.3,37,0.811,,
4505,truck,trim_2532,2960328322,-1023.47,1192.29,-1695.04,-56.42,8.05,2.55,2.88,12969,89.8,56,0.667,,
4506,motorcycle,9852465855,trim_9025,-2364.45,-828.06,1147.52,-302.1,1.86,0.85,1.22,220,147.4,68,0.691,,
4507,car,trim_5787,trim_7459,-1753.04,-1013.91,-319.28,606.01,5.04,1.75,1.45,1797,157.8,36,0.826,,
4508,car,4227798341,9857647496,1617.67,212.88,-1090.48,-987.26,4.41,1.75,1.52,1680,148.7,58,0.713,,
4509,car,trim_6061,trim_12,-1194.49,353.03,-2300.77,210.23,4.69,1.71,1.44,1303,167.6,67,0.718,,
4510,car,trim_4021,11362459496,-426.37,-493.47,-1598.49,-1397.1,4.22,1.69,1.64,1891,164.1,18,0.871,,
4511,car,trim_5418,11909810072,809.96,-1479.92,2429.57,-1044.48,4.67,1.74,1.36,1545,156.2,58,0.897,,
4512,car,trim_4998,9843336857,1550.41,-610.87,1086.79,1799.82,4.61,1.91,1.61,1310,177.4,18,0.86,,
4513,car,5170679557,trim_1242,-1298.84,769.26,-1480.14,-358.45,4.66,1.95,1.54,1716,168.2,79,0.919,,
4514,car,9852378890,5170798241,-1984.83,-1012.76,121.21,58.92,4.39,1.78,1.58,1722,176.5,46,0.882,,
4515,car,trim_5610,trim_7511,2439.29,-595.74,-1205.57,-998.57,4.35,1.66,1.51,1543,165.8,48,0.737,,
4516,car,2960361599,trim_147,-1315.39,-578.76,372.45,-748.41,4.56,1.67,1.5,1469,152.2,78,0.968,,
4517,motorcycle,trim_4674,trim_6361,359.92,-1370.78,2182.92,824.93,1.87,0.74,1.21,247,105.6,33,0.661,,
4518,ambulance,9168951446,trim_6669,42.68,-555.45,1417.43,155.08,6.09,2.25,2.43,3922,122.2,70,0.612,a_7035744523,Anand Nursing Home Orthopaedic Centre and Maernity Home
4519,car,2962860505,trim_4147,-149.44,-1152,1557.25,689.86,4.37,1.61,1.45,1875,152.7,65,0.828,,
4520,car,12131201623,4227743777,-834.37,213.88,1370.62,-181.05,4.43,1.76,1.42,1350,150.8,48,0.768,,
4521,car,trim_168,9168854796,334.9,-1002.25,2030.23,1332.47,4.84,1.63,1.48,1202,164.6,71,0.814,,
4522,motorcycle,trim_2178,trim_7483,16.03,-821.76,-1334.1,267.98,1.94,0.87,1.33,214,157.3,49,0.813,,
4523,car,trim_3031,trim_4038,-2299.75,1031.79,740.15,501.82,4.6,1.63,1.51,1626,167.2,79,0.909,,
4524,car,trim_3747,trim_1246,-589.96,-565.42,-1677.81,-164.37,4.43,1.69,1.62,1027,159.7,48,0.841,,
4525,car,trim_4374,trim_7254,2226.33,880.32,-2088.81,-1094.94,4.99,1.62,1.6,1529,153.1,41,0.876,,
4526,car,trim_3161,trim_4859,498.27,381.87,997.02,757.21,5.02,1.83,1.48,1114,160.8,76,0.879,,
4527,car,trim_326,trim_4097,91.78,694.49,1032.91,599.7,4.29,1.65,1.44,1898,170.5,52,0.736,,
4528,car,trim_9559,trim_5559,-341,-609.37,1769.21,-49.84,4.5,1.83,1.35,1115,165.9,36,0.755,,
4529,car,9168854794,trim_7233,2040.13,1272.56,-2248.08,-100.68,4.89,1.87,1.64,1163,148.9,64,0.77,,
4530,car,trim_6808,trim_6566,-531.81,600.1,1010.78,-1067.13,4.5,1.87,1.45,1742,140.6,55,0.796,,
4531,car,12129482866,trim_1589,-1273.77,559.49,-1363,-640.34,5.09,1.8,1.53,1325,154.3,46,0.75,,
4532,bus,12278350542,trim_6125,2333.47,-1344.12,-1293.94,-113.52,12.29,2.44,3.03,11470,83.1,58,0.714,,
4533,car,trim_8830,4225077405,1787.32,-877.87,-2140.22,961.15,4.95,1.73,1.61,1628,164.4,17,0.787,,
4534,car,trim_4522,trim_3744,-938.04,1341.62,-670.28,-702.34,4.72,1.73,1.56,1546,173.4,23,0.718,,
4535,car,5170801497,trim_6042,2203.18,573.47,-1552.23,585.02,4.59,1.92,1.39,1784,158.0,61,0.842,,
4536,car,2960336766,trim_8232,-1297.76,200.53,2245.69,609.12,4.3,1.94,1.58,1202,145.3,75,0.975,,
4537,bus,5170801494,trim_8006,2152.97,595.79,-2.81,964.52,10.11,2.45,3.51,12819,71.8,49,0.855,,
4538,car,4217016591,trim_1178,-333.54,2768.24,-1858.48,84.55,4.01,1.84,1.5,1347,169.0,21,0.785,,
4539,motorcycle,4225077486,trim_2781,-2039.2,1187.09,-2475.96,396.15,1.9,0.87,1.14,209,124.1,55,0.76,,
4540,car,trim_711,n_9709,-1329.42,825.72,725.7118037109694,271.50650258480954,4.12,1.76,1.49,1432,177.7,26,0.735,,
4541,car,trim_6841,trim_4452,-2329.66,330.97,1793.63,190.68,4.92,1.74,1.37,1440,155.1,76,0.971,,
4542,bus,trim_5509,2960361482,2411.9,479.86,-1490.57,-857.75,10.85,2.5,3.04,8120,89.2,43,0.876,,
4543,car,trim_8701,3887993273,-581.99,900.11,1542.97,1015.53,4.93,1.74,1.47,1697,144.8,37,0.728,,
4544,car,trim_7628,4224981097,231.32,3.86,-2652.91,1134.1,4.44,1.85,1.51,1519,169.3,77,0.99,,
4545,car,5171030825,trim_3188,-2244.45,486.27,427.4,-1137.01,5.03,1.63,1.39,1281,162.8,39,0.681,,
4546,car,9844249437,trim_6850,-2196.86,829.3,-2332.53,219.47,4.72,1.91,1.52,1396,179.5,74,0.766,,
4547,car,2962860494,trim_722,-420.87,-1167.35,-1620.37,700.01,4.1,1.69,1.55,1323,164.4,58,0.764,,
4548,truck,trim_3143,12121616906,571.05,14.75,1533.94,1045.66,7.04,2.59,3.8,11574,71.7,19,0.906,,
4549,car,4227798214,trim_8899,1981.3,-61.68,2404.08,-888.62,4.83,1.68,1.48,1226,150.8,52,0.77,,
4550,car,2962860517,7222863949,-270.29,-1127.2,-1040.38,-1407.55,4.83,1.94,1.45,1283,179.7,39,0.887,,
4551,car,2970305417,trim_2556,-711.17,1644.61,2216.14,706.28,4.91,1.72,1.48,1704,178.7,73,0.936,,
4552,motorcycle,trim_761,trim_4903,-1123.14,1031.13,-1391.07,1346.24,2.04,0.76,1.28,140,150.9,42,0.674,,
4553,motorcycle,trim_1707,trim_646,-126.9,-1465.56,-2154.08,389.24,2.25,0.72,1.14,139,118.0,53,0.69,,
4554,car,12128993531,trim_6243,1485.35,688.11,-1395.37,-1393.81,4.94,1.94,1.42,1625,169.5,38,0.854,,
4555,car,trim_3481,trim_5888,418.83,-619.86,-1902.23,-1387.01,4.11,1.72,1.44,1363,153.1,24,0.723,,
4556,car,trim_2475,9858060926,-188.06,1253.81,280.42,251.48,4.67,1.9,1.58,1681,158.8,45,0.674,,
4557,bus,trim_7305,trim_2701,-1255.71,-786.59,-1761.34,574.16,9.01,2.49,3.39,8756,86.6,39,0.66,,
4558,car,trim_2684,13997721309,-2449,-666.04,1951.12,-653.36,4.88,1.68,1.44,1350,176.6,40,0.846,,
4559,motorcycle,9859738796,trim_4919,-432.34,-1280.07,-1589.14,1036.94,2.11,0.78,1.33,256,120.6,71,0.769,,
4560,car,trim_7201,trim_1674,-1446.58,314.21,-341.72,-1443.69,4.92,1.94,1.44,1278,163.2,30,0.658,,
4561,car,trim_7143,trim_6484,-2375.51,222.92,1674.9,-81.26,4.83,1.87,1.61,1685,162.6,19,0.804,,
4562,truck,trim_4798,trim_1392,304.82,-1409.07,-2418.52,-423.8,6.14,2.34,3.79,8240,88.5,33,0.839,,
4563,car,trim_7713,trim_8119,465.25,-645.37,-548.34,694.9,4.91,1.69,1.43,1191,170.4,59,0.663,,
4564,car,trim_6770,9852168739,-535.06,173.11,-2057.32,508.6,4.53,1.91,1.37,1521,148.3,77,0.804,,
4565,car,trim_5271,trim_3381,2141.66,433.49,114.96,-508.01,4.15,1.61,1.5,1651,164.6,40,0.797,,
4566,car,trim_3658,trim_123,-1231.84,-1274.1,-841.94,511.34,4.97,1.92,1.38,1800,171.2,63,0.805,,
4567,car,trim_2225,trim_7091,2206.53,-1492.82,-2334.51,674.5,5.08,1.63,1.52,1677,168.9,65,0.778,,
4568,car,trim_5074,trim_7229,2455.56,390.57,-2138.98,-744.45,4.34,1.94,1.36,1778,153.1,50,0.868,,
4569,car,trim_1015,trim_8497,-788.9,16.94,-1979.76,-1218.53,4.09,1.85,1.41,1738,176.1,43,0.879,,
4570,car,trim_8208,9857647513,-2450.86,1072.85,-558.24,-1415.51,5.01,1.77,1.41,1092,175.3,31,0.878,,
4571,car,trim_4238,trim_5420,1954.1,180.05,1971.82,-890.18,4.63,1.82,1.57,1582,145.2,26,0.84,,
4572,car,trim_588,9868746839,-1807.36,730.59,-785.96,566.28,4.81,1.64,1.46,1892,175.4,22,0.801,,
4573,car,trim_8311,trim_5230,249.89,-1111.94,2420.4,432.88,4.42,1.62,1.54,1285,168.0,32,0.655,,
4574,car,trim_89,trim_3968,705.34,197.21,-451.75,1006.03,4.33,1.82,1.59,1023,162.8,19,0.932,,
4575,car,9859736964,trim_2802,11.8,212.48,-2431.15,1245.46,4.91,1.6,1.58,1306,179.3,43,0.898,,
4576,car,trim_3032,9852378907,-2448.34,1074.65,-2055.83,-1036.96,4.69,1.7,1.53,1328,173.8,41,0.814,,
4577,car,9854777606,11168888659,-2253.47,-611.59,-271.5,274.22,4.54,1.64,1.35,1525,141.3,30,0.743,,
4578,truck,trim_9198,9855693600,1914.16,953.77,1557.45,101.32,10.82,2.6,3.53,8947,75.4,60,0.891,,
4579,car,trim_7458,9859748023,-1791.39,-752.39,455.13,-1250.07,5.02,1.84,1.65,1492,174.3,18,0.956,,
4580,car,11909810197,trim_2250,2407.1,-1184.68,-838.5,509.59,4.55,1.69,1.43,1795,153.2,61,0.895,,
4581,car,9857826582,trim_8947,98.79,-274.98,1123.88,1243.08,4.44,1.86,1.4,1255,173.7,73,0.919,,
4582,car,trim_6498,9852338751,261.19,-40.26,-2046.99,-306.3,4.32,1.63,1.54,1184,148.0,28,0.807,,
4583,car,trim_5508,12130698092,2411.26,484.82,-1093.93,439.69,4.71,1.8,1.56,1733,156.0,72,0.892,,
4584,car,trim_1068,trim_1909,-979.55,-150.17,-160.7,-1143.61,4.75,1.73,1.37,1457,173.3,80,1.013,,
4585,car,trim_3425,trim_7774,-153.07,593.62,-170.36,-548.49,4.96,1.61,1.56,1170,150.4,17,0.778,,
4586,car,trim_6166,2960336711,-1620.53,-665.95,-945.97,472.77,4.74,1.79,1.65,1294,176.5,57,0.771,,
4587,car,trim_6169,trim_9369,-1681.85,-646.71,1415.42,163.17,4.67,1.89,1.51,1173,140.9,73,0.848,,
4588,car,2960299864,trim_6505,-1252.9,-690.66,436.28,-345.19,4.17,1.73,1.52,1499,162.7,55,0.78,,
4589,car,5170637568,12121616905,1499.03,-81.17,1468.99,1036.18,4.07,1.69,1.49,1496,172.2,48,0.894,,
4590,car,trim_7571,trim_8344,-409.4,-788,-535.25,623.65,4.38,1.83,1.63,1013,142.3,25,0.788,,
4591,car,trim_5540,trim_4827,2083.19,526.66,253.91,-1471.1,4.93,1.74,1.5,1030,141.5,51,0.779,,
4592,car,9843437517,trim_8470,1943.04,1251.71,2115.77,1043.74,4.8,1.64,1.61,1869,145.4,40,0.816,,
4593,car,9168850581,trim_8800,-1693.47,784.39,723.12,287.67,4.01,1.85,1.44,1293,152.7,47,0.825,,
4594,truck,trim_3592,5170823228,345.11,530.04,1030.9,407,7.94,2.41,2.6,7958,98.1,73,0.745,,
4595,car,trim_3755,trim_1868,-526.06,-1084.81,-644.52,-498.5,4.67,1.83,1.39,1131,150.2,79,0.992,,
4596,car,trim_3231,trim_9563,130.84,-480.17,-448.75,-556.23,4.94,1.78,1.42,1225,168.1,67,0.857,,
4597,car,2960361593,trim_4704,-1369.21,-705.63,1051.62,271.73,5.02,1.74,1.37,1111,172.7,68,0.929,,
4598,motorcycle,12127352324,12278350543,-840.34,1822.07,2331.15,-1344.39,2.06,0.88,1.35,119,95.4,37,0.827,,
4599,car,10617684761,trim_6314,1304.06,267.71,1634.18,1442.57,4.03,1.75,1.52,1343,179.3,65,0.813,,
4600,truck,9168883566,trim_5325,-1521.24,-1374.53,2266.68,233.08,7.12,2.46,3.34,15828,75.8,80,0.877,,
4601,car,10259407487,5170799979,2450.23,-1059.87,2134.42,537.55,4.34,1.74,1.4,1722,140.9,78,0.846,,
4602,motorcycle,trim_3476,12889145976,-490.24,111.53,-1385.76,331.41,1.83,0.9,1.23,259,141.1,17,0.856,,
4603,car,trim_6767,9884318198,-552.14,271.82,653.13,702.59,4.01,1.87,1.63,1873,146.5,24,0.759,,
4604,car,trim_5113,9843084749,2445.73,591.93,-2277.34,858.93,4.17,1.93,1.5,1077,168.0,78,0.826,,
4605,car,9854981033,trim_4454,1955.96,-482.69,1734.71,122.93,5.05,1.89,1.46,1072,178.3,60,0.835,,
4606,car,11362459496,11491162936,-1598.49,-1397.1,-210.36,-1064.09,4.63,1.86,1.57,1076,153.6,27,0.788,,
4607,motorcycle,trim_813,12109729954,-629.34,609.18,1868.18,1253.7,2.16,0.85,1.11,174,107.3,56,0.685,,
4608,car,trim_284,trim_2854,142.24,-458.93,-1906.19,662.41,4.22,1.79,1.39,1699,159.2,37,0.792,,
4609,bus,11176419171,4224981012,-621.78,-514.72,-2352.33,656.01,9.57,2.58,3.37,11861,83.8,38,0.746,,
4610,truck,2960326604,trim_2275,-1897.24,21.44,1076.42,882.5,9.92,2.37,2.84,5360,88.8,78,0.909,,
4611,car,9843848028,trim_5224,2425,672.34,2422.31,53.6,4.12,1.73,1.58,1342,168.9,45,0.665,,
4612,motorcycle,12096791260,trim_5233,1105.66,82.31,2172.58,-754.54,2.22,0.7,1.06,127,94.6,70,0.776,,
4613,car,trim_4376,9168959370,2204.58,850.58,1423.9,-303.01,4.09,1.69,1.54,1452,175.0,19,0.951,,
4614,motorcycle,trim_3146,trim_4180,600.29,14.2,2024.84,838.26,2.13,0.8,1.31,244,157.6,19,0.946,,
4615,car,5170787194,4227743911,1768.67,482.89,-1529.38,1504.75,4.06,1.71,1.49,1561,166.0,73,0.904,,
4616,car,trim_6357,trim_7121,2301.37,1268.41,-2422.13,221.42,4.74,1.75,1.58,1070,148.5,17,0.984,,
4617,car,3887993269,trim_9638,1555.28,1009.76,-1302.32,1010.63,4.86,1.82,1.46,1151,157.9,67,0.718,,
4618,car,trim_8719,trim_7016,-728.48,1167.1,-2420.33,597.43,4.56,1.93,1.48,1820,164.6,52,0.775,,
4619,motorcycle,trim_8391,trim_6031,-1389.53,-119.13,-1228.49,1222.67,2.27,0.74,1.11,117,94.6,77,0.974,,
4620,car,trim_6248,11176510327,-1394.34,-1397.13,-1073.56,-922.67,4.31,1.65,1.56,1839,169.0,46,0.812,,
4621,car,trim_6671,trim_3932,1165.22,30.63,850.46,-170.5,4.84,1.63,1.44,1191,156.3,25,0.758,,
4622,car,trim_6845,9852885056,-2294.09,266.85,-1433,-1196.95,4.95,1.91,1.49,1610,176.4,68,0.826,,
4623,car,2960361433,9844227426,-2461.14,-403.53,-2178.61,729.12,4.13,1.81,1.51,1646,153.2,24,0.848,,
4624,car,9168881195,trim_3376,2042.57,543.42,500.6,189.66,4.54,1.92,1.39,1525,176.5,79,0.819,,
4625,ambulance,trim_691,trim_844,-1241.29,716.6,-1484.52,49.64,5.87,2.28,2.58,2864,132.1,42,0.551,a_7036050227,"Nagar Hospital, Ghaziabad"
4626,car,9860068754,4225219789,826.62,-1357.99,-594.54,-857.33,4.92,1.72,1.5,1649,151.4,64,0.835,,
4627,car,trim_1713,trim_5500,-239.89,-1417.56,1295.58,-117.05,4.49,1.88,1.49,1496,153.9,19,0.84,,
4628,motorcycle,9852378893,trim_6324,-2044.55,-1001.05,1894.31,1321.12,2.12,0.76,1.07,243,147.3,79,0.922,,
4629,motorcycle,trim_1113,trim_6998,-1463.03,233.25,2135.16,939.6,1.94,0.67,1.31,234,144.2,48,0.692,,
4630,car,trim_6997,trim_5506,2137.52,943.97,2406.81,524.87,4.49,1.89,1.47,1385,142.1,55,0.785,,
4631,car,9843084749,trim_446,-2277.34,858.93,-2107.62,-553.51,5.1,1.76,1.39,1472,156.3,37,0.835,,
4632,car,11491328440,2960299956,199.45,-1106.07,-1269.43,512.88,4.71,1.7,1.48,1259,156.7,53,0.744,,
4633,ambulance,9885134827,trim_6428,-2458.11,-490.46,1954.43,465.51,5.96,2.07,2.84,3784,145.6,29,0.529,a_7173737316,DISTRICT MMG MALE HOSPITAL
4634,motorcycle,trim_2904,trim_4359,-2135.82,1057.01,1222.15,745.01,2.23,0.68,1.12,160,134.0,61,0.736,,
4635,car,trim_6093,trim_6755,-1239.93,719.3,-662.65,367.92,4.5,1.88,1.57,1541,168.8,76,0.983,,
4636,car,trim_1259,trim_7755,-1424.5,163.12,-981.42,-470.93,4.92,1.82,1.46,1872,141.1,18,0.758,,
4637,car,trim_5583,trim_7870,1667.75,-186,699.65,512.36,4.85,1.69,1.4,1155,154.1,38,0.677,,
4638,car,trim_5682,trim_4129,1554.49,-613.47,-394.34,1051.97,4.69,1.73,1.48,1114,142.1,62,0.735,,
4639,car,2960326551,2960312502,-1522.74,361.15,-1136.54,-218.14,4.18,1.9,1.38,1422,165.4,61,0.758,,
4640,car,2970305245,trim_1046,1500.22,-587.82,-950.62,113.13,4.44,1.92,1.58,1674,148.6,55,0.689,,
4641,motorcycle,9852371323,trim_9022,-1714.27,-687.83,1084.98,222.24,2.19,0.66,1.09,151,90.2,53,0.876,,
4642,car,trim_6014,trim_4288,-1504.68,1187.76,1590.01,-326.71,4.41,1.65,1.37,1746,167.5,51,0.778,,
4643,car,trim_2803,trim_8412,-2412.34,1228.43,-1458.66,-129.12,4.69,1.76,1.42,1153,141.3,46,0.898,,
4644,car,9843592171,12124282219,2065.36,611.49,-1105.88,-1000.85,4.63,1.74,1.6,1560,171.6,23,0.744,,
4645,car,trim_1944,2960299911,-488.41,-1460.07,-2249.95,1334.43,4.8,1.61,1.62,1349,165.1,58,0.879,,
4646,car,trim_853,9854981023,-1024.64,49.14,1759.04,-597.63,4.3,1.72,1.42,1225,176.3,25,0.676,,
4647,car,2960361466,9852436584,-1511.95,-818.83,-2195.81,-1005.5,4.88,1.88,1.55,1030,162.8,78,0.881,,
4648,car,11001416253,trim_5996,-1960.47,-1486.49,2366.16,-1355.51,4.06,1.88,1.39,1851,143.9,62,0.68,,
4649,car,9168883573,5170679557,-838.92,-1176.01,-1298.84,769.26,4.35,1.81,1.49,1713,175.6,68,0.687,,
4650,car,trim_993,trim_4894,-541.61,-198.19,-1243.45,1280.78,4.39,1.63,1.43,1717,150.8,38,0.695,,
4651,car,trim_2949,trim_3856,-2070.99,975.72,-766.57,-1140.41,4.05,1.7,1.37,1616,177.3,74,0.782,,
4652,car,trim_229,trim_4510,856.62,333.55,-758.31,1321.09,4.51,1.82,1.63,1783,176.5,40,0.833,,
4653,car,trim_7062,trim_8851,-2120.42,724.72,2451.02,-1045.03,4.18,1.85,1.36,1438,155.7,76,0.927,,
4654,ambulance,trim_4329,9859639837,796.88,358.46,-402.96,-284.48,5.95,2.06,2.63,4251,122.3,29,0.466,b_1360703247,Hospital (building b_1360703247)
4655,truck,4227798212,trim_8183,1332.24,-66.13,-1889.41,-1395.31,9.92,2.35,3.71,6654,76.2,44,0.741,,
4656,car,9855014983,9859566831,1559.76,-429.33,747.29,-185.36,4.23,1.77,1.36,1258,161.0,19,0.809,,
4657,car,4227798432,2960312531,2257.14,316.54,-1326.01,-156.08,4.21,1.7,1.55,1359,150.0,20,0.75,,
4658,car,4225324839,9168953545,2532.31,847.88,338.34,-1573.1,4.19,1.64,1.57,1330,165.2,32,0.767,,
4659,motorcycle,trim_5281,trim_9085,2109.35,-92.63,1774.7,-264.17,2.13,0.79,1.07,128,151.9,64,0.669,,
4660,car,4225172454,trim_7696,473.1,559.83,-323.46,-60.45,4.91,1.87,1.44,1602,142.9,35,0.891,,
4661,car,trim_9467,4227743973,23.31,-1229.95,-1006.47,2649.39,4.73,1.83,1.65,1237,143.3,21,0.839,,
4662,car,trim_8167,2970305306,2006.07,-549.68,1574.56,-181.26,4.54,1.9,1.4,1594,158.3,20,0.763,,
4663,car,9168959376,trim_4088,1500.91,-26.47,1463.24,623.34,4.45,1.89,1.4,1854,172.7,51,0.749,,
4664,car,trim_9699,2960336635,2133.27,-1048.68,-1606.45,14.42,4.36,1.95,1.47,1265,170.4,61,0.868,,
4665,car,trim_7727,7249090936,309.58,-948.51,201.4,1093.38,4.65,1.92,1.45,1354,149.4,39,0.818,,
4666,motorcycle,4225076184,trim_3261,-1999.59,892.9,-124.56,307.16,1.84,0.68,1.33,186,98.0,60,0.801,,
4667,car,trim_8306,trim_6697,628.9,-725.63,1193.97,1231.8,4.5,1.88,1.52,1365,151.6,33,0.841,,
4668,car,9168946281,9859748037,1659.91,401.14,-179.78,-736.94,4.93,1.65,1.45,1492,142.8,72,0.803,,
4669,motorcycle,7222770490,4224980840,199.18,-1569.74,-1912.72,447.73,2.28,0.75,1.22,166,123.9,36,0.817,,
4670,car,trim_7803,trim_6792,153.19,-1412.26,383.64,1011.19,4.92,1.91,1.51,1776,149.4,71,0.714,,
4671,car,trim_2510,11499377132,534.25,1263.95,-412.39,1381.79,4.24,1.95,1.43,1462,169.3,40,0.768,,
4672,motorcycle,9168965310,4224980993,1445.43,353.54,-2212.95,578.14,2.23,0.68,1.34,196,149.6,69,0.821,,
4673,car,trim_101,2960336772,90.67,675.65,-1454.02,236.02,4.57,1.79,1.36,1530,156.7,46,0.663,,
4674,car,2960336803,trim_4278,-1160.39,-251.28,1938.58,-343.68,4.89,1.77,1.46,1554,167.7,18,0.81,,
4675,car,9859738790,trim_22,-578.98,-1239.72,-1114.62,-1515.41,4.68,1.8,1.42,1200,172.1,49,0.686,,
4676,car,trim_9159,5170637554,2409.23,650.28,1281.61,91.4,4.88,1.7,1.6,1449,162.7,38,0.808,,
4677,car,12143948728,trim_7312,1043.13,906.24,-2509.21,-25.17,5.09,1.85,1.54,1787,153.1,36,0.775,,
4678,car,trim_3031,2960361493,-2299.75,1031.79,-1407.38,-998.57,4.96,1.81,1.57,1685,177.6,43,0.685,,
4679,car,trim_4134,trim_7248,2463.72,843.88,-2290.57,-924.9,4.75,1.66,1.62,1077,179.7,60,0.803,,
4680,motorcycle,3004576902,2960312465,641.3423881183431,796.1260088170965,-1220.64,90.47,2.25,0.75,1.08,185,131.3,80,1.005,,
4681,car,9857115609,6674480294,-2285.34,-1030.85,-572.63,575.48,4.59,1.85,1.43,1562,149.2,38,0.759,,
4682,car,trim_9689,trim_474,2102.24,-1083.47,-2408.2,2.13,4.33,1.89,1.41,1323,150.4,65,0.772,,
4683,bus,9852405420,trim_240,-2218.5,-145.42,1123.11,442.36,11.41,2.54,3.29,9112,74.4,56,0.899,,
4684,car,trim_5494,5170823227,2339.12,322.59,1014.98,400.06,4.35,1.87,1.47,1779,147.5,39,0.792,,
4685,motorcycle,12123899062,trim_684,-1699.48,-1018.89,-1606.48,623.93,1.93,0.67,1.3,169,147.0,24,0.756,,
4686,car,11491678313,trim_2453,95.98,910.2,-2377.57,760.33,4.19,1.94,1.6,1705,175.1,44,0.7,,
4687,car,9883041805,4227743919,-1974,1860.99,-1440.2,1786.8,4.89,1.6,1.57,1307,158.6,35,0.81,,
4688,car,trim_6845,trim_2837,-2294.09,266.85,-2368.91,583.77,4.82,1.92,1.49,1879,143.7,26,0.703,,
4689,car,9852414801,trim_4208,-2477.03,-816.02,1097.89,320.46,4.72,1.76,1.41,1516,163.3,27,0.784,,
4690,car,trim_2449,4227743815,-2424.82,597.83,951.44,649.63,5.02,1.9,1.58,1844,157.3,59,0.899,,
4691,motorcycle,trim_1378,trim_1793,-2028.66,-604.36,-63.54,-910.83,2.28,0.76,1.31,173,151.2,61,0.805,,
4692,motorcycle,trim_782,trim_8966,-1329.65,-461.05,-896.82,876.95,1.84,0.89,1.18,234,131.0,67,0.685,,
4693,car,9855703026,trim_4433,1600.24,-617.95,1229.94,115.11,4.22,1.7,1.44,1638,171.7,60,0.822,,
4694,car,trim_1764,11909810087,-93.67,-1488.51,2412.37,-990.3,4.26,1.83,1.57,1177,167.2,35,0.724,,
4695,car,n_9709,11158364769,725.7118037109694,271.50650258480954,-346.06,-1434.89,4.46,1.75,1.39,1421,170.6,50,0.687,,
4696,car,12144133551,trim_9487,922.1,444.99,216.99,-330.09,4.94,1.84,1.39,1581,172.4,77,0.818,,
4697,car,12130698095,trim_200,-1052.68,413.97,108.93,-730.86,4.73,1.91,1.55,1025,149.3,72,0.771,,
4698,car,12098345444,trim_4213,-1810.63,1287.47,1321.67,675.75,4.11,1.83,1.53,1329,149.5,57,0.654,,
4699,car,trim_1534,trim_4688,-1047.71,-1050.71,1441.2,-52.09,4.26,1.77,1.36,1283,169.4,57,0.672,,
4700,truck,trim_5386,9843521239,1310.5,432.3,1881.81,897.49,9.9,2.52,3.78,12799,99.9,24,0.824,,
4701,car,trim_7643,trim_3180,157.27,-133.42,-149.49,323.45,4.74,1.82,1.37,1900,149.2,41,0.84,,
4702,car,trim_2655,12129753496,1898.55,-1429.64,-1390.41,731.51,4.69,1.85,1.61,1779,148.4,80,1.036,,
4703,car,trim_9093,trim_4191,1580.74,-343.36,1456.83,828.68,4.33,1.77,1.47,1514,145.6,34,0.658,,
4704,car,11272173879,trim_244,-867.51,732.76,1308.65,455.09,4.63,1.83,1.62,1229,170.9,21,0.693,,
4705,car,9168850596,trim_3987,-1560.91,565.02,1668.82,952.28,4.38,1.64,1.52,1516,167.5,28,0.839,,
4706,truck,9852168740,9852893355,-2054.54,504.81,-1403.16,261.85,9.09,2.33,3.47,9061,78.8,41,0.677,,
4707,car,4225324782,trim_9206,705.85,700.72,1479.76,695.16,4.27,1.75,1.38,1195,160.7,71,0.738,,
4708,car,trim_5438,trim_2692,1966.92,-194.48,-2570.8,866.73,4.51,1.7,1.47,1388,157.2,17,0.85,,
4709,car,12098320584,11983071065,-1640.94,1351.61,1174.84,1335.14,4.02,1.86,1.59,1748,155.3,26,0.682,,
4710,car,3004576882,6202106497,721.61,-9.45,1500.71,-1239.33,4.53,1.75,1.58,1769,178.5,25,0.694,,
4711,car,trim_2922,trim_1619,-1801.63,1307.78,-1766.17,-560.96,4.58,1.87,1.44,1000,167.5,73,0.765,,
4712,car,trim_5831,4227743920,-813.21,579.1,-1420.99,1808.7,4.49,1.65,1.37,1080,157.2,41,0.666,,
4713,car,trim_1607,trim_9356,-1364.54,-637.06,860.77,831.67,4.71,1.91,1.52,1797,158.1,65,0.823,,
4714,ambulance,13968415817,trim_626,-1611.12,277.74,-2150.51,596.95,6.46,2.0,2.75,2734,152.8,62,0.536,b_352921089,Santosh hospital
4715,ambulance,trim_3341,9857647471,-248.45,-188.74,-694.88,-1252.88,5.62,2.29,2.55,2502,135.6,29,0.559,b_353140064,Shree Parshvanath Digambar Jain Charitable Hospital
4716,bus,10259407507,trim_1996,2387.82,-1039.32,-54.3,20.72,9.82,2.57,3.54,9631,76.8,75,0.781,,
4717,motorcycle,11168882736,trim_353,-158.77,621.42,-1761.04,488.18,1.97,0.74,1.2,198,94.0,53,0.672,,
4718,car,trim_4344,trim_6320,1547.67,279.05,1951.25,1255.47,5.03,1.86,1.53,1353,156.3,23,0.705,,
4719,car,trim_4860,trim_6070,1001.94,758.09,-1548.1,188.64,4.35,1.78,1.51,1171,177.6,35,0.804,,
4720,car,9843204337,trim_7075,-1432.62,1411.6,-2123.32,853.34,4.56,1.91,1.61,1182,154.4,62,0.804,,
4721,car,trim_7841,trim_6292,2166.11,1068.1,-348.45,-966.88,4.67,1.91,1.49,1223,154.5,66,0.836,,
4722,motorcycle,trim_4739,trim_4608,-1262.42,1194.79,-405.39,1124.06,1.87,0.73,1.28,258,105.9,68,0.729,,
4723,car,trim_7137,trim_6573,-2343.83,265.25,653.64,-1375.72,4.55,1.63,1.49,1104,172.3,63,0.865,,
4724,car,trim_9385,trim_4235,-1310.63,449.08,1917.4,217.86,4.66,1.72,1.64,1545,177.0,22,0.756,,
4725,car,trim_8077,trim_1049,-654.49,862.28,-930.6,85.5,4.68,1.78,1.55,1546,161.5,46,0.845,,
4726,car,trim_3684,4225172407,-479.01,-713.2,-191.14,396.44,4.63,1.76,1.4,1300,167.8,51,0.68,,
4727,car,trim_8967,trim_9368,-754.62,897.5,1429.29,180.09,4.77,1.87,1.44,1197,152.5,31,0.716,,
4728,car,trim_3341,9843418614,-248.45,-188.74,2032.55,1326.83,4.28,1.85,1.64,1030,156.1,65,0.687,,
4729,truck,4225324717,2970305377,983.56,336.52,141.23,1022.71,11.72,2.41,2.84,8402,98.5,63,0.69,,
4730,car,trim_177,12121616908,190.63,62.97,1538.33,1046.07,4.53,1.84,1.65,1711,148.0,48,0.88,,
4731,car,trim_7109,4225172429,-1230.6,1252.66,-0.18,481.45,5.03,1.88,1.42,1868,171.6,72,0.863,,
4732,car,trim_3488,trim_2819,-353.01,256.95,-2235.63,708.77,4.35,1.83,1.35,1025,168.2,61,0.842,,
4733,car,12901340306,trim_7497,227.41,-301.33,-983.55,-354.95,4.94,1.61,1.4,1720,149.1,68,0.706,,
4734,car,trim_3613,trim_6836,-805.13,-659.41,-2266.78,274.55,4.3,1.85,1.37,1045,146.1,35,0.685,,
4735,car,trim_2476,trim_228,-45.35,1279.27,851.99,331.66,4.91,1.63,1.56,1556,140.2,61,0.661,,
4736,car,trim_1203,trim_1505,-1778.94,-386.81,-1184.84,-1101.87,4.1,1.75,1.62,1746,157.8,23,0.827,,
4737,car,trim_3377,trim_4250,499.75,113.47,1405.25,696.06,4.14,1.77,1.41,1556,150.1,79,0.876,,
4738,car,9858060970,trim_1172,539.86,-208.68,-1699.8,63.89,4.32,1.73,1.51,1255,173.0,45,0.699,,
4739,car,9857647469,4227798286,-687.44,-1282.2,2289.56,50.02,4.85,1.9,1.52,1802,175.4,69,0.776,,
4740,car,trim_8674,trim_9,-521.37,840.23,-2254.96,265.32,4.23,1.7,1.41,1048,145.5,27,0.702,,
4741,truck,trim_6974,12141557824,2088.74,589.61,-2313.8,1389.27,10.77,2.42,3.5,7801,95.7,49,0.851,,
4742,car,trim_438,trim_7415,-2468,0.99,1538.73,106.05,4.4,1.86,1.42,1896,177.1,31,0.891,,
4743,car,12144024512,11237649540,1154.84,1187.81,-1941.93,636.01,4.81,1.82,1.41,1256,167.5,45,0.884,,
4744,car,11491502776,2960312468,293.73,-1272.79,-1217.31,81.83,4.05,1.87,1.6,1824,144.4,35,0.858,,
4745,car,trim_134,trim_1329,241.53,-673.69,-975.98,-258.7,4.94,1.66,1.59,1603,175.4,40,0.792,,
4746,truck,5170637564,11158364718,1421.9,-28.29,57.43,-815.23,9.17,2.41,3.79,12324,73.4,26,0.815,,
4747,car,2960361513,9852436584,-679.58,-1393.51,-2195.81,-1005.5,4.6,1.93,1.37,1833,149.4,46,0.872,,
4748,car,trim_7956,trim_2122,-474.75,1046.43,1018.84,1204.51,4.53,1.6,1.55,1718,166.8,61,0.762,,
4749,car,trim_4828,trim_6348,-301.67,-661.31,1750.57,787.93,4.26,1.73,1.44,1593,176.1,40,0.737,,
4750,car,trim_455,4225077486,-2120.98,-323.03,-2039.2,1187.09,4.76,1.78,1.42,1882,168.1,36,0.727,,
4751,car,trim_5915,trim_2748,-1755.52,-1267.55,-2066.82,514.63,4.17,1.78,1.43,1561,142.3,25,0.769,,
4752,car,trim_6455,2960326199,2035.85,225.34,-922.2,-448.09,4.08,1.71,1.53,1541,140.9,40,0.806,,
4753,car,trim_6791,trim_7181,293.73,869.48,-2022.84,270.68,4.53,1.78,1.46,1217,153.6,27,0.656,,
4754,car,trim_2857,trim_5598,-1886.15,552.92,2150.74,350.18,4.24,1.92,1.41,1346,179.5,43,0.887,,
4755,car,10259407499,6673295945,2317.4,-1000.17,-772.26,742.28,4.74,1.9,1.56,1519,155.6,37,0.709,,
4756,car,2970305417,trim_5404,-711.17,1644.61,707.57,1472.8,4.6,1.85,1.57,1024,140.1,30,0.895,,
4757,car,12143932398,11199252720,670.59,854.9,-2021.1,-1263.45,4.76,1.88,1.46,1279,171.0,55,0.773,,
4758,car,4225324698,trim_29,878.5,276.41,-713.58,-1841.55,4.49,1.62,1.38,1655,167.7,75,0.753,,
4759,car,trim_5248,trim_6778,2072.33,-49.42,627.69,245.31,4.15,1.64,1.55,1411,164.6,22,0.683,,
4760,car,trim_7177,4227798266,-2372.2,47.68,1969.78,37.21,4.82,1.82,1.63,1477,163.0,19,0.95,,
4761,car,trim_4074,trim_6538,984.36,-68,664.15,-1132.11,4.01,1.7,1.57,1207,159.5,24,0.664,,
4762,car,2970305246,trim_780,1482,-585.5,-1222.41,-486.59,4.97,1.76,1.53,1736,157.9,61,0.871,,
4763,car,trim_8459,trim_5684,1924.41,644.32,1791.99,-857.39,4.47,1.76,1.54,1444,164.3,43,0.702,,
4764,motorcycle,9852378897,9852338761,-2004.67,-839.34,-2068.28,-272.7,1.89,0.74,1.21,174,148.5,38,0.68,,
4765,car,trim_5161,trim_2762,1580.53,-446.99,-2309.57,690.18,4.31,1.66,1.61,1193,154.6,60,0.79,,
4766,car,trim_1277,trim_1099,-1261.49,334.03,-928.25,-355.33,5.04,1.94,1.63,1358,142.6,37,0.799,,
4767,car,9857750352,9843433155,-777.95,-834.52,1164.83,616.51,4.93,1.61,1.62,1510,175.0,25,0.838,,
4768,car,9843368469,9852290908,-1689.53,588.33,277.64,1130.32,5.01,1.87,1.48,1176,158.1,38,0.737,,
4769,bus,11021787730,11909810190,-2456.29,951.01,2383.11,-884.22,11.69,2.47,3.26,9870,84.9,69,0.836,,
4770,bus,9852463819,trim_2808,-2480.1,-742.77,-2040.81,441.46,10.13,2.5,3.43,9929,86.8,62,0.885,,
4771,car,2960361534,trim_6875,-1076.95,-595.19,-2329.24,831.12,4.51,1.86,1.52,1831,174.6,24,0.675,,
4772,car,trim_2514,trim_1297,419.79,1381.25,-1318.03,311.82,4.01,1.82,1.61,1759,156.5,74,0.741,,
4773,car,11491162934,trim_5102,-189.93,-1089.23,1621.91,-457.02,4.47,1.73,1.53,1556,141.9,22,0.846,,
4774,car,12278350546,9843336875,2285.74,-1289.48,1260.64,1543.93,4.44,1.89,1.56,1565,148.8,39,0.776,,
4775,car,trim_5655,trim_4820,-2091.32,-1109.22,224.85,-1175.79,4.33,1.75,1.58,1297,174.4,36,0.657,,
4776,car,trim_5823,9168959379,-687.08,704.75,1027.82,-243.82,4.2,1.66,1.41,1698,149.0,17,0.814,,
4777,car,trim_9541,9857826599,-906.47,-1162.57,273.1,-112.04,4.79,1.69,1.6,1881,175.2,33,0.875,,
4778,car,trim_113,4227798466,-321.31,603.12,2052.89,496.23,4.36,1.85,1.62,1264,158.6,76,0.918,,
4779,motorcycle,trim_2154,trim_7627,1903.31,775.11,306.01,64.67,1.85,0.82,1.38,151,142.8,46,0.833,,
4780,ambulance,4225324816,2970305363,1136.85,802.27,103.88,845.75,5.81,2.27,2.85,2954,140.0,53,0.593,b_9710,Hospital (building b_9710)
4781,car,trim_913,9168897689,-1168.79,-79.3,-302.86,-871.81,4.66,1.81,1.58,1390,153.9,60,0.881,,
4782,car,trim_1293,2960312537,-1291.43,312.71,-1271.59,-68.64,4.66,1.72,1.39,1644,166.1,57,0.67,,
4783,car,trim_7931,trim_8670,-1271.58,-1389.88,-520.67,825.21,4.76,1.62,1.38,1601,170.2,74,0.802,,
4784,truck,trim_1794,trim_3917,-115.45,-885.54,1790.08,190.85,6.48,2.57,3.05,7309,95.5,28,0.882,,
4785,car,2960361555,trim_6385,-1040.31,-604.52,2021.7,754.6,4.74,1.7,1.65,1290,170.1,29,0.805,,
4786,truck,12098345438,9885134827,-1725.42,1488.15,-2458.11,-490.46,9.89,2.38,2.54,12753,88.5,62,0.844,,
4787,car,trim_5184,12139823103,1175.99,-82.14,2038.64,-1445.62,5.0,1.95,1.46,1662,146.7,18,0.919,,
4788,motorcycle,trim_5573,trim_8536,1741.36,-414.39,-1752.03,-1267.33,2.14,0.88,1.33,241,103.1,68,0.76,,
4789,car,trim_7960,6925898202,-454.99,916.23,-1807.64,-1573.35,4.92,1.79,1.4,1296,168.2,55,0.68,,
4790,car,trim_6525,trim_7406,-331.32,-494.84,1988.58,139.42,4.67,1.8,1.49,1751,170.4,16,1.046,,
4791,car,11491066037,5170849701,-247.11,-1497.17,-1609.58,639.8,4.91,1.8,1.46,1812,179.5,67,0.693,,
4792,car,9857826603,trim_7083,378.56,93.73,-2257.46,1363.93,4.65,1.64,1.58,1735,146.9,49,0.847,,
4793,car,trim_7950,4227743781,-622.34,1160.54,1547.77,-109.5,4.42,1.81,1.64,1706,163.5,62,0.785,,
4794,car,9857157135,trim_2856,1159.43,-181.73,-1897.97,630.35,4.51,1.62,1.47,1557,145.3,33,0.754,,
4795,car,trim_3831,trim_8197,-540.6,-1013.43,-1013.43,710.99,4.12,1.73,1.52,1604,150.1,19,0.819,,
4796,car,trim_2348,trim_1714,-2109.35,-710.61,-282.99,-1384.93,4.58,1.66,1.48,1017,146.8,44,0.739,,
4797,car,trim_8545,trim_9047,-12.36,-62.07,-1190.29,1231.04,4.15,1.92,1.58,1233,179.7,65,0.796,,
4798,car,trim_9519,9852338744,1703.93,779.51,-2026.36,-148.51,4.52,1.85,1.53,1793,162.5,70,0.75,,
4799,car,trim_354,trim_2054,-1729.65,493.77,1759.53,1538.97,4.62,1.78,1.57,1533,143.4,76,0.983,,
4800,car,2960312570,trim_2882,-467.17,-219.68,-1801.81,475.3,4.96,1.64,1.5,1567,166.5,27,0.68,,
4801,car,trim_5497,trim_6420,2388.16,330.24,2345.44,589.63,4.88,1.81,1.61,1843,148.3,28,0.716,,
4802,car,trim_9092,trim_5038,1578.68,-347.91,2348.76,-675.96,4.09,1.92,1.35,1419,170.3,28,0.686,,
4803,car,1680212832,9843135290,-1715.81,679.09,-1995.92,889.35,4.85,1.75,1.42,1459,170.4,21,0.86,,
4804,car,trim_3740,trim_3507,-695.96,-748.26,11.14,-195.01,4.21,1.93,1.4,1045,160.3,34,0.695,,
4805,ambulance,2960361528,9859596006,-960.62,-768.61,-991.22,-533.43,5.81,2.16,2.7,3933,154.5,30,0.601,bn_6888421987,Hospital (building bn_6888421987)
4806,car,2960336710,trim_1662,-943.7,472.5,-2260,-62.24,4.96,1.8,1.47,1230,154.1,30,0.851,,
4807,car,11377440651,trim_7156,-2007.24,-1452.17,-2186.96,114.34,4.32,1.65,1.61,1892,163.6,17,0.946,,
4808,car,trim_1758,trim_1112,-364.19,-1554.55,-1507.71,138.28,4.21,1.7,1.39,1688,159.9,31,0.785,,
4809,car,9852338745,12130804689,-2026.17,-154,-1074.74,196.67,4.91,1.94,1.61,1707,149.5,79,0.959,,
4810,car,4225324643,trim_2643,824.93,-8.25,809.91,-1476.48,4.04,1.95,1.62,1756,169.6,76,0.903,,
4811,motorcycle,trim_8285,9859655315,1416.42,570.93,316.91,-1248.09,2.2,0.67,1.13,147,114.3,30,0.708,,
4812,car,trim_6084,trim_4989,-1903.05,1001.38,1639.34,-493.68,4.84,1.62,1.54,1301,146.2,78,0.934,,
4813,motorcycle,2970305425,2970305345,-124.6,1750.01,656.79,604.89,2.3,0.75,1.08,168,121.6,22,0.754,,
4814,car,trim_567,9857465288,-1651.13,374.28,-1024.02,492.93,4.15,1.64,1.39,1009,173.6,64,0.758,,
4815,ambulance,2960312447,trim_8503,-616.15,-431.74,-127.72,-1129.82,6.14,2.1,2.77,3278,153.1,32,0.479,bn_6888421988,Hospital (building bn_6888421988)
4816,car,12109713186,12129003159,1735.99,1446.63,2335.49,42.94,4.98,1.72,1.54,1090,149.6,48,0.881,,
4817,car,4225172438,trim_8334,-281.69,490.62,-371.73,760.44,5.01,1.94,1.61,1522,141.1,32,0.855,,
4818,car,trim_3069,9859738783,457.62,-347.67,-416.22,-1124.05,4.91,1.7,1.63,1837,150.3,50,0.817,,
4819,motorcycle,trim_6288,trim_5962,-222.69,-936.92,213.75,1040.78,1.94,0.8,1.1,154,149.0,23,0.722,,
4820,car,9168953521,trim_7454,2002.35,112.9,-1832.73,-545.14,4.92,1.95,1.55,1403,154.4,45,0.792,,
4821,car,trim_2520,11490977076,291.28,1514.69,-457.55,-1483.93,5.04,1.88,1.45,1786,152.0,55,0.755,,
4822,car,trim_396,trim_1954,-2339.02,89.65,596.14,1104.03,4.53,1.78,1.59,1665,146.4,33,0.826,,
4823,car,9168850588,2960361568,-1462.94,569.64,-1375.08,-635.7,4.56,1.83,1.47,1341,174.6,45,0.874,,
4824,car,trim_5380,5170633535,2073.52,86.91,2363.65,326.41,5.08,1.77,1.52,1140,149.5,28,0.706,,
4825,car,trim_8202,trim_3132,-1091.12,853.87,510.23,-180.79,4.67,1.93,1.45,1474,164.6,78,0.901,,
4826,car,trim_5737,5170823243,-2389.92,-682.89,1440.67,462.99,4.82,1.95,1.57,1899,150.1,35,0.691,,
4827,car,trim_6969,trim_5193,1797.48,523.29,1580.28,-456.95,5.1,1.94,1.65,1001,148.1,42,0.719,,
4828,bus,466560400,9857157143,111.52,-276.11,1807.63,-388.05,10.01,2.43,3.14,13190,83.7,34,0.661,,
4829,car,11161018548,trim_3315,2263.25,-1528.87,-117.36,-274.09,4.66,1.72,1.6,1044,167.0,70,0.759,,
4830,truck,12124311193,trim_2249,2508.09,493.3,-840.25,514.27,11.5,2.48,3.36,11111,84.7,74,0.792,,
4831,car,trim_3579,12096819279,366.12,381.4,1092.09,-275.55,4.11,1.6,1.45,1476,178.7,74,0.831,,
4832,car,11983071058,trim_1978,1036.22,1301.58,119.16,760.15,4.98,1.87,1.64,1850,146.4,27,0.782,,
4833,car,9857332621,trim_7441,2234.12,-829.95,-2381.84,-219.16,5.09,1.87,1.61,1655,162.3,60,0.841,,
4834,car,trim_2541,9857987912,-763.69,1367.96,-27.98,34.89,4.76,1.78,1.56,1084,144.9,28,0.85,,
4835,motorcycle,trim_3173,trim_8365,-443.09,141.74,-502.33,-355.7,1.94,0.79,1.22,243,129.2,52,0.684,,
4836,motorcycle,2960336730,trim_1942,-1385.36,254.96,-383.74,-1473.77,2.01,0.7,1.28,198,135.9,56,0.735,,
4837,car,9857625459,trim_4415,-1234.48,-990.41,2374.19,782.11,4.22,1.7,1.55,1641,170.7,72,0.752,,
4838,car,6928966673,trim_6631,-1692.05,-1514.25,2258.4,-983.19,4.06,1.92,1.52,1849,147.4,34,0.719,,
4839,motorcycle,4227798160,trim_3848,1732.06,-217.44,-586.75,-1048.74,2.11,0.84,1.35,240,132.9,26,0.82,,
4840,car,trim_1334,trim_4754,-1644.79,-75.09,-1620.69,1028.87,4.25,1.73,1.42,1264,149.1,79,0.981,,
4841,car,9853181594,trim_4059,927.45,-442.32,2299.79,1064.34,4.28,1.78,1.6,1663,176.9,31,0.874,,
4842,motorcycle,trim_8644,9168883564,304.7,-1151.87,-1547.32,-1320.32,1.88,0.77,1.33,251,120.2,25,0.662,,
4843,car,trim_3985,trim_1930,1216.14,875.97,-404.51,-1363.83,4.12,1.95,1.6,1593,158.8,36,0.899,,
4844,car,11909810134,trim_6758,2470.62,-888.83,-921.97,218.13,4.69,1.66,1.36,1346,163.3,25,0.739,,
4845,car,2960361504,9852465893,-974.76,-1174.71,-1532.49,-1421.39,4.59,1.63,1.63,1509,159.7,61,0.677,,
4846,car,trim_7152,12109713187,-2347.54,307.67,1782.97,1403.17,4.94,1.62,1.38,1481,142.1,51,0.724,,
4847,truck,trim_2348,trim_9594,-2109.35,-710.61,-1256.67,-678.25,6.86,2.43,2.58,12319,73.8,28,0.747,,
4848,car,11056361047,trim_1914,1296.29,490.34,-357.75,-1243.94,4.52,1.63,1.64,1017,155.4,68,0.868,,
4849,car,trim_6953,trim_9293,2089.87,1109.12,-1630.23,1218.49,4.95,1.68,1.58,1887,179.7,46,0.787,,
4850,car,trim_1787,11080052821,56.02,-1198.68,-2261.09,-70.98,4.5,1.82,1.59,1671,161.9,62,0.776,,
4851,car,11491066041,trim_8722,-357.56,-1544.52,-350.46,634.92,4.25,1.62,1.4,1157,172.2,36,0.698,,
4852,car,trim_6482,trim_1929,1705.22,-107.24,-441.9,-1325.87,4.52,1.65,1.6,1084,163.8,20,0.866,,
4853,bus,9168959376,11176547384,1500.91,-26.47,-1458.66,-583.06,11.52,2.41,3.23,9395,70.7,20,0.776,,
4854,bus,12098320589,trim_3327,-1809.31,1344.71,360.44,57.46,10.03,2.54,3.1,10103,95.9,35,0.794,,
4855,motorcycle,trim_4210,11909847469,1161.91,653.73,2290.22,-865.07,2.22,0.85,1.17,233,139.3,51,0.774,,
4856,car,5170655683,9852938611,1802.77,12.47,-1248.99,-786.33,4.08,1.81,1.44,1319,163.8,22,0.702,,
4857,car,trim_5376,trim_5592,1136.76,313.93,2023.88,331.35,4.39,1.86,1.61,1254,173.3,42,0.76,,
4858,bus,trim_4654,2960300027,1186.5,-1595.07,-1098.28,871.52,10.48,2.57,3.45,8754,82.3,77,0.867,,
4859,car,9843084753,trim_3990,-2174.98,909.24,1867.36,989.32,4.71,1.81,1.43,1320,170.1,37,0.839,,
4860,car,11909810072,9857750345,2429.57,-1044.48,-603.97,-859.41,4.83,1.84,1.46,1704,150.4,34,0.742,,
4861,car,trim_7395,trim_2991,-70.04,289.77,-1792.65,1185.53,4.59,1.73,1.42,1075,173.7,66,0.67,,
4862,truck,2960336774,5170655691,-1532.94,176.15,1999.85,-59.05,7.74,2.53,3.17,10344,98.4,24,0.677,,
4863,car,trim_7314,trim_4451,-1354.01,-424.66,1902.19,298.86,4.38,1.9,1.42,1796,164.1,39,0.882,,
4864,car,trim_282,9852348490,113.92,-438.4,-1662.2,11.23,4.82,1.86,1.55,1252,147.3,16,0.823,,
4865,car,9852378891,trim_3275,-1987.15,-1015.29,372.2,355.88,4.82,1.67,1.54,1550,171.6,69,0.899,,
4866,car,9852378912,9859655307,-1981.55,-1097.21,-65.57,-700.08,4.89,1.68,1.51,1674,175.7,80,0.961,,
4867,car,trim_5457,4227743969,2049.05,119.49,-871.25,2526.3,4.29,1.69,1.52,1336,164.5,77,0.835,,
4868,car,trim_6940,trim_1539,2068.38,1230.37,-1024.34,-985.23,4.32,1.66,1.52,1885,169.2,54,0.703,,
4869,car,9859639843,4225351644,-340.85,-306.26,1347.78,-408.11,4.88,1.71,1.5,1527,159.8,57,0.665,,
4870,car,3887993325,2960312519,1678.18,1146.33,-1275.25,-402.32,5.01,1.78,1.54,1388,172.1,39,0.841,,
4871,car,trim_9246,trim_7754,2271.89,638.19,-1018.18,-465.33,4.84,1.64,1.51,1489,156.2,72,0.851,,
4872,motorcycle,trim_437,trim_3352,-2413.2,2.16,-285.45,-631.48,2.1,0.74,1.09,253,132.2,44,0.82,,
4873,motorcycle,trim_8964,trim_3867,92.25,-1395.97,1075.11,-243.99,2.2,0.75,1.07,217,129.4,35,0.766,,
4874,car,trim_3422,trim_7339,749.19,-782.3,1281.74,150.61,4.48,1.64,1.61,1651,169.1,63,0.867,,
4875,car,2960336734,trim_6775,-1311.98,387.99,592.43,584.46,4.21,1.63,1.58,1763,154.0,23,0.742,,
4876,car,9857625485,4225172202,-1309.87,-1271.9,1006.9,-593.72,4.05,1.85,1.46,1199,165.2,24,0.722,,
4877,car,9168861180,trim_7309,-1219.92,-847.59,-2467.11,25.13,4.3,1.94,1.54,1434,168.4,52,0.668,,
4878,car,trim_3615,trim_3930,-842.48,-530.33,921.35,-201.98,4.47,1.71,1.64,1349,171.2,44,0.688,,
4879,car,11176503433,trim_1162,-674.82,-728.34,-1709.53,26.19,4.85,1.78,1.53,1036,178.4,74,0.759,,
4880,car,trim_5041,9857750393,1911.51,-95.56,-392.89,-507.81,4.04,1.69,1.56,1025,158.4,49,0.753,,
4881,car,trim_4939,trim_5864,-1669.82,1237.22,-96.92,843.62,4.06,1.76,1.59,1211,148.6,29,0.894,,
4882,car,trim_431,11491618546,-2304.41,134.68,-552.62,847.83,4.87,1.76,1.53,1441,156.6,22,0.671,,
4883,car,6928966902,trim_7024,-1657.1,-1330.51,-2427.99,595.64,4.7,1.92,1.59,1424,142.1,75,0.764,,
4884,car,trim_7684,trim_6643,-998.73,421.29,1259.63,-170.39,4.15,1.82,1.56,1358,169.7,25,0.786,,
4885,truck,trim_115,trim_3385,-420.24,585.7,15.2,-459.1,6.02,2.57,3.52,13919,71.2,79,0.806,,
4886,bus,2960299833,trim_7716,-2092.53,-726.24,253.02,-603.74,9.02,2.43,3.08,12349,75.1,66,0.8,,
4887,car,9168965310,trim_7783,1445.43,353.54,-589.39,-1268.81,5.08,1.81,1.45,1760,141.4,25,0.84,,
4888,car,9852938586,trim_1978,-1591.72,149,119.16,760.15,5.0,1.86,1.52,1711,169.1,30,0.651,,
4889,car,trim_8347,9843185620,-70.63,684.7,-1400.63,1121.9,4.48,1.78,1.49,1058,173.6,30,0.72,,
4890,car,trim_6360,trim_7641,2187.09,952.83,350.21,-236.88,4.09,1.88,1.58,1383,173.4,35,0.836,,
4891,ambulance,9885134827,trim_1957,-2458.11,-490.46,536.37,1430.86,5.61,2.11,2.75,4324,156.7,58,0.577,bn_6888421991,Hospital (building bn_6888421991)
4892,car,trim_5979,trim_5168,467.73,499.03,1804.63,57.8,4.48,1.65,1.37,1787,140.8,35,0.853,,
4893,car,9854981019,trim_1681,1786,-565.91,-275.24,-1371.43,4.33,1.89,1.47,1294,178.9,51,0.881,,
4894,car,trim_4058,4223620634,1326.43,-474.79,-2452.75,-681.14,4.79,1.9,1.55,1713,176.6,49,0.809,,
4895,car,8838171076,12143939457,-1079.45,-428.16,742.32,633.71,4.76,1.93,1.54,1874,140.1,37,0.724,,
4896,car,trim_5427,trim_7683,1835.37,-711.67,-958.94,268.45,4.84,1.75,1.42,1337,149.1,75,0.907,,
4897,car,trim_8867,1680212832,2375.52,-809.91,-1715.81,679.09,4.49,1.93,1.6,1866,146.1,35,0.654,,
4898,ambulance,trim_4774,trim_7711,1019.19,653.82,485.03,-498.58,6.19,2.18,2.69,2529,124.2,69,0.602,bn_6906240215,Hospital (building bn_6906240215)
4899,car,trim_447,trim_6233,-2107.97,-548.52,-997.74,-1095.82,4.51,1.71,1.62,1160,169.8,17,0.895,,
4900,car,9857157158,trim_8018,1789.47,-190.79,-715.19,695.89,4.07,1.92,1.62,1551,149.2,65,0.754,,
4901,car,2962838315,trim_2903,-116.23,-1149.93,-1740.28,957.4,4.83,1.75,1.52,1028,146.3,71,0.946,,
4902,car,trim_6987,trim_1682,2403.38,863.6,-263.59,-1357.08,4.67,1.62,1.64,1037,171.7,79,0.821,,
4903,car,4224981082,2970305093,-2400.18,864.69,2230.23,-1534.42,4.9,1.81,1.61,1889,178.8,80,1.012,,
4904,car,12124045424,trim_6996,-849.54,-984.22,2136.59,977.07,5.0,1.72,1.49,1852,149.8,73,0.758,,
4905,car,12098547004,trim_8831,1782.73,-346.5,1769.91,-862.21,4.18,1.78,1.52,1572,147.0,75,0.942,,
4906,motorcycle,5170823227,2960326736,1014.98,400.06,-1785.04,-284.07,2.19,0.85,1.32,174,112.4,53,0.682,,
4907,car,trim_5943,trim_4095,196.93,-1563.19,2220.65,930.83,4.85,1.87,1.44,1386,152.2,51,0.812,,
4908,car,4227798214,2960336668,1981.3,-61.68,-1576.51,-356.34,4.8,1.85,1.4,1090,152.0,65,0.754,,
4909,car,9168861198,11158364771,-1427.67,-667.1,-300.46,-1383.03,4.98,1.8,1.46,1824,162.2,38,0.896,,
4910,car,10601041774,5170637543,1099.13,-17.74,1117.47,195.28,5.08,1.71,1.64,1651,148.7,65,0.754,,
4911,car,trim_1522,trim_9094,-1143.21,-949.77,1586.9,-327.83,5.08,1.87,1.51,1867,170.6,62,0.843,,
4912,car,trim_7646,trim_90,220.64,-121.07,699.19,268.71,4.33,1.92,1.39,1005,171.5,44,0.86,,
4913,motorcycle,trim_5822,trim_7898,-714.32,700.44,-77.42,928.34,1.8,0.7,1.33,180,117.8,25,0.875,,
4914,car,9857826599,9168850554,273.1,-112.04,-1532.51,1252.08,4.53,1.6,1.62,1789,144.6,26,0.739,,
4915,motorcycle,trim_7220,trim_7674,-1707.08,27.88,-512.75,-205.94,1.85,0.75,1.1,120,107.0,50,0.69,,
4916,car,9859736955,trim_2557,34.46,106.76,2220.94,707.69,4.39,1.76,1.57,1365,141.6,24,0.744,,
4917,car,trim_5732,2970305343,-2431.73,-754.92,-533.2,590.44,4.49,1.82,1.36,1798,172.8,33,0.68,,
4918,car,trim_393,trim_3144,-2154.31,63.91,576.05,14.66,4.07,1.83,1.53,1747,142.5,49,0.724,,
4919,car,4225324647,trim_9276,1020.1,31.7,-1623.23,1029.71,4.54,1.65,1.35,1338,155.9,53,0.687,,
4920,car,12889145977,trim_7440,-1390.59,327.66,-2424.21,521.49,4.69,1.79,1.6,1474,155.3,41,0.884,,
4921,car,trim_7563,5171030823,-423.02,-1034.26,-2289.16,433.78,4.89,1.75,1.42,1577,143.5,47,0.67,,
4922,car,trim_7588,trim_9292,-514.61,-797.04,-1636.96,1248.9,4.37,1.9,1.5,1768,174.4,26,0.719,,
4923,truck,trim_5175,trim_8590,1975.08,-889.61,-236.34,-1417.11,11.86,2.36,3.44,8210,87.8,19,0.909,,
4924,car,trim_7626,trim_397,301.37,62.81,-2343.64,90.74,4.28,1.73,1.38,1846,160.2,41,0.858,,
4925,car,trim_8379,9168850580,-681.92,-548.06,-1696.96,790.86,4.96,1.62,1.5,1638,145.4,56,0.877,,
4926,motorcycle,2962860519,trim_774,-283.29,-1138.83,-1045.81,-523.43,1.98,0.72,1.22,147,145.3,53,0.772,,
4927,car,11187660596,5170823232,1901.73,811.44,1180.17,450.79,4.88,1.93,1.5,1741,166.1,58,0.854,,
4928,motorcycle,trim_4664,trim_2541,-1563.99,1240.87,-763.69,1367.96,2.08,0.8,1.11,249,110.1,60,0.823,,
4929,truck,12626529709,trim_3675,-1944.73,-1156.16,-685.32,-604.47,9.91,2.38,2.66,5104,79.0,67,0.7,,
4930,car,9852976122,9857635278,-1574.84,-423.85,-744.83,-1013.91,4.92,1.76,1.45,1252,148.3,20,0.86,,
4931,motorcycle,12455157388,trim_7707,-1343.41,478.45,511.94,-156.91,2.11,0.75,1.38,256,120.2,38,0.862,,
4932,car,trim_6663,4227798263,1114.81,-6.16,2550.92,31.61,4.62,1.88,1.63,1658,140.3,32,0.814,,
4933,car,2960299856,9843408913,-1412.91,-1183.63,2222.13,1299.86,5.04,1.81,1.61,1165,165.6,67,0.843,,
4934,car,12098320590,trim_1896,-1808.25,1350.23,-335.74,-1122.59,4.9,1.83,1.42,1158,154.4,55,0.741,,
4935,car,trim_8504,trim_3753,-119.13,-1086.23,-510.97,-1097.28,4.54,1.61,1.42,1085,172.6,24,0.761,,
4936,car,trim_7866,trim_2784,1759.62,67.12,-2316.29,610.81,4.26,1.67,1.52,1370,175.7,38,0.681,,
4937,motorcycle,trim_156,trim_6469,285.34,-864.8,1605.52,468.81,2.01,0.73,1.13,184,128.3,24,0.764,,
4938,car,9857826576,trim_5505,18.37,-230.53,2403.36,561.22,4.36,1.84,1.53,1314,167.9,26,0.878,,
4939,car,9843437520,trim_1368,2048.99,1331.05,-2038.22,-418.88,4.9,1.79,1.58,1895,153.2,36,0.83,,
4940,car,trim_2854,trim_3889,-1906.19,662.41,916.91,186.19,4.67,1.88,1.41,1701,174.2,71,0.731,,
4941,car,trim_7826,trim_8576,2121.34,-1183.07,-551.19,-1540.84,4.71,1.82,1.63,1379,161.3,76,0.9,,
4942,ambulance,trim_2223,5170798232,2206.52,-1465.35,83.11,284.62,6.19,2.14,2.45,2944,146.3,33,0.462,a_1086642598_c,SHIKHA ACUPUNCTURE SANATORIUM
4943,car,trim_8731,trim_7980,-227.82,1109.69,-1075.72,528.62,4.95,1.86,1.46,1744,155.0,29,0.821,,
4944,car,trim_1302,9168946294,-1391.99,150.48,1633.9,251.14,5.1,1.79,1.64,1664,160.7,51,0.723,,
4945,car,9844203635,11909810168,-2356.74,1315.26,2039.14,-576.36,4.9,1.68,1.38,1815,143.5,64,0.839,,
4946,car,trim_8628,trim_8335,382.4,-1342.84,-374.62,762.52,4.35,1.94,1.4,1674,145.0,21,0.748,,
4947,car,3887993328,trim_2615,1697.93,1147.47,-1155.19,685.16,4.86,1.85,1.58,1368,146.8,63,0.835,,
4948,car,11491678307,trim_4216,115.28,958.45,1234.91,792.84,4.95,1.65,1.55,1385,154.2,27,0.7,,
4949,car,9852411623,trim_3736,-2361.76,-566.86,-432.48,-779.99,4.92,1.86,1.42,1558,178.2,26,0.812,,
4950,car,9855691355,trim_6046,2447.59,-895.59,-1558.83,629.33,4.32,1.71,1.43,1831,148.0,16,0.916,,
4951,bus,trim_8896,9852338767,2399.89,-889.42,-1838.04,-304.08,10.18,2.54,3.54,10704,84.7,53,0.68,,
4952,car,9859618301,10259407486,-1296.44,-458.91,2447.53,-1063.23,4.99,1.89,1.57,1712,174.7,80,0.852,,
4953,car,9857196231,trim_5475,-2659.46,159.15,2382.26,45.29,4.22,1.66,1.46,1773,178.1,47,0.826,,
4954,car,trim_5581,trim_1363,1651.99,-214.88,-2464.41,-397.36,4.37,1.86,1.49,1455,155.2,23,0.763,,
4955,car,trim_1871,9857157147,-662.8,-474.41,1793.77,-463.88,4.91,1.9,1.36,1647,155.3,70,0.711,,
4956,car,7249093955,trim_4608,213.32,452.87,-405.39,1124.06,4.7,1.72,1.5,1325,145.9,26,0.887,,
4957,car,9843036306,12130698091,-2483.12,1237.16,-1077.09,469.39,4.68,1.73,1.61,1662,145.4,48,0.774,,
4958,car,trim_1757,trim_2143,-368.05,-1551.37,1862.43,1002.67,4.71,1.69,1.4,1245,167.0,49,0.699,,
4959,car,trim_6038,trim_791,-1189.29,944.3,-929.02,-87.03,4.31,1.9,1.45,1709,155.5,16,0.801,,
4960,car,trim_199,trim_2408,51.67,-802.71,133.36,1400.3,4.73,1.65,1.62,1439,155.5,43,0.783,,
4961,car,trim_2200,trim_5170,-240.35,1241.94,1770.08,78.02,4.65,1.85,1.52,1577,159.1,28,0.776,,
4962,motorcycle,trim_4069,9857625462,-403.31,1126.95,-1210.56,-799.43,1.91,0.86,1.09,202,123.5,32,0.674,,
4963,bus,trim_4127,trim_1950,1710.24,732.58,-577.85,-1684.69,9.34,2.5,3.04,12422,83.7,17,0.796,,
4964,car,trim_5657,trim_796,-2086.52,-1193.38,-1024.07,52.64,4.47,1.75,1.6,1674,145.0,32,0.727,,
4965,car,trim_1335,trim_156,-1787.9,-191.57,285.34,-864.8,4.37,1.84,1.53,1151,144.3,67,0.888,,
4966,car,trim_9017,9857331052,1029.96,156.85,-1967.49,-707.37,4.82,1.77,1.5,1070,143.3,74,0.965,,
4967,motorcycle,trim_4171,trim_4263,-499.11,911.51,2266.5,-77.25,1.86,0.73,1.3,229,124.2,70,0.9,,
4968,car,trim_7219,trim_374,-2040.06,-432.83,-2231.68,204.37,4.38,1.82,1.64,1381,154.8,27,0.865,,
4969,car,trim_1797,9853276949,-163.01,-864.13,1736.9,352.85,4.35,1.86,1.48,1697,144.4,43,0.799,,
4970,car,trim_3022,6202105983,-1398.34,1364.61,1496.78,-572.54,4.52,1.87,1.43,1624,156.5,27,0.867,,
4971,motorcycle,trim_6486,11006815357,1789.46,-190.48,2087.17,-493.67,1.86,0.85,1.06,140,118.2,76,0.838,,
4972,motorcycle,6674480300,trim_3035,-553.04,620.92,-2485.95,1085.51,2.22,0.89,1.2,177,135.2,53,0.757,,
4973,bus,11187666806,trim_6993,1894.7,770.93,2132.25,993.31,11.48,2.51,3.07,13084,95.7,78,0.834,,
4974,car,2970305435,trim_6933,-722.47,1879.93,-2194.02,1351.01,4.19,1.87,1.62,1815,160.4,78,1.02,,
4975,car,trim_5856,7222863957,2195.69,-718.14,-958.79,-1472.27,4.04,1.87,1.37,1693,153.6,42,0.728,,
4976,car,trim_7198,trim_3294,-1498.13,434.45,-309.78,571.11,4.41,1.79,1.55,1291,156.7,70,0.872,,
4977,car,4225324710,11168866167,1462.86,303.9,-280.11,687.31,4.54,1.69,1.49,1443,149.1,27,0.691,,
4978,car,trim_6178,trim_5493,-1666.7,-702.15,2303.59,317.03,4.71,1.78,1.56,1811,165.6,49,0.866,,
4979,bus,trim_158,2960299837,302.5,-886.69,-2079.78,-1070.08,10.48,2.56,3.5,8812,91.9,73,0.835,,
4980,motorcycle,trim_326,trim_321,91.78,694.49,576.27,782.82,2.01,0.69,1.3,116,119.5,79,0.948,,
4981,car,2962838314,trim_5342,-112.37,-1152.69,2483.86,206.49,4.98,1.68,1.64,1397,167.2,74,0.804,,
4982,car,trim_1733,trim_2247,-8.7,-1440.76,216.67,-405.46,4.04,1.86,1.65,1503,148.1,76,0.986,,
4983,motorcycle,trim_7501,trim_7220,-1332.29,-780.24,-1707.08,27.88,2.18,0.78,1.4,118,90.9,51,0.659,,
4984,car,trim_1532,trim_9210,-1071.64,-1133.23,2284.13,32.02,4.37,1.86,1.4,1662,144.5,78,0.83,,
4985,motorcycle,trim_7585,trim_9022,-562.54,-776.64,1084.98,222.24,2.21,0.88,1.12,210,120.6,66,0.73,,
4986,car,5170849704,9168951432,-1189.9,998.2,535.36,-210.23,4.4,1.89,1.5,1240,160.4,79,0.969,,
4987,car,trim_1263,8838171114,-1385.39,254.9,-864.43,-394.56,4.51,1.79,1.65,1315,160.0,78,0.935,,
4988,car,trim_1830,trim_6333,-78.6,-933.1,1968.91,1143.26,4.51,1.8,1.38,1263,164.0,74,0.969,,
4989,car,trim_3174,trim_8617,-439.02,144.64,-335.5,-1126.34,4.32,1.62,1.61,1049,155.0,38,0.85,,
4990,car,trim_6061,trim_8777,-1194.49,353.03,64.59,-1059.24,4.63,1.72,1.36,1774,178.5,42,0.887,,
4991,car,9860154373,trim_2863,-1645.45,-344.99,-2232.22,968.65,4.74,1.94,1.47,1771,161.7,54,0.687,,
4992,car,6294257995,5170655698,-2138.05,-688.99,2276.92,-23.78,4.21,1.73,1.59,1054,149.1,22,0.87,,
4993,car,trim_3896,12139756899,950.89,125.13,1925.06,-1438.19,4.1,1.7,1.4,1661,179.9,63,0.861,,
4994,car,trim_7518,trim_5050,-1145.44,-814.14,1928.47,-247.17,4.24,1.66,1.52,1540,159.1,22,0.712,,
4995,car,2960312468,2960299867,-1217.31,81.83,-1305.4,-551.14,4.63,1.9,1.37,1027,150.8,37,0.839,,
4996,car,11499317448,trim_2794,-225.08,1066.81,-1868.11,423.35,4.06,1.87,1.41,1861,161.7,66,0.677,,
4997,motorcycle,3887997670,trim_1588,1561.57,1265.91,-1314.56,-657.94,2.08,0.75,1.18,127,134.6,41,0.734,,
4998,car,2960312474,11187527265,-1342.62,72.02,1737.98,646.78,4.44,1.62,1.43,1204,174.0,60,0.835,,
4999,car,2960312495,trim_5210,-1161.79,-188.88,1875.82,-290.15,4.75,1.71,1.6,1577,174.7,62,0.711,,
5000,car,trim_8222,trim_6578,238.59,-1122.54,950.53,-1217.51,4.96,1.92,1.36,1689,163.1,21,0.728,,
5001,car,11080052829,trim_8235,-2294.64,-87.06,-2322.61,-753.01,4.95,1.7,1.64,1406,148.6,48,0.696,,
5002,truck,5170801503,9857196226,2063.51,484.25,-2323.13,-138.09,8.95,2.37,2.6,8288,89.0,55,0.666,,
5003,car,trim_7609,trim_8364,-327.76,-460.32,-1094.92,-216.38,4.48,1.88,1.52,1434,173.1,36,0.861,,
5004,car,2960336699,trim_2716,-1376.71,-425.94,-1820.94,609.23,4.86,1.76,1.61,1593,169.3,53,0.832,,
5005,car,9852318756,4225172313,-1398.61,151.22,-141.28,35.56,4.2,1.61,1.38,1122,175.7,33,0.67,,
5006,car,trim_3906,2960326541,1662.02,311.56,-1643.44,389.83,4.1,1.77,1.45,1018,177.3,69,0.749,,
5007,car,11143429181,trim_226,2101.44,135.71,798.19,309.7,4.3,1.62,1.61,1840,163.5,26,0.806,,
5008,car,trim_2730,4225324820,-2316.02,1313.15,690.31,814.51,4.71,1.82,1.38,1357,146.9,27,0.719,,
5009,ambulance,9855373893,11237649537,2303.61,-1268.27,-1935.64,621.88,5.55,2.13,2.82,3563,147.6,80,0.709,a_1408808783_c,Manipal Hospital
5010,truck,9168897690,9857350837,-321.49,-895.01,-1763.73,96.45,11.54,2.36,3.16,12659,83.5,28,0.819,,
5011,car,trim_6033,trim_3948,-1400.55,1128.43,1902.16,302.53,4.2,1.8,1.52,1175,167.8,27,0.773,,
5012,motorcycle,trim_4717,2960361464,-212.64,-940.24,-1520.66,-821.4,2.04,0.82,1.31,183,90.8,32,0.693,,
5013,motorcycle,trim_2626,trim_4156,-1170.17,573.3,-488.74,1125.29,2.23,0.84,1.31,156,102.8,80,1.048,,
5014,car,11909810126,4227798160,2445.19,-932.51,1732.06,-217.44,4.0,1.94,1.42,1491,160.0,21,0.755,,
5015,bus,trim_1249,9168953517,-1776.3,-389.23,1919.05,-441.52,10.48,2.59,3.5,9845,87.9,69,0.826,,
5016,car,trim_1543,trim_9536,-1010.9,-950.44,-724.62,-1365.49,4.92,1.81,1.5,1627,164.1,40,0.825,,
5017,car,trim_5775,trim_4034,-1462.04,-1253.1,825.1,54.75,4.79,1.65,1.46,1773,156.1,76,0.766,,
5018,car,trim_9342,5170637560,1033.87,955.96,1380.59,19.07,4.52,1.73,1.65,1713,161.3,52,0.732,,
5019,car,trim_8770,3887993350,-54.1,-38.8,1696.64,1167.34,4.99,1.91,1.41,1522,150.4,69,0.762,,
5020,car,9852378907,5170791981,-2055.83,-1036.96,-1628.6,697.36,4.12,1.65,1.4,1881,154.8,49,0.669,,
5021,car,trim_5415,trim_2827,1620.25,-518.97,-2341.81,1139.28,4.43,1.86,1.56,1336,170.4,51,0.86,,
5022,car,trim_4514,trim_186,1901.32,772.19,428.52,162.74,5.06,1.83,1.48,1088,170.8,35,0.815,,
5023,car,9843362972,9844203654,-2305.54,1427.14,-2450.1,1222.76,4.2,1.88,1.43,1395,140.1,35,0.851,,
5024,car,trim_6076,9168861171,-1856.33,1019.38,-429.85,-380.61,4.53,1.62,1.36,1230,161.0,70,0.768,,
5025,bus,trim_893,trim_2927,-1228.07,-217.33,-1686.09,1017.09,11.29,2.45,3.36,10335,84.4,47,0.815,,
5026,motorcycle,9168861198,trim_7215,-1427.67,-667.1,-2026.34,-204.67,2.19,0.71,1.33,225,107.2,41,0.831,,
5027,car,trim_984,trim_704,-692.4,-201.87,-1392.41,735.37,4.9,1.79,1.41,1648,155.9,35,0.736,,
5028,car,12129317339,12130429768,1870.7,264.29,-1422.62,786.77,4.23,1.9,1.48,1485,176.4,64,0.737,,
5029,car,9852893338,12144193862,-1515.12,-818.78,1048.26,355.52,4.27,1.61,1.59,1571,173.4,46,0.77,,
5030,car,trim_2784,trim_6402,-2316.29,610.81,2323.07,588.32,4.81,1.73,1.38,1543,141.0,48,0.881,,
5031,ambulance,11983071051,trim_6768,1078.63,1204.3,-581.63,254.27,5.9,2.2,2.82,4358,127.1,60,0.464,a_1408818183_c,Hospital (amenity a_1408818183_c)
5032,car,trim_2841,trim_4636,-2280.74,558.4,-1377.68,979.3,4.17,1.85,1.47,1568,147.4,27,0.875,,
5033,car,trim_489,trim_7119,-1771.46,1116.53,-2404.84,244.14,4.48,1.86,1.48,1696,174.1,72,0.888,,
5034,car,trim_5258,9858060975,2263.17,-24.98,469.32,-320.6,4.66,1.63,1.65,1885,141.8,72,0.786,,
5035,car,12098330067,trim_8214,-1251.47,1341.46,-1809.61,1038.2,5.04,1.8,1.52,1195,154.5,78,0.85,,
5036,car,trim_3221,trim_8819,289.29,184.66,-2349.9,1490.06,4.17,1.69,1.47,1050,149.4,35,0.72,,
5037,car,trim_2378,3887993324,-561,1272.29,1686.02,1142.86,4.52,1.67,1.46,1475,150.9,30,0.804,,
5038,bus,2960361511,11059063629,-687.54,-1394.45,-2480.75,65.02,11.64,2.42,3.08,9807,82.0,62,0.893,,
5039,car,9168951464,trim_8160,813.52,-991.01,1953.87,-620.69,4.51,1.9,1.53,1313,170.6,66,0.825,,
5040,car,trim_978,trim_9202,-622.03,-96.51,1503.1,632.81,4.04,1.76,1.52,1609,152.0,45,0.777,,
5041,car,trim_4784,3887997662,361.96,-1418.35,1571.65,1224.84,4.39,1.87,1.59,1024,164.9,70,0.808,,
5042,car,9168966441,11777944692,1092.92,1642.49,688.23,700.75,4.63,1.87,1.64,1580,175.1,56,0.823,,
5043,car,trim_6711,trim_2175,1323.76,678.56,214.21,-1101.58,4.96,1.82,1.44,1680,169.9,60,0.83,,
5044,car,9844227426,trim_3055,-2178.61,729.12,-114.69,565.16,4.3,1.89,1.64,1289,179.7,53,0.805,,
5045,car,trim_2725,9859493794,-2137.55,527.92,186.51,-703.57,4.79,1.77,1.57,1516,165.4,74,0.776,,
5046,car,trim_6645,trim_7328,1329.27,-237.45,877.46,285.14,4.77,1.71,1.62,1657,143.4,57,0.884,,
5047,car,4227798265,trim_7284,2556.88,34.6,-1964.02,-1487.97,4.01,1.77,1.39,1698,169.7,76,0.971,,
5048,truck,trim_1576,trim_7551,-1242.35,-747.01,-568.97,-963.5,11.9,2.48,3.49,12622,90.8,47,0.864,,
5049,car,12121616906,6294258001,1533.94,1045.66,-2148.68,-757.53,4.99,1.64,1.46,1784,155.1,17,0.799,,
5050,car,trim_762,2960312452,-1124.14,1036.02,-1037.98,315.96,4.98,1.62,1.58,1797,159.9,16,0.814,,
5051,car,trim_609,trim_2264,-2465.03,223.73,-320.4,-268.25,4.94,1.92,1.56,1856,154.6,60,0.882,,
5052,motorcycle,9168965309,trim_1907,1377.32,343.59,-147.69,-1153.78,2.09,0.82,1.35,240,107.9,61,0.886,,
5053,car,9853262767,11158326322,1220.21,393.84,396.66,-1117.36,4.23,1.64,1.44,1875,179.4,55,0.72,,
5054,motorcycle,11491475011,trim_5468,261.06,-1108.61,1908.97,-92.78,2.11,0.84,1.25,208,153.7,67,0.811,,
5055,car,4225324658,trim_4342,1543.94,82.27,1011.99,-96.45,5.03,1.68,1.37,1391,153.1,21,0.77,,
5056,motorcycle,trim_6946,trim_6225,2201.89,1252.97,-1399.15,-1150.43,2.13,0.84,1.26,216,90.9,71,0.916,,
5057,car,trim_8216,9844004265,1015.3,-96.47,-2374.31,752.09,4.99,1.83,1.37,1126,174.1,53,0.66,,
5058,car,9168861179,trim_9270,-1209.86,-804.49,-1801.94,1106.98,4.71,1.62,1.6,1883,167.5,45,0.858,,
5059,car,12596352710,trim_3308,963.04,451.18,-57.92,-171.62,4.3,1.65,1.48,1899,160.8,66,0.694,,
5060,car,trim_3995,trim_5202,-431.28,1156.13,2414.06,482.61,4.01,1.82,1.52,1051,145.8,80,0.89,,
5061,ambulance,9168861177,11143288408,-1024.72,-781.15,1697.95,688.05,5.88,2.02,2.82,3988,142.8,35,0.613,a_1409201613_c,Yashoda Hospital
5062,car,trim_1572,trim_2659,-1239.68,-600.25,1805.19,-1752.38,4.77,1.79,1.57,1475,156.8,49,0.803,,
5063,car,trim_2198,trim_3312,-253.92,1325.31,-59.18,-362.68,4.6,1.7,1.64,1535,149.7,70,0.788,,
5064,bus,trim_4404,9843170048,2111.41,876.34,-1670.86,1230.63,9.24,2.55,3.54,11849,98.3,63,0.713,,
5065,car,9843358011,trim_4060,-1509.66,1249.18,2314.28,1007.39,4.58,1.61,1.47,1138,141.1,22,0.858,,
5066,car,9843050546,trim_7933,-2218.5,575.78,-1242.78,-1412.14,4.64,1.95,1.43,1352,144.3,17,0.985,,
5067,car,12096791260,trim_3782,1105.66,82.31,-562.95,-1128.45,4.98,1.87,1.58,1199,153.4,69,0.789,,
5068,motorcycle,trim_3053,trim_5948,-148.82,559.28,75.41,-1474.04,1.99,0.86,1.35,234,92.0,60,0.804,,
5069,car,trim_9169,trim_6045,-710.06,-856.59,-1554.94,587.92,4.94,1.83,1.56,1385,159.4,43,0.857,,
5070,car,trim_356,trim_4174,-1753.23,441.24,-440.11,921.24,4.77,1.69,1.38,1542,159.5,44,0.765,,
5071,car,trim_3712,4225351688,-773.68,-1503.34,-863.96,901.05,4.93,1.61,1.41,1783,143.3,65,0.852,,
5072,car,6294258020,trim_8344,-2049.16,-1068.46,-535.25,623.65,4.14,1.65,1.48,1704,159.9,55,0.697,,
5073,car,trim_185,12131201623,404.42,152.29,-834.37,213.88,4.25,1.63,1.37,1569,142.0,71,0.872,,
5074,car,9860154373,9858060921,-1645.45,-344.99,371.26,-146.79,4.15,1.77,1.41,1569,162.1,44,0.887,,
5075,car,2960326630,trim_5408,-1949.77,-635.66,2104,51.23,4.01,1.92,1.51,1088,150.5,36,0.712,,
5076,car,2970305387,trim_379,-1040.33,1110.03,-1916.41,145.93,4.87,1.67,1.47,1720,169.5,39,0.779,,
5077,car,trim_8170,2960326533,1931.05,-607.59,-1486.37,294.46,4.17,1.73,1.45,1868,176.3,66,0.763,,
5078,car,trim_2180,11001416253,-36.37,-743.67,-1960.47,-1486.49,4.82,1.94,1.63,1037,142.0,62,0.877,,
5079,car,trim_4070,trim_6032,-407.97,1157.36,-1225.38,1202.61,4.38,1.91,1.58,1490,153.1,63,0.866,,
5080,car,trim_1567,trim_125,-1228.04,-533.72,111.92,-730.96,4.94,1.69,1.56,1889,169.9,58,0.764,,
5081,car,trim_7851,trim_4770,1407.89,925.47,-592.27,1465.84,4.7,1.94,1.49,1870,168.5,51,0.805,,
5082,car,9857750347,trim_2135,-596.83,-859.63,1406.92,939.61,4.88,1.91,1.64,1784,144.6,30,0.889,,
5083,motorcycle,10205548830,trim_4669,2247.22,-842.02,-1424.6,1412.93,2.0,0.87,1.28,161,97.7,27,0.659,,
5084,motorcycle,2962860512,trim_6284,-241.1,-1130.85,-362.34,-886.13,2.0,0.74,1.35,247,117.4,62,0.723,,
5085,car,trim_1367,12124253951,-2117.24,-386.36,2068.8,726.74,4.73,1.68,1.61,1616,148.8,79,0.896,,
5086,car,12109680697,trim_3202,1346.95,1363.49,-257.92,250.17,4.68,1.72,1.53,1152,149.1,52,0.881,,
5087,car,9852405426,5170823238,-2224.84,-98.6,1326.56,456.09,4.26,1.88,1.38,1385,147.4,70,0.943,,
5088,car,11015761883,trim_8959,-1256.03,542.66,55.07,-1363.22,4.34,1.83,1.51,1353,152.5,36,0.787,,
5089,car,trim_6420,trim_7134,2345.44,589.63,-2375.82,226.43,4.24,1.72,1.63,1593,170.1,41,0.672,,
5090,car,trim_2061,trim_3222,1319.91,1462.92,462.84,-284.54,4.69,1.63,1.64,1311,144.5,29,0.887,,
5091,motorcycle,6294257368,trim_26,-2497.86,-839.63,-1022.67,-1591.05,1.88,0.78,1.22,155,121.9,40,0.761,,
5092,car,trim_6186,trim_6536,-1393.23,-870.78,788.53,-1015.4,4.25,1.82,1.59,1099,170.5,25,0.803,,
5093,car,2962860512,trim_6824,-241.1,-1130.85,-2463.52,25.6,4.61,1.91,1.45,1492,166.7,50,0.815,,
5094,car,trim_9211,trim_5502,1978.04,225.75,1262.82,-169.97,4.7,1.86,1.56,1613,152.2,73,0.807,,
5095,motorcycle,trim_5528,9852436601,2233.82,-612.09,-2224.93,-870.87,2.23,0.7,1.22,196,119.4,78,0.867,,
5096,car,4225324731,trim_7978,1812.47,405.29,-962.82,538.89,4.53,1.8,1.6,1346,160.3,47,0.835,,
5097,car,4227797873,trim_9433,1850.38,-1659.25,1143,-381.1,4.36,1.63,1.36,1285,153.3,25,0.796,,
5098,car,9843992524,9168946255,-2300.48,1000.88,1884.15,502.95,4.32,1.73,1.39,1862,149.5,48,0.652,,
5099,car,trim_2950,trim_1687,-1608.82,1591.18,-155.62,-1225.37,4.85,1.83,1.36,1749,166.7,48,0.802,,
5100,car,9843592173,trim_2157,2068.73,610.04,2023.43,1020.24,4.34,1.67,1.42,1620,154.0,38,0.655,,
5101,car,trim_3813,3085851338,-979.53,-1262.45,1329.57,1941.14,4.42,1.63,1.48,1606,155.2,54,0.898,,
5102,car,12109637075,9857750386,2100.52,1093.77,-273.34,-669.91,4.52,1.67,1.48,1875,150.8,27,0.7,,
5103,car,trim_7667,trim_910,-103.44,-1.71,-1261.88,-69.73,4.54,1.62,1.54,1438,163.0,77,0.931,,
5104,motorcycle,12098282519,9855373888,-1159.7,1154.05,2256.61,-1282.34,2.25,0.68,1.25,125,130.8,61,0.732,,
5105,car,trim_426,trim_5039,-1901.03,40.65,1928.01,-65.53,4.6,1.9,1.47,1033,174.9,38,0.799,,
5106,car,4227743930,trim_3614,-1245.82,1993.33,-807.25,-654.89,4.09,1.9,1.36,1232,175.8,24,0.746,,
5107,car,trim_4585,9843687275,-562.17,773.77,2289.52,818.08,4.58,1.9,1.56,1881,166.1,18,0.946,,
5108,car,trim_3094,11001317280,-54.16,232.07,-2097.86,-1118.09,4.5,1.61,1.44,1843,151.0,59,0.651,,
5109,car,trim_7935,11245412648,-2133.46,-705.33,-2210.59,816.41,4.01,1.84,1.43,1642,145.0,22,0.778,,
5110,car,trim_9492,12130698093,-537.32,-1012.57,-1050.61,414.93,4.53,1.67,1.36,1444,173.0,46,0.829,,
5111,car,trim_6672,trim_6141,1099.58,70.91,-1109.05,-873.04,5.1,1.66,1.41,1447,173.3,57,0.665,,
5112,car,trim_9546,4227798235,-863.4,-1061.06,1249.67,-6.25,4.16,1.83,1.62,1299,141.9,75,0.808,,
5113,car,trim_4313,trim_4211,963.71,-108.31,1239.41,664.41,4.93,1.66,1.58,1591,154.6,42,0.663,,
5114,car,9857331055,2960361503,-1967.88,-714.57,-988.02,-1167.89,4.84,1.9,1.64,1507,175.5,55,0.861,,
5115,car,trim_3272,trim_6480,18.12,-386.38,1694.96,-135.55,4.74,1.72,1.53,1391,145.8,23,0.808,,
5116,car,trim_6263,trim_7570,-684.31,-1399.29,-429.13,-778.79,4.79,1.81,1.54,1413,158.7,17,0.945,,
5117,car,9859493788,4219134347,520.95,-475.65,112.95,-2132.66,4.72,1.68,1.63,1348,143.6,24,0.802,,
5118,car,2962838279,trim_3125,-135.73,-1476.09,478.81,-518.76,4.77,1.75,1.48,1645,178.9,36,0.825,,
5119,car,11909810109,9857987886,2324.39,-915.36,-369.3,-524.92,4.91,1.75,1.36,1114,170.1,39,0.692,,
5120,car,trim_1008,trim_4631,-789.54,13.44,1652.53,-1045.71,4.22,1.9,1.53,1554,161.5,56,0.881,,
5121,car,11909810201,9709087004,2329.29,-1111.87,654.88,697.78,4.96,1.8,1.4,1293,165.6,51,0.867,,
5122,car,trim_4001,trim_6538,1408.06,694.02,664.15,-1132.11,4.66,1.82,1.49,1358,152.6,36,0.779,,
5123,truck,trim_465,9857625478,-2130.62,14.08,-1264.38,-1005.57,9.08,2.57,3.37,15948,76.1,40,0.757,,
5124,car,trim_1421,trim_6902,-2562.42,-87.82,-2204.65,1291.41,4.38,1.76,1.41,1662,143.1,32,0.807,,
5125,car,trim_5472,trim_5456,2333.54,38.56,2048.59,124.47,4.71,1.93,1.64,1444,171.4,49,0.695,,
5126,car,4227797888,11909810154,2225.32,-1289.05,2078.8,-495.52,4.81,1.68,1.59,1260,171.0,58,0.839,,
5127,car,4225077508,11909810109,-1815.76,1322.39,2324.39,-915.36,4.62,1.78,1.54,1557,175.4,41,0.79,,
5128,car,trim_6439,4227798502,1775.05,378.03,678.56,1465.82,4.17,1.9,1.41,1561,147.7,59,0.822,,
5129,motorcycle,2960361583,11056361049,-1370.91,-577.75,1296.69,502.51,1.89,0.67,1.07,139,158.9,64,0.755,,
5130,car,trim_1722,trim_2345,-102.34,-1324.81,-2233.43,-615.29,5.03,1.75,1.51,1517,162.6,35,0.893,,
5131,car,trim_4870,trim_9290,1057.88,-1493.54,-1552.21,1141.77,4.11,1.73,1.58,1374,144.2,21,0.816,,
5132,car,trim_8768,2960358831,-36.68,-30.15,-2340.09,-519.66,4.88,1.89,1.4,1801,168.6,42,0.796,,
5133,car,11168960893,trim_2135,580.61,1099.58,1406.92,939.61,4.2,1.9,1.48,1461,145.5,35,0.789,,
5134,car,trim_4635,12901340310,1320.14,-1457.69,219.3,-325.9,4.29,1.64,1.4,1737,165.1,68,0.866,,
5135,car,trim_6182,9168946283,-1424.99,-752.12,1677.11,409.08,4.13,1.69,1.41,1427,153.4,20,0.747,,
5136,car,trim_6444,trim_3636,1741.13,243.29,-579.63,-932.47,4.68,1.77,1.61,1444,160.0,20,0.871,,
5137,car,5170798250,trim_3213,188.62,-208.97,694.39,-75.94,4.14,1.72,1.53,1187,156.9,54,0.697,,
5138,car,9168911123,9859738812,-1546.1,-1439.88,861.2,-971.3,4.78,1.74,1.45,1714,156.6,21,0.702,,
5139,car,2962838299,7249093956,-13.54,-945.38,352.69,485.22,4.9,1.8,1.41,1032,175.1,59,0.761,,
5140,motorcycle,trim_5842,trim_3015,-890.07,805.02,-1642.94,1277.41,1.92,0.7,1.24,163,113.9,33,0.764,,
5141,car,trim_8745,trim_6271,-454.86,1374.24,-552.3,-759.31,4.52,1.82,1.4,1343,175.2,43,0.732,,
5142,truck,trim_7365,trim_7935,2004.2,-456.56,-2133.46,-705.33,11.92,2.47,2.52,11732,88.5,71,0.837,,
5143,car,trim_61,trim_5832,165.6,-191.72,-695.51,551.44,4.8,1.6,1.56,1393,177.5,66,0.802,,
5144,car,4225172407,trim_4626,-191.14,396.44,-840.17,908.46,4.24,1.78,1.38,1513,165.8,53,0.79,,
5145,car,trim_5951,11983071065,-953.59,-1453.93,1174.84,1335.14,4.51,1.74,1.4,1867,143.3,17,0.779,,
5146,motorcycle,11909810091,9859493775,2377.62,-990.64,403.4,-410.51,1.98,0.68,1.35,159,143.2,43,0.875,,
5147,car,trim_2919,9853181589,-1771.06,1276.63,938.51,-93.03,4.37,1.67,1.61,1031,160.2,67,0.772,,
5148,truck,trim_9638,9168834910,-1302.32,1010.63,-1797.56,990.21,8.6,2.57,3.19,13948,95.0,50,0.703,,
5149,car,trim_3183,4225172452,377.84,-460.52,455.18,550.12,4.18,1.62,1.56,1625,154.2,26,0.726,,
5150,car,trim_2194,trim_7381,-1017.43,870.77,1790.37,-564.38,4.93,1.67,1.53,1362,154.5,53,0.837,,
5151,car,trim_60,trim_5766,163.95,-187.05,-2054.33,-1046.42,4.37,1.75,1.37,1041,148.2,23,0.9,,
5152,car,2960326596,12144093195,-1793.18,41.51,799.63,321.99,4.51,1.8,1.36,1829,161.8,58,0.787,,
5153,car,9857987913,4225077486,-136.7,40.79,-2039.2,1187.09,4.67,1.95,1.61,1269,150.2,36,0.697,,
5154,car,12139823103,trim_5922,2038.64,-1445.62,-937.44,799.12,4.3,1.72,1.57,1152,168.3,71,0.721,,
5155,car,trim_3898,trim_1286,1072.97,6.49,-1354.01,333.05,5.07,1.6,1.54,1461,162.1,50,0.662,,
5156,car,trim_4613,trim_3839,-388.26,1011.29,-439.16,-1091.53,4.96,1.86,1.6,1526,152.7,54,0.836,,
5157,car,11909810177,trim_1671,2353.87,-913.64,-379.66,-1473.63,4.39,1.62,1.45,1599,168.2,50,0.77,,
5158,car,11909810142,trim_8623,2458.51,-795.57,244.94,-1209.65,4.18,1.81,1.47,1197,156.6,25,0.872,,
5159,motorcycle,trim_2166,9861682125,763.17,-225.43,-1442.7,-1049.35,2.01,0.76,1.16,150,105.3,38,0.721,,
5160,car,9853181586,trim_5832,930.94,45.32,-695.51,551.44,5.02,1.74,1.6,1114,141.0,26,0.763,,
5161,car,11491502799,9859566828,518.95,-1510.14,-1219.64,-239.78,4.3,1.73,1.42,1514,168.1,67,0.802,,
5162,car,trim_9021,2960299864,1035.69,142.39,-1252.9,-690.66,4.69,1.76,1.59,1896,160.1,38,0.655,,
5163,car,12901333700,9852333184,172.74,-266.58,59.54,844.65,4.71,1.64,1.4,1705,170.8,65,0.681,,
5164,car,6202106497,4225219832,1500.71,-1239.33,-408.06,-478.97,4.18,1.87,1.36,1724,140.1,17,0.922,,
5165,motorcycle,2962860493,trim_9658,-422.37,-1162.83,-1241.5,991.2,2.09,0.65,1.2,147,150.7,28,0.858,,
5166,car,9168966429,11187660593,984.44,1677.18,1862.88,945.66,4.69,1.63,1.45,1192,144.7,23,0.684,,
5167,car,trim_1765,9843437525,-100.92,-1269.54,2180.01,1350.12,4.98,1.68,1.53,1002,155.6,55,0.875,,
5168,car,4227798358,5170849681,2506.27,210.29,-1336.54,979.08,4.84,1.92,1.52,1162,154.7,75,0.772,,
5169,car,12096791263,9852465871,1155.93,38.23,-1845.3,-1498.77,4.75,1.71,1.42,1022,148.0,39,0.734,,
5170,car,trim_3196,trim_4607,228.79,697.57,-466.84,1113.61,5.0,1.75,1.48,1226,176.0,40,0.881,,
5171,bus,trim_5523,trim_3501,2509.27,206.77,-142.76,-334.05,12.23,2.47,3.36,11019,88.3,54,0.689,,
5172,car,9857173906,trim_2613,-2408.18,510.27,-1093.34,695.28,4.48,1.63,1.44,1191,163.7,19,0.959,,
5173,car,2960336726,trim_1031,-1446.82,107.76,-983.51,116.16,5.04,1.84,1.39,1068,172.8,59,0.699,,
5174,car,9857625490,trim_4890,-1130.3,-1421.88,249.79,-1411.56,4.42,1.77,1.41,1276,175.3,41,0.732,,
5175,motorcycle,9852893341,2970305280,-1417.9,-858.31,1099.74,-358.93,1.96,0.7,1.31,130,99.7,57,0.822,,
5176,car,12124302391,trim_4416,-898.94,-1135.46,2379.12,782.95,4.56,1.71,1.41,1645,157.9,43,0.828,,
5177,car,trim_3555,trim_1740,-777.92,388.87,-112.9,-1406.32,4.45,1.94,1.49,1495,179.9,44,0.737,,
5178,car,trim_9457,9857826615,2023.82,374.72,342.54,174.69,4.67,1.6,1.56,1265,178.2,52,0.672,,
5179,car,trim_5371,9843398601,1773.75,-260.78,1481.27,1106.15,5.04,1.86,1.37,1253,146.2,49,0.895,,
5180,motorcycle,trim_9272,trim_9368,-1764.71,854.66,1429.29,180.09,1.8,0.89,1.36,112,118.0,34,0.774,,
5181,car,6294257995,trim_5468,-2138.05,-688.99,1908.97,-92.78,4.72,1.8,1.43,1779,167.0,32,0.745,,
5182,car,trim_3261,trim_896,-124.56,307.16,-1312.71,-187.75,4.44,1.89,1.47,1268,158.6,35,0.833,,
5183,motorcycle,4227798146,9859738790,2069.03,-258.12,-578.98,-1239.72,2.0,0.89,1.29,251,104.2,78,0.885,,
5184,motorcycle,trim_907,trim_7184,-1317.97,-61.84,-2089.38,135.49,2.04,0.89,1.22,156,123.6,39,0.747,,
5185,car,trim_7976,5171028510,-976.77,483.56,-2574.41,91.4,4.78,1.6,1.59,1622,148.2,32,0.772,,
5186,car,trim_427,trim_8721,-1900.13,35.73,-941.62,1203.26,4.81,1.93,1.52,1121,143.8,73,0.73,,
5187,car,trim_6059,trim_2464,-1309.81,323.43,-2303.28,1010.02,4.73,1.77,1.53,1346,151.9,52,0.806,,
5188,car,trim_1789,6673295943,81.9,-1284.32,-776.72,749.95,4.39,1.71,1.49,1380,144.9,69,0.875,,
5189,car,trim_1213,trim_4074,-1718.93,-48.69,984.36,-68,4.6,1.8,1.45,1622,155.9,69,0.819,,
5190,car,9855703024,trim_3780,1609.56,-617.53,-576.27,-1111.7,4.17,1.78,1.52,1640,142.9,26,0.838,,
5191,car,9852331995,4225172429,-751.82,1008.9,-0.18,481.45,4.42,1.84,1.46,1153,175.2,36,0.833,,
5192,motorcycle,trim_2955,trim_949,-1752.03,1448.85,-612.72,-318.8,2.1,0.88,1.23,230,93.0,17,0.818,,
5193,car,trim_1496,trim_7707,-1264.44,-1211.73,511.94,-156.91,4.97,1.68,1.57,1860,169.5,25,0.67,,
5194,car,2960336800,12096791268,-1169.12,-249.85,1117.35,117.61,4.52,1.61,1.6,1125,149.4,62,0.81,,
5195,car,trim_7541,trim_4866,-724.65,-884.36,829.65,651.38,4.77,1.89,1.56,1125,165.0,20,0.796,,
5196,car,trim_4043,trim_5579,763.96,292.93,1631.21,-252.37,4.05,1.67,1.46,1498,148.9,61,0.667,,
5197,car,9880891784,12129291892,1052.16,878.29,1946.95,254.28,5.05,1.82,1.65,1524,170.5,76,0.99,,
5198,car,5170801503,trim_8117,2063.51,484.25,-558.02,764.19,4.91,1.76,1.4,1496,158.7,72,0.956,,
5199,car,trim_5956,trim_5670,-963.87,-1484.32,1303.16,-474.2,4.27,1.6,1.52,1264,145.2,65,0.852,,
5200,motorcycle,trim_1634,trim_1706,-1471.52,-518.25,-123.86,-1461.59,2.22,0.73,1.16,213,145.7,64,0.735,,
5201,car,trim_8007,trim_4189,2182.25,-923.79,1613.06,-290.25,4.03,1.74,1.6,1344,142.6,54,0.852,,
5202,car,trim_4620,trim_8364,-643.96,713.75,-1094.92,-216.38,4.14,1.78,1.48,1045,173.7,26,0.666,,
5203,car,trim_7276,2960366916,-1768.73,-1251.93,-1525.58,-411.8,4.01,1.7,1.63,1197,144.8,53,0.875,,
5204,car,4225324860,11586812702,-436.07,912.26,-18.1,-25.27,4.6,1.86,1.37,1864,157.5,68,0.742,,
5205,ambulance,4224980815,trim_5590,-2030.74,386.09,1775.96,-180.33,5.52,2.1,2.4,3409,158.1,59,0.463,a_352730718_c,Hospital (amenity a_352730718_c)
5206,car,trim_6381,trim_1733,2278.33,548.4,-8.7,-1440.76,4.96,1.75,1.6,1532,162.8,16,0.836,,
5207,car,trim_1062,trim_6633,-996.21,15.29,2203.75,-817.23,5.07,1.83,1.58,1100,171.4,27,0.819,,
5208,car,4225324885,trim_9015,-158.96,1047.72,971.51,191.72,5.08,1.94,1.59,1246,142.3,58,0.895,,
5209,car,11187495575,2960336644,1897.32,588.41,-1521.21,-155.79,4.72,1.75,1.39,1455,147.8,17,1.015,,
5210,car,trim_1485,trim_4303,-1185.6,-1098.72,1534.02,640.16,4.53,1.83,1.37,1219,156.4,36,0.694,,
5211,ambulance,4224980815,trim_1917,-2030.74,386.09,-385.22,-1283.05,6.23,2.18,2.45,3153,134.4,42,0.582,a_352730796_c,HOD Ghaziabad - House Of Diagnostics
5212,truck,trim_8226,trim_393,300.78,-1154.87,-2154.31,63.91,8.59,2.39,3.17,15926,73.6,52,0.847,,
5213,car,6735189831,trim_4959,2412.27,-549.22,252.6,-1500.25,4.48,1.89,1.43,1431,172.9,37,0.821,,
5214,car,11176501128,11198935208,-1619.77,-485.35,-1893.28,-679.83,4.11,1.62,1.4,1544,144.0,59,0.78,,
5215,car,trim_2104,trim_5940,360.16,-215.23,116.28,-1458.38,4.38,1.64,1.38,1331,143.2,31,0.857,,
5216,car,trim_1568,trim_3385,-1228.99,-538.63,15.2,-459.1,4.31,1.62,1.41,1671,150.0,59,0.808,,
5217,car,11499313281,trim_6879,-185.52,1038.98,-2264.99,855.52,4.56,1.78,1.35,1706,178.5,30,0.862,,
5218,car,3887993335,trim_5490,1700.31,1151.2,2255.54,310.02,4.37,1.68,1.37,1446,155.3,22,0.686,,
5219,car,trim_7730,trim_2874,152.82,-377.08,-2263.81,852.68,4.62,1.66,1.51,1570,162.2,75,0.878,,
5220,car,trim_5002,2960366920,1124.33,1455.19,-1658.05,-490.48,4.51,1.63,1.37,1554,173.8,45,0.727,,
5221,car,trim_180,4223620632,282.95,100,-2508.43,-707.39,4.49,1.62,1.64,1011,172.7,48,0.769,,
5222,motorcycle,10308420017,trim_854,-471.18,-1473.59,-1178.07,-192.2,2.08,0.7,1.23,251,105.1,26,0.824,,
5223,car,12901265236,trim_673,-534.38,-1007.1,-1561.56,631.68,4.19,1.82,1.61,1748,152.0,45,0.655,,
5224,car,2960336694,10259407500,-1583.69,-397.77,2304.51,-985.11,4.34,1.8,1.51,1530,145.9,57,0.791,,
5225,car,trim_5466,11909810195,1891.05,-89.75,2419.86,-1169.5,4.64,1.89,1.35,1019,143.7,73,0.835,,
5226,car,trim_1821,12124137957,-142.31,-963.92,-522.81,-793.69,4.67,1.69,1.46,1055,144.2,62,0.672,,
5227,car,trim_84,trim_4188,287.82,-864.59,1608.67,-287.86,4.69,1.68,1.48,1350,155.6,77,0.771,,
5228,bus,trim_7706,trim_2276,508.17,-178.28,1081.35,883.34,10.36,2.54,3.33,9606,82.4,33,0.849,,
5229,car,9857115606,trim_9450,-2174.51,-1123.09,-784.91,524.03,4.57,1.64,1.44,1471,173.3,25,0.778,,
5230,car,2970305415,trim_9442,-1021.85,1584.68,-1347,458.68,4.63,1.81,1.42,1253,175.9,23,0.732,,
5231,car,trim_683,12144193860,-1263.47,499.25,1053.9,332.98,4.94,1.71,1.58,1154,171.6,68,0.893,,
5232,car,trim_1047,trim_7142,-947.68,109.08,-2350.3,202,4.17,1.85,1.52,1367,178.0,50,0.796,,
5233,car,trim_8058,trim_4133,2410.78,-1047.38,2528.66,854.63,4.52,1.85,1.61,1061,165.0,24,0.76,,
5234,car,9880891784,trim_430,1052.16,878.29,-2301.3,138.59,4.43,1.95,1.51,1338,172.7,33,0.675,,
5235,car,trim_8350,9857331055,-30.18,714.94,-1967.88,-714.57,4.4,1.79,1.41,1311,177.6,22,0.852,,
5236,car,trim_4383,2960299883,2138.23,978.26,-1986.16,660.81,4.04,1.9,1.46,1411,173.1,36,0.858,,
5237,car,trim_9195,trim_6811,1878.02,904.76,-276.34,645.56,5.06,1.73,1.62,1250,167.2,56,0.749,,
5238,car,11235781125,trim_6015,-2349.29,1286.04,-1505.2,1192.73,4.1,1.76,1.59,1101,143.3,31,0.685,,
5239,car,12141514987,6294258015,-2229.11,976.69,-2056.33,-1029.08,4.12,1.84,1.36,1304,161.1,40,0.841,,
5240,truck,trim_4468,3840460029,-529.46,991.52,-2226.09,1294.4,8.94,2.48,2.74,15430,82.3,62,0.83,,
5241,car,11056361040,trim_6670,1245.62,480.92,1126.86,127.02,4.38,1.75,1.45,1640,176.6,46,0.697,,
5242,car,trim_1875,trim_6254,-330.87,-979.27,-598.67,-1226.91,4.67,1.82,1.54,1482,173.6,69,0.706,,
5243,car,trim_6028,trim_6494,-1233.43,1254.64,264.09,-41.78,4.84,1.84,1.5,1861,170.1,48,0.701,,
5244,car,trim_9360,9855014982,922.39,407.95,1423.68,-273.76,4.65,1.91,1.6,1486,148.7,31,0.823,,
5245,car,2962861569,trim_9624,-700.24,-1571.14,81.97,-892.68,4.78,1.68,1.52,1509,148.7,17,0.84,,
5246,car,2960312512,trim_5201,-1399.59,-106.22,2163.64,-189.21,4.54,1.88,1.48,1499,173.3,18,0.767,,
5247,car,trim_2145,trim_480,1865.41,986.35,-2148.61,300.37,4.96,1.75,1.57,1133,154.1,78,0.789,,
5248,car,9852961417,12143627173,-1359.77,-1082.25,-914.64,-1159.2,4.88,1.62,1.45,1051,167.3,75,0.934,,
5249,car,9850223962,trim_7932,-841.06,1826.31,-1246.74,-1409.08,4.3,1.67,1.53,1061,163.8,30,0.779,,
5250,car,trim_5286,trim_380,1823.01,-161.28,-1829.08,152.44,4.57,1.91,1.51,1487,155.2,68,0.827,,
5251,car,4224981087,trim_7639,-2490.77,889.83,336.91,-276.23,4.45,1.67,1.64,1605,159.0,24,0.764,,
5252,car,trim_4889,trim_4791,242.24,-1352.85,-1502.52,1190.57,4.35,1.81,1.56,1613,168.3,39,0.822,,
5253,car,8838171106,9857826575,-878.96,-317.13,102.43,-316.25,4.39,1.7,1.51,1553,177.0,27,0.818,,
5254,car,9854981084,trim_3232,1914.45,-537.54,128.03,-484.3,4.76,1.69,1.6,1715,170.1,76,0.769,,
5255,car,trim_5741,trim_6175,-2139.65,-748.81,-1600.92,-595.81,4.59,1.94,1.45,1304,152.9,36,0.716,,
5256,car,trim_8617,trim_3765,-335.5,-1126.34,-682.1,-1244.36,4.59,1.79,1.64,1782,175.0,65,0.76,,
5257,car,9852290900,trim_4818,-133.49,1048.61,209.98,-1208.6,4.4,1.61,1.42,1517,176.8,41,0.781,,
5258,car,trim_1801,trim_692,-319.71,-798.85,-1243.38,721.14,5.01,1.89,1.37,1788,140.9,46,0.719,,
5259,car,trim_1097,9857647460,-787.87,-427.52,-991.85,-1208.33,4.72,1.79,1.44,1497,175.5,38,0.786,,
5260,car,trim_7211,5170798235,-1800.13,21.33,96.91,204.94,5.03,1.71,1.44,1159,159.0,71,0.882,,
5261,car,trim_5192,trim_1207,1779.79,-245.04,-1696.46,-126.86,4.39,1.75,1.58,1194,166.5,77,0.999,,
5262,car,trim_9246,2960312511,2271.89,638.19,-1408.98,-109.83,4.55,1.8,1.42,1287,151.9,66,0.824,,
5263,car,9854981044,9859931204,2052.22,-450.67,-1982.73,-141.62,4.99,1.94,1.4,1057,169.9,21,0.866,,
5264,car,12918589237,9843433158,-819.79,666.46,1414.18,628.85,4.33,1.81,1.52,1092,158.4,40,0.664,,
5265,truck,11198935219,trim_3008,-1918.11,-711.67,-1798.42,1206.98,9.4,2.3,3.31,12646,91.6,80,1.011,,
5266,car,trim_9538,trim_1220,-684.92,-1396.03,-1486.97,-139.94,4.31,1.76,1.37,1017,163.0,31,0.673,,
5267,car,2960361433,9168959352,-2461.14,-403.53,1223.23,-136.98,4.79,1.72,1.57,1147,159.3,66,0.693,,
5268,car,trim_7754,9857682490,-1018.18,-465.33,-843.4,-676.11,4.69,1.61,1.51,1312,170.3,59,0.743,,
5269,car,trim_7268,trim_6228,-2098.18,-847.33,-1446.56,-1132.1,4.06,1.69,1.43,1310,174.1,64,0.82,,
5270,motorcycle,trim_15,trim_7823,-2444.96,34.91,-1664.99,-903.23,1.99,0.76,1.1,166,100.8,39,0.655,,
5271,car,3840484485,trim_6904,2144.11,688.69,-2089.51,1133.17,4.35,1.8,1.6,1505,162.6,18,0.82,,
5272,car,trim_9283,trim_8237,-1622.06,1024.86,-2300.56,-758.89,4.13,1.68,1.49,1353,169.6,74,0.786,,
5273,car,trim_3251,trim_7590,339.1,-149.91,-688.88,-864.91,4.24,1.91,1.43,1882,147.7,34,0.707,,
5274,car,trim_709,2960336645,-1349.33,799.08,-1525.8,-158.34,5.02,1.92,1.48,1428,177.0,64,0.747,,
5275,ambulance,9859618307,trim_5861,-924.07,-526.04,-264.17,672.41,5.83,2.25,2.52,4435,131.7,52,0.489,a_4562908189,Hospital (amenity a_4562908189)
5276,car,12131201622,12127352320,-880.29,160.02,-746.64,1266.9,4.66,1.94,1.57,1799,157.7,76,0.977,,
5277,car,trim_8885,2960300022,2037.91,-624.77,-1040.78,785.8,4.87,1.79,1.55,1395,154.9,54,0.742,,
5278,car,9857249936,3888008200,-2068.29,-12.14,1760.74,1399.99,4.64,1.7,1.48,1218,155.4,32,0.862,,
5279,car,9859655298,9858060927,-501.92,-85.67,277.79,256.16,4.62,1.73,1.47,1130,166.7,78,1.024,,
5280,bus,9855703021,4225324760,1227.9,-13.39,1168.72,610.89,9.38,2.51,3.29,10360,77.8,24,0.718,,
5281,motorcycle,trim_4771,11198935224,-475,1485.6,-1985.73,-670.1,2.04,0.77,1.16,251,144.4,73,0.895,,
5282,car,4630274537,trim_5766,133.19,-4.07,-2054.33,-1046.42,4.21,1.78,1.48,1698,180.0,38,0.774,,
5283,car,11176442507,trim_8703,-656.11,-1016.09,-576.78,871.19,5.04,1.94,1.61,1601,160.2,64,0.76,,
5284,ambulance,2960326747,trim_4959,-1581.18,-14.65,252.6,-1500.25,6.28,2.22,2.48,2518,147.4,19,0.676,a_7018033056,"Chandra Laxmi Hospital, Maliwara Chowk"
5285,car,trim_7561,9843492412,-442.36,-1052.58,1442.6,872.34,4.52,1.94,1.47,1130,142.8,42,0.715,,
5286,car,trim_7126,trim_4867,-2318.84,209.78,834.55,652.35,4.1,1.85,1.61,1695,153.8,26,0.683,,
5287,car,trim_8851,2960336667,2451.02,-1045.03,-1557.91,-355.58,4.08,1.9,1.56,1113,164.6,77,0.926,,
5288,ambulance,trim_842,trim_9616,-1358.69,58.19,-217.38,-464.35,6.25,2.22,2.7,3354,151.5,48,0.559,a_7018342523,"Lokpriya Hospital, Ghaziabad"
5289,car,trim_8531,trim_6141,-2480.15,201.51,-1109.05,-873.04,4.06,1.88,1.5,1720,169.5,46,0.804,,
5290,car,trim_6033,11001379067,-1400.55,1128.43,-2407.37,-1027.61,4.12,1.91,1.56,1333,174.7,39,0.747,,
5291,car,trim_7643,trim_7993,157.27,-133.42,-1395.88,-1149.02,4.15,1.95,1.64,1337,146.2,62,0.83,,
5292,car,trim_4554,12098345437,-941.58,1291.35,-1785.35,1550.57,5.06,1.94,1.41,1285,155.2,46,0.685,,
5293,car,2960361502,4225170887,-1012.67,-1156.89,937.21,-744.37,4.18,1.91,1.56,1074,166.1,80,0.813,,
5294,car,trim_231,9857826612,907.8,354.84,441.08,-332.48,4.82,1.81,1.37,1648,179.0,48,0.761,,
5295,car,12144079003,trim_9172,920.13,1346.36,1906.25,773.03,4.9,1.72,1.48,1437,151.6,43,0.687,,
5296,motorcycle,trim_3121,trim_5258,1264.6,-854.3,2263.17,-24.98,2.24,0.67,1.09,209,160.0,46,0.754,,
5297,car,trim_8540,trim_1504,-659.79,913.85,-1204.53,-1129.04,4.8,1.69,1.51,1322,160.5,17,0.901,,
5298,car,trim_6834,trim_333,-2019.42,335.94,-325.23,625.24,4.57,1.86,1.41,1520,171.3,56,0.778,,
5299,car,9168861200,trim_6343,-1429.57,-660.17,1920.74,917.14,4.47,1.77,1.62,1171,142.1,34,0.715,,
5300,car,7219691565,4224980993,2246.94,-1300.68,-2212.95,578.14,4.93,1.78,1.45,1488,164.6,19,0.86,,
5301,car,trim_3228,4224981033,-84.13,606.72,-2388.98,723.91,5.02,1.61,1.44,1472,178.9,69,0.727,,
5302,car,trim_1685,4225077538,-195.86,-1270.99,-1714.33,1689.25,4.32,1.85,1.45,1806,176.9,79,0.834,,
5303,car,2960366915,11909810198,-1526.09,-420.98,2396.1,-1180.94,4.43,1.94,1.42,1128,161.2,51,0.849,,
5304,car,9843336857,trim_5877,1086.79,1799.82,-1951.72,334.88,4.64,1.66,1.44,1221,162.7,21,0.797,,
5305,car,trim_204,trim_9341,252.32,-525.76,1029.47,979.62,4.09,1.65,1.4,1677,153.6,28,0.897,,
5306,car,2960326544,trim_9348,-1130.73,473.96,1062.04,958.47,4.56,1.63,1.46,1251,153.0,29,0.829,,
5307,motorcycle,trim_183,9843521238,354.92,129.04,1412.7,560.96,1.88,0.71,1.05,225,150.2,73,0.855,,
5308,car,trim_191,trim_57,576.25,222.89,131.17,8.09,4.68,1.86,1.41,1143,169.0,19,0.829,,
5309,car,9854981060,9852371328,2027.83,-455.06,-1578.91,-396.26,4.96,1.78,1.44,1145,158.7,48,0.87,,
5310,car,trim_4062,12141557824,2435.03,979.65,-2313.8,1389.27,4.3,1.82,1.37,1056,172.2,42,0.685,,
5311,car,trim_6408,trim_9678,2389.85,613.2,-237.55,679.83,5.02,1.88,1.59,1218,168.6,77,0.829,,
5312,car,9852893340,trim_6333,-1416.91,-861.96,1968.91,1143.26,4.6,1.79,1.37,1381,169.7,59,0.801,,
5313,car,trim_3440,11235781125,-324.19,-63.65,-2349.29,1286.04,4.6,1.65,1.41,1820,167.2,26,0.687,,
5314,car,9852317025,trim_6078,315.5,846.42,-1806.66,1036.71,4.55,1.78,1.57,1152,148.2,77,0.906,,
5315,car,trim_8176,9843848025,2031.63,-789.23,2472.14,680.53,4.14,1.87,1.45,1019,156.5,23,0.764,,
5316,car,trim_1536,12816120847,-1037.83,-1024.94,-412.9,-283.19,4.77,1.86,1.57,1735,147.5,54,0.713,,
5317,bus,4227743644,7222863951,339.7,-1547.46,-971.89,-1445.54,10.2,2.55,3.57,9955,88.1,72,0.737,,
5318,car,trim_5496,9857682449,2383.22,329.47,-508.99,-1148.51,4.12,1.88,1.56,1374,161.1,78,0.833,,
5319,car,9858060920,trim_13,369.86,-157.03,-2380.01,115.72,4.14,1.66,1.59,1286,169.0,70,0.922,,
5320,car,trim_6744,trim_5855,-433.53,788.46,2358.77,-750.54,5.06,1.78,1.46,1192,144.0,17,0.97,,
5321,car,trim_8538,trim_5199,-1721.54,-1463.89,1782.83,-223.15,4.94,1.79,1.45,1641,145.4,40,0.82,,
5322,car,3888008196,9857249940,1771.9,1339.04,-2004.2,-120.1,4.52,1.61,1.41,1570,164.2,65,0.726,,
5323,motorcycle,12124070199,9168883518,2540.64,732.25,-1608.26,-834.5,1.8,0.71,1.32,232,155.1,19,0.832,,
5324,car,trim_4801,trim_2846,-1126,1033.22,-2570.29,864.7,5.03,1.91,1.56,1277,178.6,21,0.745,,
5325,car,9857583729,trim_8605,-1030.9,-86.97,-631.85,-1335.9,4.34,1.85,1.35,1661,165.2,67,0.836,,
5326,car,trim_3722,trim_8282,-808.3,-1238.17,2028.14,-791.67,4.24,1.83,1.56,1311,145.7,58,0.847,,
5327,car,trim_3570,9859736952,426.73,-1133.75,41.7,109.72,4.98,1.9,1.61,1889,158.9,21,0.89,,
5328,car,2960361437,4225352020,-2476.66,-361.68,-1018.78,1474.03,4.96,1.66,1.65,1323,145.3,37,0.661,,
5329,car,trim_2527,4227798443,406.87,1443.15,2464.28,444.92,4.63,1.73,1.65,1044,162.8,19,0.783,,
5330,bus,4225172466,trim_3492,243.55,599.14,-75.07,-97.11,11.97,2.42,3.51,13187,78.6,39,0.716,,
5331,motorcycle,5170679563,9857647508,-1328.06,782.03,-653.8,-1326.39,1.98,0.79,1.3,225,153.3,40,0.792,,
5332,car,2960366923,trim_624,-1683.22,-485.09,-2183.13,558.39,4.46,1.62,1.47,1478,169.1,62,0.766,,
5333,car,trim_6023,11080052827,-1342.53,1305.36,-2285.9,-75.54,4.04,1.76,1.63,1109,140.8,60,0.663,,
5334,car,9843336877,9843692467,1258.21,1546.96,2271.54,1013.39,4.99,1.72,1.47,1871,148.0,75,0.946,,
5335,car,trim_1860,3887993273,-444.05,-651.28,1542.97,1015.53,4.76,1.72,1.6,1248,143.5,70,0.852,,
5336,car,4227743680,trim_473,976.98,-1422.34,-2353.73,2.06,4.84,1.86,1.48,1270,161.5,64,0.767,,
5337,motorcycle,9857350832,trim_9669,-2006.2,241.85,-1620.03,385.18,2.27,0.83,1.14,202,155.7,51,0.691,,
5338,motorcycle,1680212871,trim_4386,-1683.8,715.54,2217.12,930.15,1.8,0.65,1.37,112,138.8,43,0.84,,
5339,car,12130429764,4219222663,-1575.54,726.48,1603.14,-1674.63,4.21,1.78,1.5,1088,170.3,46,0.777,,
5340,car,trim_6563,trim_5220,950.65,-1213.97,1960.32,-157.81,5.05,1.65,1.6,1847,167.4,44,0.706,,
5341,motorcycle,9843204337,2960326619,-1432.62,1411.6,-2122.34,-291.49,2.19,0.69,1.31,241,104.6,46,0.717,,
5342,motorcycle,2960299871,trim_8297,-1602.35,152.15,1799.37,526.12,1.97,0.68,1.22,165,127.7,69,0.94,,
5343,motorcycle,trim_8200,5170798251,-1079,839.48,204.35,-216.44,1.82,0.81,1.06,243,131.9,31,0.782,,
5344,car,11168770281,4225324599,38.55,654.06,1722.21,-399.39,4.71,1.69,1.53,1215,148.6,42,0.889,,
5345,car,trim_5722,trim_7436,-1443.34,745.63,-2035.29,399.51,4.64,1.7,1.39,1873,165.7,65,0.891,,
5346,car,trim_5736,trim_5592,-2388.87,-678,2023.88,331.35,4.09,1.71,1.56,1570,167.0,22,0.812,,
5347,car,trim_508,9844249459,-1703.67,681.96,-1930.9,543.23,4.41,1.87,1.49,1089,167.6,30,0.777,,
5348,truck,2960336677,trim_5353,-1656.06,-203.75,2037.66,-191.59,10.41,2.47,3.72,10403,90.0,51,0.719,,
5349,car,trim_6812,trim_1959,-271.42,646.44,-66.8,2632.35,5.03,1.71,1.38,1178,161.7,47,0.777,,
5350,motorcycle,trim_8650,trim_6307,277.98,-1227.8,-1518.28,-1408.66,2.14,0.86,1.24,156,133.1,36,0.888,,
5351,car,trim_6215,trim_5014,-1474.14,-1123.76,2362.16,-749.59,5.09,1.76,1.37,1776,178.4,73,0.792,,
5352,motorcycle,trim_630,9843057343,-2102.73,653.93,-2631.76,1109.74,1.82,0.66,1.18,170,114.2,78,0.801,,
5353,motorcycle,trim_2889,9988275074,-1986.64,971.73,-494.75,1180.23,1.92,0.81,1.24,242,101.6,77,0.887,,
5354,car,trim_7042,trim_1716,-2237.27,1224.06,-180.54,-1417.53,4.85,1.85,1.53,1553,140.0,18,0.815,,
5355,car,trim_8483,trim_4737,-1863.84,705.43,-1167.01,1098.26,4.68,1.74,1.53,1323,156.1,28,0.671,,
5356,car,trim_8523,trim_5948,-1337.66,-1021.52,75.41,-1474.04,4.61,1.79,1.39,1078,140.7,77,0.848,,
5357,motorcycle,9852243274,trim_8468,-1196.67,1280.68,2022.73,1025.18,1.91,0.79,1.13,198,112.5,41,0.823,,
5358,car,trim_2035,trim_2559,1539.75,-263.4,2333.06,730.55,5.05,1.8,1.64,1121,165.2,68,0.927,,
5359,car,trim_3380,trim_1313,136.84,-522.99,-1080.4,292.38,4.75,1.64,1.49,1582,161.8,43,0.713,,
5360,car,4225351684,9843385447,1819.02,842.31,-2161.01,1312.01,4.3,1.81,1.46,1252,167.4,38,0.657,,
5361,car,trim_1519,trim_7908,-1180.43,-937.03,-629.06,-1203.44,4.84,1.91,1.52,1138,171.0,46,0.664,,
5362,car,trim_4187,9852405447,1546.99,-254.28,-2365.88,-294.62,4.92,1.79,1.55,1637,171.1,63,0.751,,
5363,car,4227798286,trim_5710,2289.56,50.02,1672.18,-731.61,4.82,1.82,1.57,1776,160.3,60,0.861,,
5364,car,11909810125,2970305429,2445.4,-926.62,-732.89,1810.31,5.01,1.68,1.38,1547,170.2,39,0.76,,
5365,car,trim_5415,12098320586,1620.25,-518.97,-1639.67,1342.48,4.93,1.88,1.48,1705,151.5,79,0.936,,
5366,car,12143948732,trim_9154,1024.99,983.35,-1097.3,-218.99,4.89,1.65,1.64,1071,162.3,65,0.816,,
5367,car,trim_140,9852463818,260.46,-683.69,-2478.42,-741.84,5.07,1.76,1.38,1006,151.4,38,0.663,,
5368,car,trim_626,trim_1875,-2150.51,596.95,-330.87,-979.27,4.24,1.62,1.44,1410,179.8,29,0.768,,
5369,car,4225172357,trim_8222,-508.2,230.11,238.59,-1122.54,4.55,1.82,1.35,1713,141.1,17,0.989,,
5370,car,9859493780,trim_5139,416.79,-457.21,2226.07,151.12,4.26,1.89,1.56,1152,144.7,18,0.804,,
5371,car,11136067654,5170798256,-1368.09,-1344.34,312.45,-267.73,4.1,1.89,1.42,1708,165.7,36,0.677,,
5372,car,trim_2860,trim_7913,-2496.13,1306.54,-1421.32,419.52,4.61,1.85,1.37,1135,170.7,34,0.717,,
5373,car,4227798292,trim_1293,2157.74,97.34,-1291.43,312.71,4.49,1.75,1.44,1340,160.7,55,0.757,,
5374,motorcycle,trim_4615,trim_877,-379.56,966.84,-1301.54,-341.05,1.85,0.88,1.27,222,103.7,66,0.896,,
5375,car,trim_1087,9852371328,-904.65,-267.88,-1578.91,-396.26,4.49,1.77,1.36,1898,178.5,29,0.723,,
5376,car,9168850566,trim_1472,-1500.87,1016.01,-1456.4,-868.4,5.1,1.64,1.41,1606,170.2,44,0.706,,
5377,car,trim_1054,trim_3773,-746.5,131.73,-214.26,-625.99,4.14,1.86,1.45,1109,158.8,64,0.786,,
5378,bus,trim_3343,trim_4778,-227.1,-219.24,1052.29,275.38,10.32,2.48,3.37,8709,91.9,36,0.832,,
5379,car,trim_6015,11491162937,-1505.2,1192.73,-207.48,-1064.97,4.5,1.61,1.6,1731,157.0,64,0.739,,
5380,car,11362459497,trim_1623,-1583.38,-1379.29,-1648.78,-576.62,4.33,1.79,1.48,1756,158.0,56,0.8,,
5381,car,5170849686,9843050542,-1415.72,971.93,-2318.01,611.69,4.48,1.67,1.55,1725,160.3,21,0.876,,
5382,car,trim_4123,trim_7285,1870.89,947.02,-1960.58,-1475.3,4.81,1.74,1.39,1590,149.9,76,0.819,,
5383,car,9852411625,trim_5461,-2417.23,-508.45,2064.87,-0.37,4.62,1.7,1.58,1622,177.1,38,0.759,,
5384,car,trim_4494,trim_6089,-815.27,1364.89,-1769.25,883.11,4.44,1.72,1.37,1221,172.8,63,0.715,,
5385,car,trim_8532,2962861565,-2461.58,223.98,-625.43,-1632.27,4.82,1.86,1.4,1876,179.8,42,0.684,,
5386,car,trim_5254,9853262754,2206.69,-32.69,1432.72,437.81,4.0,1.72,1.59,1612,163.4,17,1.016,,
5387,car,trim_4961,9857249936,252.62,-1530.64,-2068.29,-12.14,4.74,1.65,1.55,1312,171.1,79,0.89,,
5388,car,trim_1610,9853262753,-1370.08,-688.43,1442.31,432.44,4.06,1.78,1.41,1733,141.3,24,0.858,,
5389,car,9168951425,9859525121,343.91,-10.48,-713.21,423.16,4.86,1.6,1.39,1616,166.0,60,0.835,,
5390,car,trim_5348,trim_475,2102,132.24,-1936.42,250.51,4.34,1.82,1.52,1443,175.7,74,0.741,,
5391,car,trim_1979,2960312517,120.31,755.29,-1282.46,-392.21,4.31,1.86,1.5,1101,157.6,36,0.723,,
5392,car,trim_9243,trim_825,-512.12,-202.45,-1296.79,167.54,4.35,1.81,1.42,1182,154.9,22,0.892,,
5393,car,trim_6618,trim_9339,2007.88,78.72,708.95,627.94,4.46,1.65,1.56,1625,155.7,74,0.785,,
5394,car,trim_536,trim_8483,-1837.8,-1337.88,-1863.84,705.43,4.67,1.66,1.55,1051,175.6,47,0.686,,
5395,car,trim_7721,11498996005,339.95,-929.65,549.21,403.1,4.96,1.74,1.48,1057,174.6,25,0.778,,
5396,car,trim_5270,2960300002,2142.36,428.54,-1495.04,970.22,4.12,1.69,1.45,1549,172.1,36,0.829,,
5397,motorcycle,2960299869,9852168754,-1528.29,4.06,-1722.39,445.81,2.2,0.88,1.35,193,136.8,18,0.777,,
5398,car,trim_63,trim_5491,244.28,-235.31,2260.5,310.67,4.12,1.79,1.54,1029,141.4,55,0.746,,
5399,car,trim_6297,trim_8408,-266.75,-1122.41,-1605.62,179.66,4.1,1.68,1.38,1879,176.0,48,0.878,,
5400,truck,11909810170,trim_6821,2146.88,-697.92,-2509.03,-28.81,11.01,2.4,2.89,5945,99.6,47,0.865,,
5401,car,12129328463,9852290903,1635.04,396.64,348.77,1050.68,4.65,1.75,1.65,1272,164.8,60,0.814,,
5402,truck,trim_6846,trim_8500,-2297.26,262.99,1725.46,-58.64,6.14,2.36,2.76,10638,91.4,67,0.753,,
5403,car,trim_7770,12129753490,-909.51,-525.73,-1316.21,694.03,5.03,1.69,1.45,1809,152.7,16,0.816,,
5404,motorcycle,11499043129,trim_148,-808.43,1016.49,393.62,-760.22,2.01,0.71,1.14,113,117.5,71,0.863,,
5405,car,trim_8325,trim_6138,-307.08,-1301.64,-1072.94,-739.58,4.69,1.84,1.5,1563,172.9,42,0.716,,
5406,car,trim_6991,9852338761,2417.28,792.43,-2068.28,-272.7,4.38,1.7,1.61,1493,157.3,24,0.821,,
5407,car,trim_4501,trim_4695,1751.45,783.01,1264.44,103.62,4.38,1.61,1.36,1239,178.5,25,0.858,,
5408,bus,4227797969,trim_1433,2458.11,-564.3,-2394.35,-469.54,12.32,2.48,3.13,8920,91.3,67,0.761,,
5409,car,trim_1347,trim_9674,-2224.18,-211.71,-1518.57,-1275.19,4.22,1.92,1.38,1031,164.7,29,0.866,,
5410,car,trim_9654,trim_479,-1351.72,1354.72,-2142.14,208.98,5.05,1.92,1.43,1678,178.6,49,0.839,,
5411,car,trim_4678,2960299840,335.52,-1408.68,-2059.92,-1130.74,4.81,1.8,1.52,1142,140.7,22,0.882,,
5412,car,trim_7730,9168986473,152.82,-377.08,194.76,579.21,4.94,1.68,1.55,1848,166.4,66,0.692,,
5413,car,trim_1965,4227743776,186.35,1281.43,1349.69,-206.12,4.15,1.79,1.46,1672,144.8,37,0.827,,
5414,car,trim_4474,trim_1457,-453.8,1003.14,-1625.47,-795.92,4.12,1.78,1.57,1696,140.1,19,0.817,,
5415,car,trim_1878,trim_9189,-386.07,-1070.13,2266.36,544.49,4.83,1.64,1.41,1831,166.2,37,0.717,,
5416,car,9843556954,9843050538,1895.12,540.59,-2534.25,892.66,4.54,1.63,1.49,1110,168.6,71,0.712,,
5417,car,trim_8383,trim_1508,-432.18,-308,-1167.83,-1065.97,4.09,1.77,1.53,1824,146.0,45,0.886,,
5418,car,trim_3545,4225324760,610.47,-160.68,1168.72,610.89,4.62,1.69,1.41,1186,176.2,47,0.738,,
5419,car,4225351644,trim_4728,1347.78,-408.11,283.18,-1311.27,4.83,1.9,1.57,1647,179.3,18,0.933,,
5420,car,trim_1812,9843398601,-25.63,-1011.64,1481.27,1106.15,4.03,1.69,1.43,1402,159.9,70,0.838,,
5421,car,trim_9615,4225172422,-328.88,-301.77,-14.14,456.35,4.67,1.66,1.51,1116,151.4,36,0.853,,
5422,car,9857826569,trim_2768,3.29,-361.2,-2461.37,458.3,4.21,1.65,1.5,1191,157.3,52,0.811,,
5423,car,9843398603,trim_1223,1730.86,1161.7,-1506.34,-217.01,4.73,1.82,1.61,1127,168.7,43,0.877,,
5424,car,trim_4432,trim_6599,1168.49,31.16,1861.22,-682.72,4.17,1.75,1.49,1784,169.0,66,0.788,,
5425,truck,5170798252,9853181591,216.86,-222.37,1035.21,-144.05,8.04,2.33,2.95,6500,85.6,78,1.015,,
5426,car,trim_8723,trim_5852,-353,653.16,2311.11,-829.97,4.52,1.81,1.43,1419,167.9,72,0.826,,
5427,truck,9857157137,trim_5006,1160.48,20.08,2283.41,-692.73,7.61,2.3,3.1,8295,92.0,65,0.823,,
5428,car,9168951465,9852348511,818.76,-986.29,-1360.46,-601.1,4.38,1.66,1.42,1115,152.0,50,0.816,,
5429,car,2960361569,trim_6408,-1459.76,-614.66,2389.85,613.2,4.31,1.73,1.52,1529,152.8,16,0.988,,
5430,car,trim_1039,trim_9136,-834.48,218.26,1416.64,1311.91,4.66,1.77,1.63,1237,145.5,31,0.836,,
5431,car,9858060930,4225077464,314.11,191.84,-2007.51,1091.9,4.03,1.75,1.4,1713,140.0,70,0.935,,
5432,car,trim_4276,12626529710,1982.91,-317.22,-1958.93,-1167.92,4.33,1.83,1.48,1890,150.4,52,0.787,,
5433,car,trim_2797,trim_5105,-1799.44,434.19,1637.02,-434.91,4.31,1.69,1.64,1387,153.9,46,0.651,,
5434,car,2960299864,trim_5645,-1252.9,-690.66,-2052.42,1780,4.6,1.85,1.61,1504,141.9,38,0.655,,
5435,car,2960299892,trim_1300,-1820.43,750.12,-1349.73,237.81,4.55,1.6,1.5,1808,146.8,20,0.825,,
5436,ambulance,trim_7670,trim_4343,-637.34,-490.38,1645.26,178.7,5.86,2.19,2.4,3907,143.7,34,0.499,a_7018342625,Vardhman Medicare
5437,car,trim_9215,trim_219,2034.57,290.33,420.72,-71.99,4.29,1.8,1.41,1657,159.6,32,0.797,,
5438,motorcycle,trim_8539,trim_5901,-749.68,898.29,-1752.73,-1389.84,1.88,0.67,1.06,211,101.7,77,0.919,,
5439,motorcycle,11080052821,trim_9018,-2261.09,-70.98,1088.16,165.96,2.22,0.86,1.25,228,148.0,47,0.733,,
5440,car,trim_2012,3887993288,-406.92,2.93,1571.31,1017.5,4.89,1.83,1.63,1152,171.6,45,0.695,,
5441,car,trim_3527,7219691568,848.37,-405.89,2298.32,-1269.08,4.05,1.6,1.54,1426,141.3,45,0.77,,
5442,car,trim_2529,3004576889,-1047.9,1188.29,702.64,502.47,4.54,1.88,1.36,1342,153.1,53,0.745,,
5443,car,9168850580,trim_9223,-1696.96,790.86,-1300.75,574.03,4.98,1.8,1.53,1740,146.5,22,0.785,,
5444,bus,9843592170,trim_6885,2059.62,610.93,1813.22,1225.76,9.29,2.44,3.39,11061,97.5,21,0.655,,
5445,car,trim_6743,2970305390,-478.29,779.34,169.26,1165.24,4.69,1.76,1.56,1520,176.7,29,0.845,,
5446,car,trim_2085,trim_3575,2544.55,772.22,136.9,340.36,5.09,1.91,1.42,1266,176.8,78,0.842,,
5447,car,trim_6435,12109752102,1921.86,479.1,1364.28,1273.62,4.38,1.84,1.55,1019,144.2,56,0.801,,
5448,bus,4227743917,9843368461,-1514.11,1700.28,-1979.81,983.42,9.98,2.54,3.16,9376,74.1,72,0.855,,
5449,truck,trim_9317,4227743930,-2492.5,1306.26,-1245.82,1993.33,9.77,2.32,2.91,15335,89.7,39,0.852,,
5450,car,9168861177,9857647467,-1024.72,-781.15,-997.57,-1553.92,4.62,1.87,1.45,1559,175.5,57,0.851,,
5451,car,trim_9474,trim_1372,651.34,-382.72,-2035.16,-486.57,4.64,1.75,1.61,1447,141.8,27,0.8,,
5452,car,457278327,trim_6213,406.03,-1032.91,-1511.26,-921.71,4.71,1.86,1.36,1330,148.8,44,0.876,,
5453,ambulance,12165533318,11173453974,-1921.36,351.71,-922.41,-247.42,5.65,2.19,2.61,2904,120.4,59,0.638,a_7018738271,Krishna Hospital and Trauma Centre
5454,car,trim_84,trim_3579,287.82,-864.59,366.12,381.4,4.35,1.94,1.63,1581,157.4,47,0.855,,
5455,car,trim_2083,4227743874,2549.54,736.67,-1188.69,1192.99,4.71,1.83,1.51,1051,144.4,59,0.726,,
5456,car,2962838308,trim_8487,84.42,-1102.49,-1881.13,-663.85,5.1,1.64,1.62,1470,160.0,59,0.803,,
5457,car,trim_3285,4227743688,-528.5,380.43,246.37,-1384.36,4.98,1.82,1.57,1348,166.9,58,0.679,,
5458,car,4227743783,11143195276,1486.47,-73.87,2305.24,609.4,4.43,1.74,1.44,1108,148.9,43,0.847,,
5459,car,11198955250,9854981079,-1879.59,-853.94,1801.86,-552.22,4.03,1.87,1.35,1084,161.9,30,0.856,,
5460,car,trim_26,trim_2676,-1022.67,-1591.05,-2374.17,-749.75,4.45,1.79,1.4,1754,149.4,65,0.737,,
5461,truck,trim_8157,trim_4528,1930.58,-639.03,-576.77,857.06,10.94,2.39,3.37,11686,89.7,31,0.81,,
5462,car,5171030831,trim_6086,-2093.03,665.57,-1844.45,919.44,4.72,1.72,1.45,1892,163.9,60,0.721,,
5463,car,trim_5492,trim_7021,2298.64,316.29,-2477.62,399.69,4.64,1.92,1.36,1577,148.5,62,0.801,,
5464,car,9853181601,2970305370,1251.35,-1059.79,-1009.3,911.55,5.05,1.67,1.64,1255,150.9,21,0.802,,
5465,car,trim_6512,11001416257,-159.29,-218.87,-1932.5,-1419,5.05,1.75,1.45,1552,143.7,43,0.697,,
5466,car,6294257992,trim_5047,-2366.43,-581.77,1919.01,-165.25,4.09,1.76,1.64,1152,172.0,52,0.654,,
5467,motorcycle,9168897689,11777944692,-302.86,-871.81,688.23,700.75,1.92,0.66,1.17,161,147.3,19,0.874,,
5468,motorcycle,9852243276,11104704530,-1199.16,1285.06,2413.01,-542.69,1.81,0.68,1.18,127,130.3,72,0.876,,
5469,car,trim_221,466560400,423.01,-38.56,111.52,-276.11,4.02,1.88,1.45,1146,173.6,64,0.732,,
5470,motorcycle,trim_7593,trim_6916,-651.86,-774.53,-1741.1,660.24,1.94,0.72,1.29,217,103.7,40,0.671,,
5471,car,9852290906,2962860512,275.54,1125.34,-241.1,-1130.85,4.93,1.75,1.57,1299,175.4,47,0.714,,
5472,car,trim_4925,trim_9259,-1459.71,1161.63,-1304.08,572.99,4.12,1.65,1.65,1465,160.6,31,0.652,,
5473,car,trim_918,9852405421,-1218.15,-130.51,-2219.71,-103.88,4.69,1.8,1.46,1899,165.1,46,0.694,,
5474,car,trim_2101,trim_3044,491.85,-103.23,-426.88,264.67,4.51,1.82,1.42,1441,171.1,31,0.766,,
5475,car,trim_6899,trim_6471,-2259.67,1363.56,1577.81,305.5,4.27,1.85,1.45,1826,161.8,26,0.812,,
5476,car,4227743719,trim_3636,172.95,-1134.97,-579.63,-932.47,4.68,1.64,1.57,1417,143.9,62,0.863,,
5477,car,11168866167,9852411622,-280.11,687.31,-2287,-707.12,4.49,1.78,1.43,1114,155.6,71,0.906,,
5478,ambulance,10206503396,2960326584,1469.07,101.66,-1714.57,-20.17,6.47,2.02,2.79,4386,152.2,60,0.602,a_7019130160,Apex Multi Speciality Hospital
5479,car,trim_1853,trim_2738,-211.7,-757.38,-2418.47,557.09,4.35,1.63,1.45,1268,154.0,54,0.849,,
5480,car,2960299957,trim_8076,-1264.79,504.22,-652.28,865.2,4.73,1.88,1.38,1352,150.2,18,0.983,,
5481,car,trim_8312,11198940396,255.84,-1105.51,-793.82,-1110.75,4.73,1.69,1.56,1529,140.9,54,0.883,,
5482,car,9855691371,trim_6364,2421.39,-1153.41,2307.9,858.33,4.94,1.75,1.54,1831,145.8,30,0.755,,
5483,truck,trim_5313,trim_2388,2191.98,-83.67,-256.78,1327.33,11.42,2.48,3.56,15460,92.2,22,0.764,,
5484,car,trim_7142,trim_6831,-2350.3,202,-2089.38,322.74,4.82,1.77,1.56,1762,165.8,39,0.654,,
5485,car,trim_8614,trim_5542,-377.02,-1218.89,2111.45,555.1,4.11,1.94,1.45,1530,159.8,67,0.9,,
5486,car,9843556960,2960358799,2538.41,856.2,-2039.76,-388.94,4.61,1.64,1.39,1332,142.3,76,0.869,,
5487,car,trim_9249,5170849704,2350.39,590.33,-1189.9,998.2,4.25,1.61,1.59,1379,160.5,29,0.792,,
5488,car,trim_4013,trim_9283,1046.06,416.31,-1622.06,1024.86,4.13,1.87,1.47,1186,176.3,45,0.74,,
5489,car,trim_5781,11235781124,-1492.4,-1221.75,-2370.14,1265.61,4.0,1.76,1.54,1403,174.4,59,0.734,,
5490,car,9857826566,trim_4837,-24.54,-697.22,-457.73,-913.52,4.99,1.64,1.64,1089,153.4,49,0.884,,
5491,car,9908613047,12098320595,-622.55,-1204.18,-1739.3,1440.67,5.01,1.91,1.37,1889,178.8,32,0.703,,
5492,bus,13264387395,9852338731,-1584.8,383.46,-2062.92,29.59,11.97,2.53,3.54,8309,79.7,44,0.661,,
5493,car,11198940397,11491162938,-817.81,-1152.65,-200.67,-1076.33,4.8,1.76,1.44,1703,143.8,63,0.705,,
5494,car,trim_9157,9852371328,2218.98,704.51,-1578.91,-396.26,4.09,1.74,1.56,1198,174.0,38,0.888,,
5495,car,trim_8527,trim_8080,-1416.65,-1194.79,-503.92,1280.08,4.97,1.72,1.56,1699,150.3,46,0.709,,
5496,car,trim_8858,trim_4505,2317.37,-912.99,-932.33,1443.54,4.17,1.72,1.6,1783,163.5,48,0.741,,
5497,car,trim_1016,trim_693,-828.15,74.94,-1295.69,829.69,4.83,1.73,1.41,1550,168.7,42,0.899,,
5498,car,trim_6659,trim_3230,1427.25,-255.91,142.86,-462.46,4.48,1.94,1.56,1462,158.7,28,0.778,,
5499,car,11491162938,9859595986,-200.67,-1076.33,299.52,-1155.55,4.91,1.89,1.61,1301,159.6,27,0.874,,
5500,car,2970305358,trim_8307,624.76,768.89,393.54,-435.47,4.2,1.79,1.41,1799,147.8,17,0.984,,
5501,truck,5170798248,trim_4749,157.59,-150.54,-1385.49,1285.3,9.45,2.32,3.67,7928,90.9,59,0.807,,
5502,motorcycle,trim_4828,trim_590,-301.67,-661.31,-1899.17,857.88,2.25,0.83,1.37,223,116.4,60,0.7,,
5503,car,9843368456,4225219783,-2173.27,1247.94,-626.49,-902.42,4.11,1.77,1.57,1039,152.2,62,0.822,,
5504,car,trim_2743,12109713192,-1849.84,558.11,1421.02,1027.79,4.3,1.82,1.64,1307,153.8,38,0.702,,
5505,car,trim_21,9852938590,-1118.47,-1512.21,-1509.98,-15.87,5.03,1.66,1.64,1116,178.7,73,0.753,,
5506,car,trim_5984,trim_4111,343.29,527.17,2307.41,840.62,4.25,1.68,1.57,1662,174.1,61,0.879,,
5507,car,trim_3703,trim_9450,-1235.16,-967.6,-784.91,524.03,4.68,1.76,1.57,1826,142.6,56,0.683,,
5508,car,trim_6765,5170868610,-548.72,270.89,1555.77,-309.19,4.49,1.9,1.6,1876,177.2,43,0.831,,
5509,car,trim_7054,trim_1503,-2343.06,1143.06,-1207.46,-1133.09,4.52,1.82,1.39,1571,168.6,30,0.832,,
5510,car,9857826568,13737256531,-99.44,-418.78,-1766.89,668.41,5.01,1.89,1.61,1221,141.6,21,0.803,,
5511,motorcycle,trim_8456,9857115608,1847.69,628.43,-2265.96,-1045.15,2.28,0.84,1.19,117,113.2,21,0.728,,
5512,car,trim_9220,trim_3759,1576.45,424.01,-583.25,-1048,4.43,1.75,1.59,1639,143.6,41,0.787,,
5513,car,trim_6755,12109713187,-662.65,367.92,1782.97,1403.17,4.23,1.84,1.4,1413,168.2,45,0.857,,
5514,car,trim_6307,11158326323,-1518.28,-1408.66,741.7,-797.03,4.81,1.6,1.45,1193,152.3,18,0.863,,
5515,car,9852961438,trim_3242,-2547.25,80.06,-453.7,381.99,4.9,1.85,1.46,1426,156.0,55,0.703,,
5516,car,4225324910,trim_3555,2549.76,1227.66,-777.92,388.87,5.05,1.79,1.38,1381,170.5,37,0.868,,
5517,bus,trim_1218,10259407498,-1701.26,50.71,2349.08,-1021.48,10.2,2.45,3.27,11492,90.4,24,0.887,,
5518,car,9709086990,11001416253,-2283.11,280.12,-1960.47,-1486.49,4.8,1.69,1.59,1490,177.9,36,0.686,,
5519,car,trim_4352,2960336746,828.8,185.47,-1373.44,341.08,4.79,1.84,1.54,1718,151.1,54,0.784,,
5520,car,trim_785,trim_6330,-717.56,-396.7,1977.36,1100.17,4.86,1.74,1.54,1785,152.4,58,0.67,,
5521,car,4219222665,trim_6543,1875.27,-1610.31,480.34,-1264.42,4.13,1.73,1.39,1669,143.7,32,0.745,,
5522,motorcycle,11176468177,trim_2698,-984.88,-505.87,-1847.75,560.83,1.83,0.7,1.25,150,153.2,32,0.76,,
5523,truck,trim_1402,trim_7376,-2110.23,-551.15,2104.34,-576.07,9.98,2.33,3.5,7327,88.0,57,0.716,,
5524,car,9168883546,9852168759,-1483.59,-1143.45,-1338.27,435.08,5.01,1.91,1.57,1700,173.4,72,0.763,,
5525,car,9852465867,2960361514,-1825.39,-1318.12,-674.08,-1387.82,4.45,1.76,1.54,1600,142.4,74,0.88,,
5526,car,trim_5082,trim_1919,2182.49,489.12,-372.29,-1298.98,4.67,1.85,1.43,1503,146.4,77,0.856,,
5527,car,trim_4355,trim_4476,934.1,107.07,-793.27,1528.22,4.13,1.81,1.58,1705,163.3,40,0.787,,
5528,car,trim_8218,trim_1295,984.3,-225.17,-1273.84,303.89,5.03,1.8,1.38,1757,148.4,57,0.653,,
5529,car,trim_5520,2960326209,2481.63,203.8,-898.3,-397.02,4.55,1.79,1.63,1306,154.5,66,0.787,,
5530,car,trim_6454,9857826565,2008.36,254.6,30.81,-445.6,4.75,1.69,1.39,1872,153.3,68,0.72,,
5531,car,trim_4707,trim_7661,-1374.69,1234.64,-72.15,110.84,4.83,1.92,1.55,1788,147.1,45,0.855,,
5532,car,trim_3846,trim_4449,-560.35,-1003.69,1980.87,391.21,5.05,1.71,1.61,1369,173.0,60,0.671,,
5533,car,trim_9699,6674480300,2133.27,-1048.68,-553.04,620.92,4.66,1.72,1.55,1063,150.4,43,0.711,,
5534,car,12139823101,trim_9201,2036.72,-1442.16,1465.8,626.27,4.36,1.72,1.35,1113,145.7,25,0.877,,
5535,car,9168966441,9852405447,1092.92,1642.49,-2365.88,-294.62,4.57,1.94,1.44,1090,143.2,22,0.89,,
5536,car,trim_3677,trim_3512,-737.87,-1462.43,-186.5,369.14,4.27,1.79,1.51,1641,141.0,35,0.813,,
5537,motorcycle,9855014977,2970305120,1574.41,-367.65,2061.11,-1137.08,2.16,0.69,1.38,156,94.8,79,0.897,,
5538,truck,9852338767,11499313282,-1838.04,-304.08,-186.53,1033.56,8.63,2.55,3.69,12477,96.1,41,0.824,,
5539,bus,trim_3870,trim_8736,1108.35,-230.51,-70.64,1440.62,9.58,2.54,3.27,8362,97.9,16,0.95,,
5540,car,trim_643,trim_2697,-2209.33,429.57,-1888.33,550.05,4.54,1.71,1.61,1522,156.4,62,0.816,,
5541,car,trim_3284,9843437530,-517.95,295.25,2110.03,1348.32,4.65,1.86,1.39,1196,153.3,40,0.663,,
5542,car,5170868609,9168965304,1571.55,-317.23,1193.93,382.35,4.24,1.84,1.41,1656,155.6,44,0.766,,
5543,motorcycle,4227743920,trim_304,-1420.99,1808.7,-1678.44,403.62,2.12,0.88,1.15,113,134.1,50,0.779,,
5544,car,6202105984,4227798386,1588.99,-651.12,1973.24,330.52,4.08,1.85,1.62,1297,178.2,79,0.835,,
5545,ambulance,12278350540,2960312518,2329.45,-1328.29,-1278.62,-399.92,6.36,2.11,2.84,2825,135.9,57,0.67,a_7019995876,Manipal hospital
5546,car,9843408914,trim_4499,2318.72,1170.11,1783.74,834.64,4.0,1.74,1.63,1257,154.7,61,0.892,,
5547,car,trim_1489,trim_4425,-1020.1,-1154.23,1011.17,-98.76,4.8,1.62,1.4,1887,160.1,41,0.89,,
5548,car,trim_4540,trim_2159,-662.27,932.82,1287.73,-477.95,4.87,1.89,1.54,1503,168.4,68,0.899,,
5549,car,trim_8483,trim_4087,-1863.84,705.43,-540.67,1114.26,4.58,1.63,1.47,1611,177.6,39,0.783,,
5550,car,trim_7372,9843687273,2078.49,-595,2362.63,917.35,4.81,1.61,1.4,1190,179.8,29,0.887,,
5551,car,9168897707,trim_7175,-277.94,-1089.13,-2129.46,67.01,4.11,1.89,1.63,1210,157.8,74,0.899,,
5552,car,trim_8512,trim_5345,-2190.6,1192.04,1835.84,-1299.71,4.78,1.91,1.36,1881,175.5,60,0.663,,
5553,car,trim_7495,2960312576,-886,156.02,-555.83,-387.49,4.32,1.88,1.62,1398,164.6,45,0.801,,
5554,car,5170849701,trim_589,-1609.58,639.8,-1896.33,853.76,4.81,1.78,1.37,1838,160.3,28,0.885,,
5555,car,9852348491,9857987892,-1654.13,6.3,-515.55,303.28,4.03,1.73,1.43,1794,151.8,73,0.861,,
5556,car,trim_1124,trim_6110,-1460.56,325.7,-1616.7,185.21,4.34,1.87,1.5,1094,140.3,75,0.872,,
5557,motorcycle,12099984752,trim_1255,-463.78,1150.82,-1524.06,-399.98,1.97,0.85,1.16,251,132.7,36,0.683,,
5558,car,11187495575,13912215406,1897.32,588.41,-1533.45,343.64,4.22,1.82,1.52,1566,155.9,52,0.819,,
5559,car,trim_4381,9880891784,2197.05,779.52,1052.16,878.29,4.53,1.74,1.42,1010,164.9,55,0.768,,
5560,car,trim_1297,trim_2253,-1318.03,311.82,-621.35,157.51,4.11,1.64,1.44,1895,163.1,80,0.875,,
5561,car,2960299990,trim_1831,-1273.8,852.08,-75.37,-929.28,5.04,1.73,1.6,1411,144.1,59,0.711,,
5562,car,2960300013,9168986492,-1558.88,689.07,2320.12,-725.79,5.01,1.86,1.58,1397,153.7,69,0.741,,
5563,car,12130429773,trim_73,-1614.45,683.62,556.55,-757.85,4.42,1.68,1.37,1885,144.5,67,0.871,,
5564,car,trim_3270,3840465614,622.56,-47.34,119.11,1306.33,4.89,1.95,1.39,1064,159.8,71,0.841,,
5565,car,trim_8847,trim_8986,2428.31,-1080.77,-2301.43,659.69,4.6,1.71,1.54,1246,169.6,38,0.731,,
5566,car,9852465865,trim_4452,-1730.12,-1208.41,1793.63,190.68,4.94,1.61,1.55,1723,162.3,41,0.823,,
5567,car,trim_451,trim_5391,-2116.84,-434.06,2019.93,-943.4,4.63,1.87,1.43,1048,143.6,32,0.661,,
5568,car,trim_9474,2960326223,651.34,-382.72,-1521.38,161.87,4.5,1.71,1.43,1504,179.8,76,0.902,,
5569,motorcycle,4225172240,trim_2480,43.17,-416.39,-29.24,1197.4,2.23,0.72,1.1,227,94.0,24,0.693,,
5570,car,trim_4002,9861682124,1475.17,705.94,-1445.29,-1051.86,4.76,1.65,1.61,1430,140.3,19,0.897,,
5571,truck,trim_5874,4227695029,-1672.48,373.33,309.9,1008.6,7.08,2.46,3.52,9935,92.0,68,0.853,,
5572,car,trim_5415,trim_4859,1620.25,-518.97,997.02,757.21,4.3,1.84,1.55,1055,146.9,29,0.807,,
5573,car,trim_9538,trim_6164,-684.92,-1396.03,-1578.59,-678.39,4.73,1.74,1.48,1563,176.9,16,0.921,,
5574,car,trim_2271,9168951459,729.59,821.45,652.14,-973.71,4.63,1.65,1.59,1696,168.0,72,0.964,,
5575,car,trim_2618,trim_1831,-1390.08,677.86,-75.37,-929.28,4.45,1.84,1.41,1877,170.2,51,0.738,,
5576,car,3840470123,trim_8038,-27.73,1599.61,-1072.99,526.56,5.04,1.91,1.36,1155,175.7,18,0.912,,
5577,motorcycle,12130698099,2962838320,-1060.2,474.24,-130.23,-1102.53,2.3,0.75,1.35,185,156.9,54,0.72,,
5578,car,trim_8189,trim_6906,2182.44,-1286.28,-2057.59,1092.01,4.57,1.75,1.39,1341,178.8,51,0.804,,
5579,car,trim_7400,trim_2093,2439.94,-1092.68,2484.56,1116.33,4.75,1.84,1.44,1877,164.0,49,0.722,,
5580,car,4225324760,trim_3554,1168.72,610.89,579.27,-337.98,4.38,1.91,1.54,1150,175.8,18,0.949,,
5581,car,trim_4809,trim_1381,-1271.45,1241.95,-2206.28,-631.67,4.99,1.87,1.61,1224,160.7,17,1.01,,
5582,car,11983071066,trim_7911,1178.42,1332.14,-1377.51,427.73,4.19,1.77,1.35,1574,169.2,33,0.806,,
5583,car,9844203654,trim_8441,-2450.1,1222.76,2031.97,701.35,4.69,1.67,1.53,1134,178.1,31,0.682,,
5584,car,9903339257,trim_223,-15.83,738.85,736.86,283.63,4.44,1.61,1.59,1288,161.5,43,0.843,,
5585,car,11362459497,9857246283,-1583.38,-1379.29,820.34,-942.22,4.79,1.65,1.4,1129,152.2,33,0.717,,
5586,car,9852463818,trim_7473,-2478.42,-741.84,-1653.21,247.2,4.97,1.9,1.5,1501,177.4,26,0.714,,
5587,car,trim_4142,trim_5963,-429.59,858.5,243.18,1009.42,4.71,1.69,1.63,1150,166.8,43,0.821,,
5588,car,4227798136,5170787193,1826.05,-311.56,1777.57,486.43,4.19,1.93,1.44,1679,179.5,31,0.8,,
5589,car,trim_5847,trim_750,-901.4,892.53,-1526.38,688.97,4.09,1.78,1.38,1458,147.9,30,0.71,,
5590,car,5170630788,trim_703,2200.46,340.44,-1394.65,730.9,5.03,1.84,1.56,1613,147.1,49,0.736,,
5591,car,trim_9130,9859738791,1833.52,1247.96,-579.79,-1231.12,4.33,1.76,1.4,1025,142.1,49,0.898,,
5592,car,trim_8557,trim_7690,-1264.82,-1373.38,-109.81,21.7,5.01,1.82,1.65,1722,170.9,37,0.877,,
5593,car,trim_6032,trim_5301,-1225.38,1202.61,1876.35,48.8,4.67,1.9,1.41,1197,150.1,62,0.812,,
5594,car,trim_966,trim_7336,-828.01,-106.74,935.26,104.05,4.86,1.75,1.43,1200,169.4,22,0.75,,
5595,motorcycle,5170815476,12124302391,-956.32,-1644.97,-898.94,-1135.46,2.12,0.79,1.05,253,124.1,71,0.897,,
5596,car,trim_8934,trim_2849,-144.36,653.36,-1921.06,709.83,4.84,1.93,1.46,1467,176.2,27,0.832,,
5597,car,9857647494,4225351684,-1094.78,-986.18,1819.02,842.31,4.51,1.68,1.42,1896,160.1,79,0.981,,
5598,car,11499317449,trim_8147,-220.75,1115.04,-2469.46,-981.71,4.2,1.79,1.63,1673,176.6,53,0.845,,
5599,motorcycle,9859596015,trim_6959,-1032.66,-430.44,1332.1,633.01,2.02,0.83,1.29,179,143.3,37,0.766,,
5600,car,trim_8527,trim_3351,-1416.65,-1194.79,-287.73,-635.93,4.58,1.65,1.55,1040,164.2,67,0.709,,
5601,car,trim_8114,6925898193,-560.1,776.59,-1806.61,-1571.4,4.97,1.88,1.46,1144,166.3,74,0.822,,
5602,car,4225324751,4227743729,1875.66,536.94,-333.45,-1076.4,4.49,1.69,1.64,1136,143.2,18,0.756,,
5603,car,trim_2611,trim_8286,-1391.32,731.99,1453.03,575,4.7,1.72,1.47,1414,151.8,47,0.742,,
5604,car,trim_5875,8838171100,-1853.63,343.47,-1266.63,-404.57,4.46,1.85,1.61,1234,164.2,21,0.846,,
5605,car,12088417515,trim_3914,-2299.29,687.92,1741.22,239.72,4.77,1.77,1.5,1807,169.5,22,0.709,,
5606,car,trim_3697,trim_5102,-1267.35,-1021.85,1621.91,-457.02,5.07,1.94,1.52,1122,167.0,16,1.045,,
5607,car,trim_531,trim_2431,-1636.28,-1113.36,-596.51,1488.91,4.24,1.71,1.62,1432,178.9,56,0.827,,
5608,car,9852371325,11302966228,-1683.88,-567.42,867.36,1017.55,4.02,1.88,1.54,1175,171.1,45,0.777,,
5609,car,trim_8760,trim_5783,-31.89,-1414.85,-1632.66,-1113.01,4.21,1.73,1.41,1744,150.0,44,0.677,,
5610,car,4227743639,trim_8673,429.56,-1564.23,-518.74,828.09,4.41,1.84,1.59,1244,176.0,29,0.843,,
5611,car,trim_8669,13737256532,-549.95,770.81,-1755.66,648.45,4.77,1.8,1.65,1416,145.5,38,0.811,,
5612,car,5170823235,9859738796,1250.49,453.57,-432.34,-1280.07,4.92,1.78,1.54,1129,160.9,66,0.713,,
5613,motorcycle,trim_4152,trim_6520,-600.22,1108.66,85.83,-491.07,2.11,0.75,1.06,253,148.1,69,0.918,,
5614,car,9852961427,9852405451,-1433.6,-1206.61,-2479.15,-341.66,4.85,1.79,1.61,1521,176.5,48,0.786,,
5615,car,trim_2744,trim_1435,-1850.66,563.05,-2373.23,-489.96,4.51,1.73,1.53,1484,156.3,48,0.718,,
5616,car,trim_5031,trim_2511,2298.88,-497.84,408.93,1446,4.07,1.79,1.37,1095,150.5,37,0.76,,
5617,car,trim_6569,trim_4194,908.05,-1164.81,1468.93,749.73,4.37,1.76,1.35,1092,160.2,21,0.781,,
5618,car,12098317280,11015540343,-1819.14,876.04,2250.46,-1249.26,4.19,1.68,1.39,1577,159.0,39,0.771,,
5619,bus,9168911123,12124068325,-1546.1,-1439.88,-1024.04,-1013.31,10.3,2.42,3.21,13716,84.6,34,0.71,,
5620,car,4220874698,trim_7407,-219.38,-1662.76,1986.1,149.18,4.77,1.68,1.37,1347,178.3,45,0.786,,
5621,car,trim_7003,trim_6013,-2271.77,1091.47,-1500.48,1155.13,4.48,1.73,1.52,1119,157.6,30,0.813,,
5622,car,trim_342,11777944683,-1364.05,667.64,716.06,798.74,4.3,1.61,1.41,1832,178.1,58,0.81,,
5623,bus,trim_695,9854981054,-1351.58,470.09,1975.14,-422.98,12.14,2.55,3.37,12754,77.0,71,0.905,,
5624,car,trim_5818,trim_670,-576.85,601.05,-1654.4,616.5,4.54,1.75,1.44,1879,171.5,32,0.791,,
5625,car,2960326746,trim_2972,-1605.36,-34.38,-2179.26,1238.99,4.53,1.67,1.58,1293,170.2,16,1.029,,
5626,car,9168986433,trim_2178,-315.62,869.63,16.03,-821.76,4.09,1.6,1.36,1765,158.8,46,0.893,,
5627,car,trim_8234,trim_6283,2043.56,598.25,-342.22,-850.28,4.57,1.94,1.57,1183,165.6,25,0.797,,
5628,car,4224981034,trim_3212,-1874.9,717.96,423.05,-74.55,4.82,1.67,1.41,1286,169.3,27,0.806,,
5629,car,trim_5557,9857583729,2400.65,563.36,-1030.9,-86.97,4.74,1.66,1.64,1232,151.6,63,0.716,,
5630,motorcycle,3887993344,9843437529,1699.46,1163.99,2065.18,1341.01,2.16,0.72,1.15,182,101.2,79,0.967,,
5631,motorcycle,trim_6275,trim_6535,-343.21,-846.93,844.26,-960.04,1.95,0.85,1.34,219,122.2,25,0.764,,
5632,car,2960299835,trim_1420,-2098.58,-760.18,-2631.78,18.6,5.02,1.8,1.48,1694,169.8,32,0.867,,
5633,car,trim_6696,2960328332,1149.74,1224.46,-1570.52,45.24,4.41,1.68,1.48,1876,174.7,40,0.763,,
5634,car,trim_131,trim_3682,187.94,-837.68,-770.61,-1326.28,4.62,1.71,1.57,1771,173.6,42,0.878,,
5635,bus,trim_5858,trim_7076,-75.46,707.04,-2143.01,795.75,10.81,2.55,3.34,11601,75.3,25,0.694,,
5636,car,trim_3072,trim_2039,442.78,-340.13,1502.6,-326.63,4.99,1.68,1.59,1868,171.5,30,0.741,,
5637,car,trim_2872,trim_51,-1914.21,469.1,88.37,256.26,4.04,1.94,1.47,1153,153.0,29,0.802,,
5638,car,trim_5604,trim_2151,1914.64,-145.47,1888.98,852.84,4.46,1.88,1.58,1779,151.6,78,0.948,,
5639,car,9852405426,trim_8669,-2224.84,-98.6,-549.95,770.81,4.2,1.92,1.43,1652,144.0,37,0.739,,
5640,car,12109752107,5170823240,1424.22,1279.85,1371.64,458.81,4.06,1.69,1.41,1506,142.8,36,0.775,,
5641,car,trim_1020,9168881195,-882.56,155.4,2042.57,543.42,4.17,1.77,1.54,1593,157.2,75,0.878,,
5642,truck,2960299842,9855014987,-2008.72,-1185.91,1830.89,-181.43,11.83,2.45,3.28,7931,88.5,43,0.869,,
5643,car,trim_304,9843437525,-1678.44,403.62,2180.01,1350.12,4.09,1.77,1.62,1614,177.8,49,0.783,,
5644,car,trim_3983,trim_1481,1052.3,849.31,-1279.31,-1038.52,4.72,1.85,1.57,1445,164.6,28,0.789,,
5645,car,9857583762,4225324762,-1354.75,-1154.38,1172.44,610.43,4.08,1.65,1.5,1883,179.7,70,0.788,,
5646,car,trim_1197,12130698100,-1764.41,-631.62,-1074.77,471.16,4.37,1.92,1.43,1336,156.1,53,0.838,,
5647,car,9843662922,trim_1119,2553.65,771.49,-1582.76,204.24,4.89,1.8,1.41,1227,177.4,28,0.662,,
5648,truck,trim_4732,trim_9335,-1501.08,1105.58,517.19,1093.07,11.19,2.46,3.42,15721,88.5,37,0.685,,
5649,car,trim_886,11056361050,-1151.3,-421.86,1295.68,508.49,4.52,1.86,1.56,1043,176.4,59,0.804,,
5650,car,trim_6867,trim_1770,-2435.06,-448.22,64.15,-1063.43,4.89,1.83,1.62,1166,159.0,63,0.717,,
5651,car,trim_7370,trim_3402,2064.24,-606.97,174.98,137.06,4.86,1.88,1.63,1563,149.9,17,0.883,,
5652,car,4225351684,trim_1981,1819.02,842.31,123.9,739.21,4.15,1.69,1.48,1870,145.9,64,0.76,,
5653,car,trim_2996,trim_793,-1975.95,860.84,-996.83,11.79,4.21,1.6,1.48,1805,156.3,16,0.9,,
5654,car,9855014944,trim_7131,1086.58,-633.84,-2383.03,266.24,4.83,1.82,1.44,1548,163.1,20,0.795,,
5655,car,trim_714,2962838435,-1294.37,832.56,-154.91,-950.48,4.15,1.82,1.57,1450,151.0,17,0.824,,
5656,car,trim_3318,trim_7367,-132.31,-252.86,2037.57,-628.23,4.7,1.87,1.44,1023,168.7,26,0.878,,
5657,car,11031788562,trim_5328,-403.03,-147.88,705.57,1469.96,4.42,1.61,1.6,1673,151.2,54,0.668,,
5658,motorcycle,2960336739,10205548833,-1253.31,358.08,2277.09,-849,2.09,0.85,1.24,236,139.9,20,0.857,,
5659,car,4225324694,trim_4751,1123.85,250.46,-464.4,-1028.54,4.65,1.94,1.62,1074,159.5,54,0.87,,
5660,car,trim_674,trim_9680,-1556.57,631.83,-1619.21,335.28,4.45,1.75,1.42,1486,141.8,48,0.748,,
5661,car,trim_5891,trim_6917,-1889.34,-1398.98,-1700.11,606.49,4.01,1.93,1.6,1206,166.8,29,0.772,,
5662,car,trim_3595,trim_9084,-273.79,329.85,1818.09,-329.95,4.09,1.66,1.63,1059,178.7,49,0.732,,
5663,car,trim_2022,trim_7482,1514.44,180.61,-1294.71,311.58,4.08,1.91,1.48,1532,155.9,38,0.755,,
5664,car,2960326215,trim_982,-1113.27,-366.75,-643.11,-271.52,4.59,1.81,1.5,1897,160.2,56,0.699,,
5665,car,trim_3004,11499317444,-1990.47,1125.8,-287.8,1063.06,4.66,1.77,1.51,1460,143.3,69,0.819,,
5666,car,trim_5875,trim_1073,-1853.63,343.47,-915.65,-245.72,4.45,1.63,1.52,1862,175.9,73,0.801,,
5667,car,12143965275,trim_8770,699.16,787.83,-54.1,-38.8,4.52,1.88,1.38,1576,179.8,57,0.723,,
5668,car,9168850566,trim_7371,-1500.87,1016.01,2074.57,-598.1,4.98,1.92,1.49,1357,160.8,59,0.834,,
5669,car,trim_2393,trim_6289,135.41,1398.28,-268.24,-993.98,4.56,1.67,1.51,1336,156.6,45,0.882,,
5670,car,trim_7534,5170679555,-369.8,-1266.74,-1299.37,763.31,4.78,1.71,1.64,1064,173.0,70,0.791,,
5671,car,4225077451,12098345440,-2056.74,1069.32,-1817.62,1232.34,4.06,1.63,1.54,1735,179.4,36,0.747,,
5672,car,4225219813,2960361590,-179.71,-679.23,-1372.95,-676.07,4.69,1.79,1.51,1740,145.0,35,0.657,,
5673,car,4225352084,trim_4442,-483.33,2274.59,1146.34,735.38,4.28,1.68,1.38,1647,170.8,68,0.69,,
5674,car,9168966428,4224980819,988.95,1651.39,-2462.09,389.31,4.7,1.8,1.41,1145,159.4,58,0.824,,
5675,car,4225351670,trim_4315,-948.83,755.74,910.28,-81.11,4.57,1.67,1.59,1204,143.6,47,0.813,,
5676,car,9168854801,trim_1714,1895.89,1243.19,-282.99,-1384.93,4.31,1.71,1.52,1148,172.0,38,0.836,,
5677,car,9857625462,trim_613,-1210.56,-799.43,-2357.71,353.14,4.47,1.71,1.43,1549,176.6,27,0.659,,
5678,bus,trim_5687,trim_8326,2099.77,-1196.1,-263.62,-1353.22,10.88,2.42,3.02,9231,75.0,69,0.79,,
5679,car,trim_1702,trim_3461,-143.45,-1443.15,487.82,-497.46,4.51,1.6,1.57,1742,171.8,55,0.824,,
5680,car,trim_3123,trim_4601,611.18,-130.74,-751.93,895.37,4.98,1.74,1.64,1858,167.8,68,0.766,,
5681,motorcycle,4225324650,trim_5933,766.25,48.99,198.91,-1523.11,2.17,0.84,1.38,134,94.4,26,0.689,,
5682,car,trim_3691,11491168060,-1315.36,-1112.7,-892.67,-1678.86,4.63,1.73,1.41,1182,153.1,36,0.894,,
5683,car,9859736950,trim_6729,45.99,112.02,-183.09,997.53,4.51,1.74,1.47,1105,146.7,33,0.802,,
5684,car,9857249953,4227798192,-1873.44,-515.31,1963.99,-115.33,4.23,1.61,1.6,1044,170.0,21,0.679,,
5685,car,5170849691,trim_1604,-1547.34,913.02,-1434.85,-494.28,5.01,1.7,1.47,1485,151.8,64,0.716,,
5686,car,9843592170,trim_7065,2059.62,610.93,-2154.57,702.17,4.82,1.6,1.51,1771,148.1,32,0.89,,
5687,car,trim_5238,trim_9508,1768.7,30.37,1736.54,606.58,4.94,1.9,1.42,1539,155.1,29,0.859,,
5688,car,9854981033,trim_3293,1955.96,-482.69,-223.43,-67.32,4.7,1.89,1.64,1199,153.9,54,0.677,,
5689,car,trim_8915,12127352319,2308.44,-834.2,-941.64,1218.98,4.81,1.74,1.47,1617,162.4,40,0.802,,
5690,car,trim_9059,trim_2105,-1787.59,1263.22,355.64,-213.1,4.96,1.67,1.54,1401,155.7,36,0.853,,
5691,car,trim_8871,9168854790,2467.38,-945.51,1548.92,1384.89,4.69,1.9,1.65,1194,154.4,61,0.814,,
5692,car,trim_525,trim_3313,-1963.15,-1230.34,-93.92,-307.59,4.16,1.83,1.55,1510,143.2,60,0.682,,
5693,truck,9857157172,trim_9560,1846.93,-312.75,-414.33,-571.87,11.41,2.47,2.81,5083,93.2,65,0.741,,
5694,car,trim_4167,12124137957,-579.08,898.07,-522.81,-793.69,4.54,1.72,1.64,1774,178.8,62,0.819,,
5695,car,trim_8739,trim_5842,-43.34,1282.17,-890.07,805.02,4.11,1.71,1.58,1063,145.5,42,0.776,,
5696,car,9858060949,9852168754,25.61,463.16,-1722.39,445.81,4.0,1.76,1.42,1671,157.2,52,0.886,,
5697,motorcycle,11158364725,4225324698,252.78,-1108.64,878.5,276.41,2.28,0.67,1.36,115,118.5,78,0.932,,
5698,car,4227695048,9858060968,2579.72,1327.82,792.24,446.31,4.09,1.91,1.51,1496,152.5,38,0.737,,
5699,motorcycle,trim_4102,trim_7778,841.29,575.91,505.94,-1536.06,2.02,0.83,1.18,131,101.6,23,0.888,,
5700,car,trim_1283,trim_9206,-1392.82,352.12,1479.76,695.16,4.89,1.7,1.38,1080,153.9,64,0.774,,
5701,car,trim_332,9168861177,-320.3,626.08,-1024.72,-781.15,4.16,1.68,1.61,1580,170.2,20,0.796,,
5702,motorcycle,trim_2367,trim_3797,-1588.17,-1135.69,-623.42,-904.2,1.99,0.82,1.28,131,106.8,40,0.887,,
5703,car,trim_7201,trim_8928,-1446.58,314.21,-1699.53,-1496.41,4.63,1.91,1.62,1074,175.1,33,0.664,,
5704,car,5170849687,trim_2848,-1455.12,970.27,-1943.88,744.96,4.03,1.71,1.41,1007,178.0,66,0.692,,
5705,car,trim_6264,11206931705,-706.43,-1425.78,2203.41,-27.62,4.97,1.73,1.41,1142,173.7,55,0.704,,
5706,car,trim_5228,2970305243,2485.3,531.79,1517.98,-601.23,4.77,1.74,1.59,1780,153.5,70,0.918,,
5707,motorcycle,trim_4427,trim_3990,1140.82,-60.87,1867.36,989.32,2.06,0.76,1.37,212,99.6,45,0.864,,
5708,car,trim_1988,trim_8829,-292.19,-105.81,1791.01,-881.25,4.99,1.74,1.48,1327,171.1,19,0.772,,
5709,car,9859601718,2960326623,-1035.16,-436.94,-2103.63,-711.87,4.66,1.71,1.44,1806,161.7,37,0.665,,
5710,car,trim_5964,trim_9306,198.13,984.14,-2119.25,938.77,4.12,1.62,1.62,1623,140.8,50,0.704,,
5711,car,6925898194,trim_9335,-1805.84,-1566.42,517.19,1093.07,4.84,1.8,1.37,1523,175.8,46,0.855,,
5712,car,trim_438,trim_2749,-2468,0.99,-2063.52,518.39,4.64,1.74,1.36,1656,176.9,67,0.796,,
5713,car,trim_3149,trim_7679,313.46,342.2,-627.43,-126.5,4.43,1.71,1.55,1140,154.1,75,0.86,,
5714,car,trim_1014,trim_6356,-705.07,72.41,2302.33,1263.51,4.51,1.73,1.48,1691,151.7,34,0.795,,
5715,car,trim_3954,9852378893,1827.19,387.94,-2044.55,-1001.05,4.1,1.67,1.59,1117,156.3,72,0.798,,
5716,motorcycle,trim_5018,5170637550,2224.07,-671.58,1200.5,140.35,2.23,0.84,1.11,174,94.1,61,0.694,,
5717,car,trim_5632,trim_6174,-1321.6,643.62,-1581.49,-493.42,4.11,1.7,1.51,1068,151.5,18,0.923,,
5718,car,11777944683,trim_5242,716.06,798.74,1906.14,-49.89,4.73,1.76,1.5,1561,144.8,48,0.663,,
5719,car,3840465615,trim_5472,100.11,1125.55,2333.54,38.56,4.57,1.85,1.41,1132,149.2,24,0.88,,
5720,car,trim_5295,2960336737,1198.98,390.93,-1254.77,371.97,4.39,1.68,1.49,1569,176.5,75,0.913,,
5721,bus,trim_5087,trim_1799,1374.48,431.89,-222.4,-839.72,12.06,2.54,3.26,13859,80.7,34,0.764,,
5722,car,9861682126,trim_6028,-1435.97,-1049.5,-1233.43,1254.64,5.09,1.71,1.59,1715,174.3,24,0.736,,
5723,car,trim_9384,9859748027,-1365.66,438.4,-177.03,-730,4.61,1.77,1.54,1576,168.5,57,0.9,,
5724,car,trim_8799,14063521240,719.28,-189.53,2144.73,-1031.94,4.74,1.84,1.61,1281,174.6,41,0.752,,
5725,car,trim_9636,trim_608,-1298.67,985.97,-2480.54,204.96,4.13,1.61,1.44,1285,143.1,60,0.887,,
5726,motorcycle,trim_4221,9852305618,2402.5,1404.64,452.52,1077.39,2.2,0.66,1.38,231,133.8,31,0.791,,
5727,car,9857196231,2960326741,-2659.46,159.15,-1741.19,-159.06,4.83,1.91,1.62,1078,162.2,19,0.726,,
5728,car,trim_8547,5170774683,-76.95,7.28,-1042.7,-978.74,4.55,1.89,1.53,1813,172.9,39,0.871,,
5729,truck,trim_723,12096687037,-1621.61,714.49,823.97,250.15,9.85,2.41,3.03,12130,77.8,23,0.748,,
5730,ambulance,trim_6834,trim_3435,-2019.42,335.94,-88.8,431.61,6.14,2.29,2.75,3308,150.7,77,0.674,a_7019995882,Mittal Hospital and Diagnostic Centre
5731,truck,9862063890,trim_6478,-1828.92,-1321.23,1878.83,53.14,7.59,2.4,2.7,9460,86.6,32,0.834,,
5732,motorcycle,2960326611,trim_198,-2023.13,-21.87,48.29,-806.38,2.1,0.87,1.3,123,141.4,32,0.817,,
5733,truck,9168951488,trim_8512,520.11,-1101.56,-2190.6,1192.04,10.24,2.31,3.56,10212,77.4,59,0.888,,
5734,car,9852317028,trim_1097,294.08,860.82,-787.87,-427.52,4.91,1.64,1.4,1731,172.3,41,0.865,,
5735,car,trim_344,trim_2008,-1386.76,679,-359.07,40.25,4.62,1.89,1.37,1369,150.1,42,0.898,,
5736,motorcycle,trim_6264,trim_9475,-706.43,-1425.78,652.31,-377.82,2.02,0.84,1.08,119,135.8,66,0.712,,
5737,car,trim_7505,11158364725,-1323.5,-1102.86,252.78,-1108.64,4.87,1.78,1.47,1799,158.2,18,0.903,,
5738,car,11499043125,4225352002,-851.45,965.97,-1029.53,1294.32,4.54,1.93,1.41,1018,152.8,53,0.74,,
5739,car,trim_5468,trim_2090,1908.97,-92.78,2497.27,1041.87,4.6,1.68,1.38,1323,176.1,16,1.04,,
5740,car,trim_7954,trim_8540,-485.91,1123.22,-659.79,913.85,4.55,1.69,1.38,1322,173.9,18,0.973,,
5741,car,trim_7358,9843398602,2116.06,-610.33,1560.74,1135.17,4.01,1.91,1.47,1676,159.3,65,0.823,,
5742,car,2960312477,2970305431,-1366.22,42.95,266.05,1818.78,4.3,1.74,1.56,1171,151.8,58,0.876,,
5743,car,trim_6980,9857583745,2478.46,597.54,-1331.4,-557.11,4.68,1.79,1.35,1422,145.4,18,0.945,,
5744,car,2960299954,2960326601,-1282.12,528.67,-1845.83,28.65,4.59,1.69,1.62,1600,160.7,58,0.784,,
5745,car,9859596006,trim_6581,-991.22,-533.43,542.51,-1222.56,4.15,1.76,1.5,1341,140.2,28,0.789,,
5746,bus,9857987868,trim_6901,-940.53,-538.37,-2217.09,1306.73,11.65,2.57,3.08,9061,87.7,52,0.714,,
5747,car,10205548829,trim_6355,2235.87,-846.38,2248.85,1149.5,4.98,1.64,1.59,1034,157.6,54,0.81,,
5748,car,trim_4821,trim_1543,240.45,-1165.63,-1010.9,-950.44,4.92,1.9,1.64,1173,156.6,51,0.724,,
5749,car,trim_3794,9857682490,-705.7,-859.03,-843.4,-676.11,4.54,1.61,1.55,1231,153.3,60,0.899,,
5750,car,4227798098,trim_3705,1615.01,-479.76,-1224.04,-924.96,4.25,1.94,1.45,1620,162.6,74,0.771,,
5751,car,9168934137,trim_1056,2353.94,912.99,-869.74,131.97,4.46,1.82,1.5,1866,166.0,40,0.691,,
5752,car,4223620626,trim_4127,-2354.75,-752.43,1710.24,732.58,4.93,1.9,1.42,1024,178.3,39,0.762,,
5753,car,trim_346,12139756900,-1411.55,691.4,2034.9,-1441.68,4.72,1.82,1.35,1207,150.2,30,0.705,,
5754,car,trim_2911,trim_6525,-1763.09,485.28,-331.32,-494.84,4.01,1.78,1.5,1618,159.6,58,0.685,,
5755,car,9168951463,trim_1183,809.33,-994.67,-2023,-654.84,4.09,1.84,1.54,1144,168.9,21,0.658,,
5756,car,9843692467,6928966675,2271.54,1013.39,-1791.37,-1545.63,4.7,1.68,1.64,1120,177.2,22,0.697,,
5757,car,9858060945,9857647502,572.35,416.96,-653.51,-1187.62,4.6,1.82,1.52,1336,170.7,42,0.74,,
5758,car,9852465880,2960326622,-1950.02,-1343.66,-2101.01,-704.67,4.06,1.63,1.55,1370,161.7,67,0.764,,
5759,ambulance,11143288409,trim_4080,1220.92,862.35,-743.2,921.42,5.78,2.23,2.58,3178,135.0,54,0.604,a_7020926045,Heera Lal Hospital and Heart Care Centre
5760,car,trim_3516,4225324912,-178.22,320.4,-417.09,1210.97,4.53,1.84,1.45,1624,173.6,55,0.723,,
5761,car,trim_4514,4225219800,1901.32,772.19,-821.72,-749.77,4.35,1.84,1.53,1448,147.6,56,0.795,,
5762,car,trim_6291,9859618313,-331.4,-976.18,-776.53,-501.04,4.17,1.67,1.5,1489,166.3,29,0.749,,
5763,car,4224981110,9844004277,-2283.76,1229.95,-2463.3,477.59,4.25,1.88,1.41,1461,141.4,26,0.674,,
5764,car,trim_4632,trim_8435,1416.18,-1341.53,-1001.12,-911.74,4.12,1.78,1.44,1714,158.3,61,0.819,,
5765,car,trim_7043,trim_3336,1283.96,-1426.17,144.83,305.17,4.63,1.62,1.55,1608,175.4,70,0.793,,
5766,motorcycle,11909847466,9844249437,2270.67,-983.74,-2196.86,829.3,2.0,0.67,1.11,260,123.8,51,0.894,,
5767,motorcycle,2960336647,trim_5767,-1527.58,-163.95,-1973.91,-1066.57,2.03,0.85,1.17,140,107.4,62,0.753,,
5768,car,trim_8609,trim_8695,-960.77,-1483.2,-606.14,1034.48,4.24,1.71,1.53,1380,153.2,58,0.823,,
5769,car,2970305112,trim_7472,2186.71,-1302.79,1961.56,-999.47,4.78,1.91,1.6,1535,179.5,78,0.88,,
5770,car,trim_9219,trim_5842,1873.5,221.61,-890.07,805.02,4.47,1.74,1.57,1328,170.5,26,0.692,,
5771,car,trim_8714,9852333178,-874.18,1140.05,98.96,756.76,4.75,1.68,1.63,1232,152.5,78,0.98,,
5772,motorcycle,trim_1886,5170798263,-380.06,-1218.9,91.15,656.31,2.09,0.83,1.12,198,116.0,37,0.862,,
5773,car,9859501406,trim_8016,421.34,-760.12,-1129.97,-889.97,4.31,1.81,1.63,1860,170.1,36,0.803,,
5774,car,2960312492,trim_5454,-1143.38,38.23,2099.93,129.42,4.09,1.86,1.56,1620,160.6,73,0.902,,
5775,car,9168951450,9857647477,-327.19,-599.18,-627.79,-1121.48,4.29,1.89,1.51,1393,161.0,73,0.78,,
5776,car,2962861568,9843358007,-698.87,-1574.56,-1508.07,1227.76,4.07,1.63,1.38,1555,150.0,30,0.816,,
5777,car,trim_231,trim_6843,907.8,354.84,-2354.4,353.25,4.83,1.77,1.64,1074,168.6,75,0.922,,
5778,truck,4227743625,trim_8464,427.6,-1608.32,2009.61,660.71,8.06,2.52,3.22,10085,98.6,18,0.828,,
5779,car,9855691348,trim_56,2367.69,-801.96,130.21,12.99,4.64,1.8,1.61,1527,152.0,56,0.814,,
5780,car,trim_5166,trim_8596,1864.47,22.84,28.68,-1398.49,4.13,1.77,1.4,1072,145.2,72,0.798,,
5781,car,trim_8844,9168854802,2485.22,-1145.48,1847.83,1234.33,4.09,1.66,1.4,1612,174.1,80,0.941,,
5782,car,trim_7176,4225324700,-2208.2,56.17,1420.8,285.39,4.71,1.61,1.38,1669,153.8,51,0.706,,
5783,car,trim_160,trim_4024,317.95,-905.56,-623.8,1171.3,4.62,1.64,1.36,1581,163.3,38,0.714,,
5784,car,6925898198,4227743748,-1889.28,-1551.92,-639.53,-947.74,4.83,1.91,1.64,1488,154.4,74,0.965,,
5785,car,trim_7320,9852338730,-2467.51,461.43,-2018.16,30.99,4.96,1.64,1.45,1461,140.3,71,0.819,,
5786,truck,4225219737,trim_1561,-583.53,-1101.16,-1135.73,-557.82,7.61,2.5,2.67,11360,94.8,73,0.88,,
5787,car,trim_3889,trim_4196,916.91,186.19,1477.13,708.83,4.31,1.62,1.6,1244,169.8,36,0.706,,
5788,car,3085851345,trim_8703,781.64,2343.89,-576.78,871.19,4.93,1.7,1.51,1820,155.9,26,0.784,,
5789,car,trim_1352,4224981098,-2366.53,-220.55,-2266.16,1134.25,4.31,1.87,1.51,1839,143.0,38,0.67,,
5790,car,trim_5554,9854981064,2315.62,552.03,2115.65,-565.55,4.63,1.61,1.53,1579,170.3,21,0.827,,
5791,car,trim_237,trim_739,1049.16,414.78,-1379.76,976.47,4.16,1.72,1.47,1641,171.6,64,0.672,,
5792,car,trim_5325,9855679528,2266.68,233.08,12.81,-1332.04,5.05,1.78,1.62,1427,168.3,76,0.786,,
5793,car,2962837652,trim_9032,-247.71,-1337.54,-1259.33,1149.69,4.18,1.82,1.43,1660,176.7,80,0.923,,
5794,car,trim_558,trim_6214,-1538.92,24.33,-1422.14,-1187.45,4.88,1.8,1.43,1106,155.0,51,0.779,,
5795,car,trim_7303,9852893346,-1245.4,-748.73,-1626.73,-568.22,4.56,1.91,1.46,1650,144.9,70,0.826,,
5796,car,trim_2412,9852976125,-219.51,1418.09,-1597.77,-417.96,4.46,1.94,1.48,1543,149.2,33,0.727,,
5797,car,trim_9267,2960326559,-2045.65,1076.34,-2109.02,210.87,4.37,1.68,1.41,1204,155.6,25,0.869,,
5798,car,trim_8676,trim_4476,-521.42,853.56,-793.27,1528.22,4.23,1.73,1.36,1706,177.0,66,0.906,,
5799,car,11015786211,trim_7734,-1448.4,267.33,603.25,149.97,4.79,1.91,1.59,1257,145.3,40,0.866,,
5800,car,2970305445,10206503398,-866.84,2048.03,1449.49,48.27,4.49,1.78,1.55,1407,158.7,71,0.79,,
5801,car,9859748037,trim_8351,-179.78,-736.94,-70.54,707.92,4.02,1.7,1.47,1105,145.9,48,0.859,,
5802,bus,4227798415,4225324782,1160.61,386.88,705.85,700.72,10.14,2.46,3.23,12142,92.5,42,0.748,,
5803,car,trim_1996,trim_8738,-54.3,20.72,-57.77,1360.79,4.73,1.64,1.62,1129,166.4,33,0.871,,
5804,car,4225324631,7222770490,947.73,-96.93,199.18,-1569.74,4.06,1.7,1.58,1087,149.2,39,0.876,,
5805,car,trim_9351,trim_1286,721.43,627.79,-1354.01,333.05,4.59,1.8,1.56,1193,168.9,27,0.694,,
5806,car,2970305328,trim_4177,1499.98,245.79,1938.2,818.73,4.85,1.89,1.52,1839,148.7,79,0.947,,
5807,bus,4227743704,trim_1482,324,-1243.22,-1274.99,-1041,10.21,2.4,3.11,8779,95.0,32,0.805,,
5808,car,trim_3774,9852465851,-211.1,-622.12,-2175.71,-846.32,4.07,1.67,1.35,1257,175.3,50,0.828,,
5809,car,2960299914,trim_8743,-2225.71,1266.67,144.16,1479.58,4.98,1.62,1.57,1425,151.9,26,0.881,,
5810,car,12107569871,11143538273,430.87,-100.7,2141.05,139.93,4.66,1.79,1.41,1885,163.2,55,0.806,,
5811,car,trim_1978,trim_7536,119.16,760.15,-514.93,-1097.14,4.16,1.75,1.42,1215,140.6,18,0.919,,
5812,car,trim_6684,trim_5383,1447.21,367.93,2183.27,101.01,4.62,1.89,1.63,1675,169.9,41,0.886,,
5813,car,trim_7129,4225172258,-2357.5,244.34,-185.78,-277.43,4.33,1.93,1.44,1606,143.1,52,0.871,,
5814,car,trim_882,11198935226,-1147.98,-424.77,-1937.43,-709.33,4.46,1.92,1.57,1482,160.2,25,0.653,,
5815,motorcycle,trim_9337,trim_3290,655.61,852.67,-247.18,-24.32,2.1,0.82,1.1,253,145.5,39,0.691,,
5816,truck,4227798338,trim_8784,2529.57,209,-59.99,-909.8,10.45,2.45,3.16,12832,96.1,42,0.811,,
5817,truck,trim_4043,trim_6830,763.96,292.93,-2263,274.43,6.39,2.54,3.79,11155,93.8,25,0.88,,
5818,car,trim_2857,trim_4077,-1886.15,552.92,1012.06,-137.09,4.25,1.85,1.39,1805,174.0,79,0.865,,
5819,motorcycle,9168883555,trim_9446,-1493.75,-1038.07,-1146.71,516.25,2.06,0.85,1.08,244,111.6,31,0.651,,
5820,car,trim_1959,4227798237,-66.8,2632.35,1618.98,-15.44,4.34,1.93,1.43,1305,159.4,33,0.717,,
5821,car,2960366907,12278350537,-1505.92,-631.43,2328.34,-1328.74,4.1,1.77,1.45,1237,169.9,21,0.689,,
5822,car,trim_5961,trim_3903,182.96,1073.73,1610.9,357.23,4.56,1.82,1.37,1543,155.0,24,0.799,,
5823,car,trim_3386,trim_7274,12.01,-462.95,-1841.9,-1334.23,4.32,1.68,1.53,1692,168.2,38,0.882,,
5824,car,9843662921,4225324870,2195.76,570.55,2329.23,955.52,4.99,1.61,1.57,1137,174.0,34,0.737,,
5825,car,trim_4001,trim_8355,1408.06,694.02,-282.57,384.18,4.76,1.67,1.37,1339,146.3,53,0.72,,
5826,truck,4227743716,9852333178,261.18,-1151.23,98.96,756.76,8.81,2.54,3.52,14173,97.6,69,0.712,,
5827,car,trim_1111,trim_38,-1579.06,204.86,-865.9,508.54,4.48,1.67,1.64,1113,174.8,54,0.693,,
5828,car,3840470135,9844249448,393.88,1535.71,-2154.91,809.84,4.4,1.85,1.54,1052,143.7,55,0.666,,
5829,car,trim_7581,trim_7265,-237.02,-864.26,-2280.24,-853.16,4.58,1.93,1.45,1533,147.2,22,0.747,,
5830,motorcycle,trim_2241,4225324751,14.41,-385.8,1875.66,536.94,2.04,0.79,1.35,159,98.3,35,0.873,,
5831,car,9168883572,1680212871,-937.86,-1091.96,-1683.8,715.54,4.57,1.94,1.44,1818,177.7,62,0.719,,
5832,car,trim_2541,9852465851,-763.69,1367.96,-2175.71,-846.32,4.41,1.62,1.44,1579,169.6,27,0.769,,
5833,car,11287747053,trim_2664,-1625.39,-1433.12,1319.71,-1454.29,4.14,1.62,1.43,1190,140.9,72,0.86,,
5834,car,7222863960,9852318747,-1007.78,-1569.2,-1422.52,501.02,4.36,1.64,1.42,1149,169.9,48,0.724,,
5835,truck,trim_219,trim_5045,420.72,-71.99,1917.03,-146.63,7.93,2.5,3.62,12517,72.2,43,0.77,,
5836,car,trim_355,6928966680,-1726.67,491.76,-1678.3,-1446.91,4.03,1.68,1.41,1488,147.9,19,0.819,,
5837,motorcycle,5170849703,9843687276,-1215.69,994.71,2334.48,958.03,2.13,0.84,1.34,166,152.8,41,0.692,,
5838,car,trim_2708,trim_1918,-2225.92,504.05,-375.44,-1295.1,4.04,1.63,1.38,1202,173.6,44,0.852,,
5839,car,trim_8470,7249090942,2115.77,1043.74,175.46,1010.73,5.0,1.85,1.54,1453,146.0,55,0.856,,
5840,car,9852168750,trim_4512,-2067.41,388.67,1792.14,753.47,4.5,1.7,1.48,1266,149.3,45,0.664,,
5841,car,trim_6233,6928966903,-997.74,-1095.82,-1674.66,-1337.06,4.24,1.91,1.55,1758,168.1,26,0.775,,
5842,car,12109680695,4225077390,1337.65,1445.58,-2390.68,901.03,4.56,1.72,1.45,1769,157.2,35,0.74,,
5843,car,trim_7553,2970305479,-549.24,-975.76,-731.82,2275.63,4.73,1.86,1.53,1537,164.5,48,0.843,,
5844,car,trim_744,trim_5583,-1616.59,683.39,1667.75,-186,4.26,1.62,1.59,1751,174.9,64,0.835,,
5845,car,trim_1750,7218290615,-35.42,-1415.16,2391.06,1375.13,4.37,1.87,1.45,1592,174.2,33,0.652,,
5846,car,trim_9620,9852378907,-29.02,-733.81,-2055.83,-1036.96,4.41,1.79,1.44,1446,172.7,35,0.762,,
5847,motorcycle,trim_222,trim_4821,427.12,81.56,240.45,-1165.63,1.91,0.7,1.32,152,112.8,40,0.821,,
5848,car,trim_1827,trim_808,-123.89,-978.56,-810.31,577.02,4.11,1.75,1.54,1040,169.2,21,0.832,,
5849,car,trim_2492,11960342625,-14.94,1136.93,-1494.51,-1251.13,4.56,1.68,1.36,1405,157.8,25,0.85,,
5850,car,trim_7488,4225077494,-835.07,214.83,-2480.1,1213.81,4.69,1.63,1.36,1653,169.3,30,0.864,,
5851,car,9852318742,9852938609,-1424.9,502.02,-1243.02,-732.55,4.27,1.89,1.57,1387,147.0,63,0.74,,
5852,car,trim_1041,9852976120,-940.24,148.84,-1570.51,-425.82,4.27,1.82,1.49,1834,148.1,79,1.036,,
5853,car,trim_250,trim_9326,1736.32,511.44,-808.92,-1234.67,5.08,1.89,1.46,1716,177.4,36,0.714,,
5854,car,9852378893,trim_7270,-2044.55,-1001.05,-2347.19,-752.82,4.99,1.83,1.36,1282,147.9,58,0.864,,
5855,car,trim_8226,2970305335,300.78,-1154.87,-826.54,430.28,4.25,1.61,1.36,1131,158.9,50,0.653,,
5856,car,9857826594,9859660235,226.24,-137.6,-174.52,-539.42,4.65,1.73,1.54,1884,160.7,49,0.867,,
5857,car,trim_5258,11143544410,2263.17,-24.98,1790.03,564.16,4.09,1.8,1.55,1637,146.4,71,0.788,,
5858,bus,9843662926,trim_9573,2518.56,727.57,-1558.02,392,10.06,2.43,3.32,11063,72.2,45,0.885,,
5859,car,4227743688,9854981037,246.37,-1384.36,2127.47,-615.71,4.96,1.77,1.54,1837,159.4,69,0.843,,
5860,car,9857635272,9857583758,-470.4,-1099.4,-1314.57,-1088.37,4.82,1.67,1.55,1737,140.2,63,0.857,,
5861,car,9168897691,trim_433,-328.5,-897.28,-2343.06,87.49,4.4,1.83,1.35,1226,154.2,40,0.834,,
5862,motorcycle,trim_5506,trim_534,2406.81,524.87,-1818.17,-1319.89,1.94,0.71,1.15,127,153.3,34,0.823,,
5863,car,trim_803,9843119614,-1153.13,246.01,-1556.1,1042.28,4.32,1.68,1.55,1816,148.3,49,0.808,,
5864,car,6928966897,trim_233,-1766.74,-1407.16,966.29,379.36,4.67,1.68,1.36,1490,171.6,16,0.856,,
5865,car,4225172220,trim_3346,491.78,-482.88,-207.29,-246.92,4.13,1.7,1.5,1336,162.8,71,0.752,,
5866,car,trim_1673,trim_8208,-355.19,-1455.01,-2450.86,1072.85,5.0,1.69,1.44,1663,151.5,23,0.733,,
5867,car,trim_8188,trim_2658,2211.97,-1289.03,1838.53,-1300,5.02,1.82,1.49,1303,154.2,34,0.874,,
5868,car,trim_2384,trim_9361,-387.26,1303.72,975.22,450.47,4.58,1.79,1.38,1355,149.3,74,0.903,,
5869,motorcycle,trim_2496,9857750393,-278.71,1470.34,-392.89,-507.81,1.96,0.78,1.35,114,105.8,34,0.877,,
5870,car,trim_4456,trim_6361,1756.17,66.5,2182.92,824.93,4.42,1.72,1.44,1481,157.4,69,0.744,,
5871,car,trim_1106,trim_4961,-1472.94,62.48,252.62,-1530.64,5.0,1.89,1.48,1047,178.3,37,0.7,,
5872,car,trim_5050,trim_1177,1928.47,-247.17,-1801.95,23.83,4.17,1.64,1.37,1549,149.6,33,0.769,,
5873,car,trim_2600,11909810192,1668.69,1237.65,2416.45,-889.45,4.03,1.73,1.45,1291,147.2,62,0.79,,
5874,car,2960326218,trim_8177,-1103.23,-369.02,1594.57,-433.7,4.26,1.85,1.39,1457,160.2,51,0.83,,
5875,car,trim_6273,trim_511,-561.23,-779.93,-2095.57,-849.83,4.9,1.86,1.59,1228,166.4,38,0.768,,
5876,car,trim_627,trim_9574,-2130.01,622.43,-1587.85,386.55,4.85,1.69,1.52,1528,150.4,51,0.774,,
5877,car,trim_3136,trim_2529,342.26,-382.15,-1047.9,1188.29,4.95,1.92,1.58,1853,142.6,41,0.857,,
5878,car,9858060968,trim_8919,792.24,446.31,2452.81,-1099.31,4.84,1.74,1.62,1650,178.8,28,0.708,,
5879,motorcycle,9168934126,4227797884,2215.59,1296.66,1746.29,-1410.82,2.02,0.85,1.14,119,150.4,57,0.731,,
5880,car,trim_1591,7222863960,-1419.57,-624.95,-1007.78,-1569.2,4.83,1.74,1.44,1494,176.1,30,0.864,,
5881,car,9852348500,4227695051,-1500.67,245.29,2496.07,1386.81,4.51,1.76,1.38,1502,169.9,48,0.791,,
5882,car,trim_4157,2960299864,799.41,356.88,-1252.9,-690.66,4.73,1.93,1.61,1557,157.2,62,0.684,,
5883,car,9852938581,9852317025,-1618.6,234.72,315.5,846.42,4.77,1.82,1.38,1000,170.3,39,0.842,,
5884,car,trim_5714,11104704530,-1537.35,817.64,2413.01,-542.69,4.35,1.76,1.46,1314,175.6,35,0.899,,
5885,car,9852391727,9844227425,-2049.8,-1025.58,-2208.68,763.16,4.47,1.67,1.42,1749,171.9,69,0.762,,
5886,car,trim_409,trim_2024,-2113.71,136.5,1535.52,108.86,4.41,1.93,1.5,1163,151.7,47,0.663,,
5887,car,2962860478,2960336810,-616.85,-533,-1035.46,-301.29,4.95,1.81,1.45,1186,140.8,37,0.843,,
5888,car,trim_9560,trim_8543,-414.33,-571.87,-857.72,790.84,5.02,1.74,1.39,1060,147.1,61,0.822,,
5889,car,trim_598,11909847469,-2093.9,1119.2,2290.22,-865.07,4.52,1.84,1.53,1356,159.6,57,0.886,,
5890,motorcycle,trim_278,9844004277,251.33,-352.98,-2463.3,477.59,1.81,0.71,1.07,247,125.5,74,0.941,,
5891,car,trim_456,9168883615,-2120.6,-208.43,-615.91,-1725.49,4.68,1.87,1.56,1183,176.4,66,0.73,,
5892,car,9852938609,11198955256,-1243.02,-732.55,-1879.1,-634.68,4.66,1.67,1.42,1640,174.7,65,0.691,,
5893,car,3004576894,trim_1473,656.2,772.43,-1512.8,-918.49,4.36,1.65,1.59,1120,156.5,26,0.889,,
5894,car,trim_8103,trim_3086,-956.55,794.23,-458.29,76.65,4.91,1.91,1.63,1661,142.5,42,0.758,,
5895,car,trim_2507,4225172209,177.43,1204.44,294.84,-548.73,4.45,1.75,1.41,1128,168.1,74,0.902,,
5896,car,trim_5715,12109637069,-1539.57,813.16,2087.02,1108.37,4.65,1.88,1.44,1438,169.5,19,0.902,,
5897,car,5170783083,4227798395,1865.52,342.74,2099.32,343.21,4.98,1.94,1.48,1707,163.6,74,0.89,,
5898,car,trim_9131,trim_760,1641.14,1431.05,-1119.89,1010.22,4.15,1.74,1.59,1246,163.0,22,0.838,,
5899,car,4227798211,9852378886,1851.56,-66.47,-2139.62,-753.68,4.04,1.76,1.51,1854,148.3,43,0.81,,
5900,car,2960361511,9857682500,-687.54,-1394.45,-754.35,-630.2,4.61,1.91,1.49,1442,148.2,62,0.866,,
5901,car,trim_5465,8838171113,1858.49,-70.55,-839.64,-388.84,4.2,1.64,1.63,1499,170.2,65,0.685,,
5902,car,trim_1265,9855679544,-1350.36,334.22,188.54,-1654.78,4.63,1.77,1.42,1666,144.7,22,0.738,,
5903,motorcycle,12143948732,trim_7216,1024.99,983.35,-2071.31,-206.67,2.21,0.81,1.12,155,153.0,59,0.851,,
5904,car,2962861554,11865304950,-410.85,-1455.99,-2188.65,-1283.31,4.68,1.76,1.55,1411,166.6,36,0.796,,
5905,bus,trim_1919,2960312482,-372.29,-1298.98,-1427.72,19.67,10.4,2.6,3.51,8595,95.7,35,0.877,,
5906,car,9168951432,trim_3290,535.36,-210.23,-247.18,-24.32,5.04,1.79,1.52,1791,162.8,65,0.708,,
5907,car,trim_7519,trim_7583,-1210.63,-798.03,-405.41,-725.52,4.47,1.86,1.49,1385,164.9,65,0.708,,
5908,car,11498996005,trim_3909,549.21,403.1,1711.57,268.41,4.52,1.74,1.36,1722,154.4,17,0.834,,
5909,car,2960312563,trim_2430,-866.48,311.16,-470.53,1461.91,4.3,1.85,1.64,1208,160.0,22,0.674,,
5910,motorcycle,trim_9276,trim_6803,-1623.23,1029.71,1780.77,836.55,2.26,0.85,1.28,111,159.0,76,0.909,,
5911,car,trim_597,4224981038,-2090.97,1115.15,-1976.06,717.84,4.94,1.92,1.55,1654,161.5,67,0.701,,
5912,motorcycle,trim_803,trim_6583,-1153.13,246.01,605.65,-1073.53,1.99,0.83,1.19,149,152.1,16,0.833,,
5913,car,trim_4552,trim_519,-941.64,1208.26,-1989.09,-1205.62,4.16,1.92,1.4,1271,173.6,71,0.731,,
5914,motorcycle,trim_6921,4225076170,1709.47,1021.78,-2513.8,603.04,1.96,0.77,1.34,194,117.9,39,0.862,,
5915,car,10213907204,12141514989,2174.58,1031.54,-2089.71,906.27,4.9,1.7,1.42,1731,148.0,38,0.699,,
5916,car,trim_9484,trim_7584,385.75,67.55,-681.37,-725.52,4.57,1.61,1.52,1107,171.0,25,0.764,,
5917,car,2960326559,trim_7470,-2109.02,210.87,1637.07,-1030.47,4.63,1.73,1.48,1794,146.7,42,0.86,,
5918,car,trim_8788,3834051376,-750.14,845.57,-105.47,1650.37,5.05,1.93,1.55,1612,175.1,19,0.891,,
5919,motorcycle,trim_4251,9855373896,1405.93,691.11,2349.15,-1300.92,2.03,0.66,1.27,175,149.4,65,0.822,,
5920,car,trim_1584,trim_7331,-1143.7,-817.14,985.66,327.92,4.65,1.74,1.57,1740,176.1,30,0.775,,
5921,car,trim_7779,5170798247,-588.98,-1088.64,153.49,-125.9,4.77,1.74,1.36,1209,168.6,21,0.657,,
5922,car,trim_7638,trim_5713,274.62,-203.63,-1532.2,828.01,4.63,1.76,1.46,1602,142.1,36,0.653,,
5923,car,9168861154,trim_5407,-1403.56,-63.99,2099.5,87.79,4.76,1.75,1.58,1195,146.7,47,0.736,,
5924,car,4225170888,trim_3888,1116.15,-730.75,906.53,209.04,4.03,1.71,1.4,1234,153.4,67,0.716,,
5925,car,trim_1326,trim_7836,-1021.16,-290.78,2491.61,1132.39,4.16,1.91,1.36,1325,180.0,19,0.854,,
5926,car,trim_2070,4630274539,1051.31,861.75,289.24,-256.73,4.97,1.8,1.47,1235,146.4,56,0.674,,
5927,car,trim_8247,trim_318,-2261.13,-70.59,-1373.8,452.07,4.35,1.85,1.52,1380,173.9,57,0.657,,
5928,car,trim_9449,2960326184,-786.85,535.44,-929.37,37.29,4.96,1.74,1.5,1554,159.3,78,0.818,,
5929,car,trim_3686,trim_2749,-523.21,-691.01,-2063.52,518.39,4.8,1.85,1.38,1623,174.2,67,0.695,,
5930,car,trim_5379,9852938611,2484.49,201.53,-1248.99,-786.33,4.2,1.78,1.46,1476,164.9,73,0.74,,
5931,car,2960299904,trim_2517,-2142.06,1538.59,441.63,1251.04,4.89,1.61,1.53,1656,161.9,32,0.706,,
5932,car,trim_1886,trim_3007,-380.06,-1218.9,-1917.15,1157.33,4.08,1.69,1.52,1445,166.3,44,0.815,,
5933,car,trim_5079,9843362972,1672.18,-728.17,-2305.54,1427.14,4.59,1.82,1.61,1346,161.3,75,0.879,,
5934,car,trim_4478,trim_7254,-931.67,713.41,-2088.81,-1094.94,4.21,1.64,1.54,1415,173.9,20,0.764,,
5935,car,2970305308,trim_8342,237.4,-153.2,-514.69,626.98,4.82,1.72,1.57,1456,173.3,59,0.703,,
5936,car,trim_1252,trim_5707,-1615.46,-402.87,1741.84,-798.03,5.06,1.95,1.52,1577,142.2,75,0.933,,
5937,car,trim_1399,trim_9310,-2110.74,-492.19,-2254.73,896.46,4.22,1.93,1.35,1027,176.2,48,0.817,,
5938,car,trim_3790,trim_6482,-1284.95,-1134.21,1705.22,-107.24,4.18,1.92,1.58,1376,167.4,55,0.809,,
5939,car,trim_6433,trim_449,1983.86,395.22,-2113.39,-489.79,4.01,1.69,1.39,1185,145.6,17,0.778,,
5940,car,3887993317,trim_1877,1736.95,1117.87,-352.42,-1011.62,4.75,1.94,1.46,1338,167.9,40,0.885,,
5941,car,trim_9262,12127402422,1416.59,-1344.95,-766.88,1347.51,4.53,1.62,1.42,1773,175.9,24,0.875,,
5942,car,trim_2638,trim_7479,-1183.35,732.18,-1333.07,229.39,4.31,1.76,1.61,1438,146.8,56,0.671,,
5943,car,trim_920,5170655693,-1274.75,-175.84,2086.02,-47.77,4.12,1.91,1.37,1836,174.6,38,0.72,,
5944,car,trim_3526,4225324751,1250.92,-459.41,1875.66,536.94,4.8,1.76,1.64,1227,158.9,67,0.918,,
5945,car,trim_4977,trim_5528,-1410.97,1165.76,2233.82,-612.09,4.05,1.71,1.56,1637,141.6,58,0.877,,
5946,motorcycle,trim_1009,10205548827,-785.44,16.3,2206,-889.35,1.86,0.76,1.22,151,117.4,78,0.983,,
5947,car,trim_2660,trim_8234,1800.4,-1750.98,2043.56,598.25,4.25,1.87,1.47,1647,140.2,29,0.851,,
5948,ambulance,trim_7770,trim_3796,-909.51,-525.73,-687.58,-868.46,5.82,2.02,2.85,4394,150.1,32,0.483,a_7021222684,"Ganesh Hospital, Ghaziabad"
5949,car,trim_5653,trim_4569,-1661.95,695.77,1635.08,131.19,4.05,1.65,1.37,1202,175.1,19,0.773,,
5950,car,trim_4251,trim_1410,1405.93,691.11,-2107.94,-603.61,4.77,1.68,1.65,1369,140.6,37,0.805,,
5951,motorcycle,trim_6483,11001416249,1678.98,-84.14,-1973.34,-1474.97,2.01,0.78,1.12,151,98.6,63,0.857,,
5952,car,trim_5822,9168850599,-714.32,700.44,-1511.82,553.39,4.74,1.95,1.51,1302,161.7,79,0.946,,
5953,car,trim_5213,9853276941,2233.02,490.87,2011.35,371.37,4.42,1.91,1.54,1139,160.5,41,0.892,,
5954,car,11491328440,trim_5516,199.45,-1106.07,2438.47,-1089.1,4.59,1.75,1.48,1791,168.8,28,0.683,,
5955,car,trim_3753,trim_7749,-510.97,-1097.28,-972.52,-464.91,5.09,1.93,1.53,1804,177.2,36,0.871,,
5956,motorcycle,n_9706,6925898205,696.2221206864128,804.2037772307782,-1844.25,-1506.42,2.15,0.8,1.17,122,150.0,58,0.746,,
5957,car,9852168741,12141465433,-2090.11,341.98,-1618.26,1030.85,4.79,1.84,1.53,1679,148.4,25,0.678,,
5958,car,11176440234,trim_6467,-715.82,-969.35,1558.4,404.6,4.67,1.82,1.56,1468,140.3,37,0.863,,
5959,car,9852290897,trim_843,-214.17,1117.55,-1373.97,9.65,4.74,1.82,1.43,1558,152.8,61,0.723,,
5960,car,trim_9128,trim_7828,1971.84,1141.25,-1855.98,340.57,4.89,1.71,1.43,1466,153.4,21,0.747,,
5961,car,2960326218,4225324897,-1103.23,-369.02,2425.51,1105.19,4.26,1.87,1.49,1475,178.4,52,0.805,,
5962,car,trim_7547,trim_5860,-646.24,-1000.65,-239.51,676.93,4.95,1.71,1.43,1001,141.6,65,0.795,,
5963,car,11001416248,trim_8113,-1967.89,-1471.73,-568.94,830.75,4.7,1.81,1.36,1612,145.3,18,0.787,,
5964,motorcycle,9857647515,2960326739,-562.64,-1413.58,-1782.86,-187.06,2.19,0.77,1.12,190,152.7,27,0.732,,
5965,car,trim_5794,trim_4285,-1855.62,-931.45,1740.48,-410.89,5.07,1.68,1.41,1349,176.3,73,0.745,,
5966,car,trim_4204,trim_4625,903.15,210.47,-934.11,1130.68,4.54,1.65,1.42,1277,168.2,34,0.884,,
5967,car,12109713186,trim_6892,1735.99,1446.63,-1704.62,841.21,4.65,1.64,1.42,1336,176.8,33,0.826,,
5968,car,trim_794,2960361593,-999.63,15.93,-1369.21,-705.63,4.62,1.87,1.58,1702,167.6,54,0.839,,
5969,car,2960299911,9859748024,-2249.95,1334.43,463,-1256.36,4.53,1.66,1.38,1605,144.5,57,0.725,,
5970,car,11909810100,trim_4325,2289.16,-987.46,2382.68,967.06,4.71,1.78,1.46,1131,151.9,68,0.855,,
5971,motorcycle,6294258020,9858060944,-2049.16,-1068.46,596,230.5,2.15,0.75,1.24,242,124.6,47,0.873,,
5972,car,9844249453,9168986467,-1899.48,637,607.67,387.66,4.64,1.86,1.42,1846,165.4,58,0.885,,
5973,car,trim_1999,4225324865,-39.17,118.3,1572.49,933.74,4.7,1.88,1.35,1171,159.7,23,0.727,,
5974,car,11079279976,13968415816,2040.07,505.25,-1623.57,366.19,4.2,1.84,1.44,1255,177.0,29,0.69,,
5975,car,4154033103,trim_2382,-1503.68,744.27,-430.22,1295.95,4.38,1.75,1.56,1576,174.9,55,0.7,,
5976,car,trim_6510,trim_5528,-60.45,-170.24,2233.82,-612.09,4.37,1.89,1.38,1540,150.1,26,0.878,,
5977,car,11059051403,trim_761,-435.14,-261.55,-1123.14,1031.13,4.59,1.75,1.49,1311,151.7,80,0.993,,
5978,car,trim_2025,trim_3196,1537.03,104.09,228.79,697.57,4.27,1.87,1.4,1512,160.9,28,0.752,,
5979,car,trim_3835,9843408901,-463.98,-1069.63,2487.31,1520.45,4.21,1.91,1.62,1594,140.1,76,0.997,,
5980,car,trim_3790,trim_8184,-1284.95,-1134.21,-1892.78,-1399,4.07,1.71,1.38,1464,175.3,23,0.846,,
5981,car,11586812702,trim_5415,-18.1,-25.27,1620.25,-518.97,4.52,1.89,1.62,1116,172.0,75,0.885,,
5982,car,trim_5226,trim_3464,2449.1,526.95,480.24,-522.35,4.34,1.84,1.47,1142,170.9,38,0.709,,
5983,car,trim_423,9854981084,-1912.72,109.81,1914.45,-537.54,4.7,1.82,1.6,1389,165.1,55,0.894,,
5984,car,trim_7631,trim_5714,258.45,-161.73,-1537.35,817.64,4.75,1.77,1.63,1224,146.3,37,0.801,,
5985,car,9857465300,trim_145,-780.54,140.16,350.78,-736.01,4.27,1.65,1.63,1834,142.9,67,0.841,,
5986,car,9857350844,11909810108,-1519.43,367.21,2320.11,-912.45,4.44,1.73,1.53,1820,176.5,48,0.881,,
5987,car,trim_7253,9168986478,-2120.17,-1071.44,319.9,734.59,4.79,1.74,1.46,1471,155.3,70,0.884,,
5988,car,trim_275,10206503398,171.43,-476.85,1449.49,48.27,4.3,1.68,1.58,1608,142.8,59,0.79,,
5989,motorcycle,trim_8389,5170868612,-1455.32,-130.38,1755.5,-420.34,1.96,0.75,1.08,176,123.3,22,0.725,,
5990,car,trim_5988,trim_9006,2460.11,-1209.4,-663.65,-475.56,4.33,1.69,1.44,1624,156.7,64,0.689,,
5991,car,trim_6515,trim_1877,-206.52,-243.72,-352.42,-1011.62,4.43,1.69,1.44,1024,168.8,72,0.76,,
5992,car,trim_4642,trim_7882,-1397.6,1126.57,-2460.27,-485.17,4.43,1.74,1.56,1866,154.3,43,0.668,,
5993,car,4227798441,9816408581,1396.96,435.11,-601.81,65.69,4.77,1.86,1.41,1256,155.0,44,0.773,,
5994,car,trim_8388,trim_577,-677.51,-545.7,-2048.82,714.72,5.0,1.66,1.58,1159,150.3,77,0.897,,
5995,car,9852338768,12121616908,-1879.84,-299.89,1538.33,1046.07,4.08,1.9,1.55,1576,170.8,29,0.683,,
5996,car,trim_1506,5170791983,-1182.32,-1097.58,-1659.68,709.26,4.16,1.94,1.4,1751,163.3,75,0.862,,
5997,car,trim_4530,trim_334,-955.9,886.72,-493,597.16,4.93,1.83,1.6,1455,163.3,20,0.782,,
5998,car,trim_2200,trim_7864,-240.35,1241.94,1769.33,81.35,4.2,1.76,1.47,1081,140.4,20,0.82,,
5999,car,trim_485,4225219783,-1795.45,1205.5,-626.49,-902.42,5.08,1.65,1.59,1843,160.1,50,0.78,,
6000,bus,trim_7424,trim_109,-2401.61,-1015.8,-163.27,630.93,11.98,2.46,3.04,13639,80.4,66,0.814,,
6001,car,trim_893,11491066034,-1228.07,-217.33,-144.52,-1516.93,4.83,1.87,1.51,1377,152.7,39,0.656,,
6002,bus,9852770085,trim_4184,1688.17,-1718.95,2489.69,708.71,10.24,2.43,3.02,10901,82.6,54,0.766,,
6003,car,4224981029,trim_5774,-1962.96,701.68,-1362.87,-1332.59,4.12,1.93,1.46,1125,140.7,35,0.816,,
6004,motorcycle,4227798206,trim_3363,1788.29,-84.32,-11.08,478.58,1.86,0.9,1.19,225,137.2,25,0.702,,
6005,bus,trim_485,6673295943,-1795.45,1205.5,-776.72,749.95,11.08,2.59,3.41,13623,79.8,44,0.741,,
6006,car,trim_256,4225324599,-59.95,-366.14,1722.21,-399.39,4.65,1.61,1.46,1720,172.5,44,0.827,,
6007,motorcycle,4229519498,trim_9490,2663.82,1245.85,-517.43,-1026.69,2.1,0.74,1.15,239,113.8,21,0.664,,
6008,car,9857647475,trim_2548,-775.31,-1161.05,1771.97,653.43,4.87,1.86,1.63,1659,165.7,68,0.683,,
6009,car,trim_6721,12130800901,-558.05,1270.29,-1056.82,473.41,4.05,1.71,1.4,1235,163.2,80,0.821,,
6010,car,9857996499,2960312506,-758.25,-157.35,-1062.4,-212.76,4.56,1.66,1.63,1744,142.2,30,0.677,,
6011,car,trim_4517,trim_1452,-355.76,829.28,-1311.9,-783.79,4.43,1.94,1.6,1145,161.6,39,0.781,,
6012,car,2962861533,trim_3386,-386.78,-1422.83,12.01,-462.95,4.28,1.78,1.47,1315,157.4,28,0.857,,
6013,car,5171030838,trim_8738,-1971.73,798.59,-57.77,1360.79,4.12,1.87,1.62,1329,150.3,40,0.892,,
6014,car,trim_1655,trim_83,-1824.33,-42.23,347.55,-737.03,4.81,1.62,1.42,1198,177.9,65,0.84,,
6015,car,trim_1727,trim_384,-32.68,-1363.8,-2013.39,240.33,4.34,1.81,1.43,1631,149.1,45,0.724,,
6016,car,trim_7331,12098330067,985.66,327.92,-1251.47,1341.46,5.04,1.76,1.57,1241,153.6,66,0.769,,
6017,motorcycle,trim_1907,trim_9624,-147.69,-1153.78,81.97,-892.68,1.85,0.73,1.17,194,95.4,68,0.91,,
6018,car,457278193,11491683793,-711.05,282.38,230.34,687.25,4.34,1.62,1.48,1444,157.1,19,0.901,,
6019,car,trim_7530,trim_8767,-1061.82,-893.1,-19.98,-19.03,4.52,1.79,1.55,1560,174.1,52,0.837,,
6020,ambulance,9852391730,trim_9300,-2125.75,-726.85,-1580.34,1136.44,5.73,2.14,2.81,3939,126.0,79,0.773,a_7021267999,City Central Hospital
6021,car,12143947357,trim_2081,735.59,937.38,1124.99,445.83,5.04,1.92,1.41,1101,163.5,70,0.856,,
6022,car,trim_4881,4227695029,-276.86,-1072.27,309.9,1008.6,4.34,1.89,1.59,1725,144.2,53,0.869,,
6023,car,9859566824,trim_7095,-916.73,161.91,-2092.03,488.24,4.35,1.8,1.56,1482,147.8,70,0.841,,
6024,car,trim_3856,trim_3985,-766.57,-1140.41,1216.14,875.97,4.93,1.84,1.36,1353,160.9,29,0.856,,
6025,car,trim_47,5170679557,70.16,427.25,-1298.84,769.26,4.98,1.72,1.45,1663,174.4,74,0.789,,
6026,car,9168953553,trim_4934,-6.64,-1565.72,264.13,-1200.67,4.38,1.75,1.49,1845,179.6,32,0.782,,
6027,car,trim_7412,trim_5649,1932.87,198.96,-2355.82,1480.96,4.09,1.83,1.39,1711,149.1,36,0.846,,
6028,car,trim_3840,trim_8533,-435.44,-1094.87,-2440.09,204.51,4.24,1.91,1.47,1569,164.8,79,0.842,,
6029,car,trim_1218,trim_3682,-1701.26,50.71,-770.61,-1326.28,4.64,1.74,1.49,1625,154.7,68,0.754,,
6030,motorcycle,9858066409,trim_8687,159.34,-1216.19,-1778.37,811.64,1.85,0.85,1.08,250,114.9,45,0.717,,
6031,car,trim_2417,trim_9031,-337.63,1459.51,-1264.38,1173.1,4.12,1.82,1.62,1556,170.9,60,0.678,,
6032,car,9852338734,trim_2999,-1806,0.55,-2049.68,862.54,4.35,1.93,1.6,1255,151.2,68,0.692,,
6033,car,11061427358,trim_5881,2024.6,613.64,-1947.55,-1372.07,4.65,1.91,1.59,1780,157.3,69,0.845,,
6034,car,trim_2729,trim_8971,-2319.06,1317.12,-1823.06,606.27,4.18,1.87,1.59,1454,173.4,46,0.704,,
6035,car,9860068754,trim_3534,826.62,-1357.99,-312.75,573.17,5.01,1.94,1.41,1508,171.9,38,0.726,,
6036,car,trim_7050,trim_2497,-2431.14,1248.8,-226.89,1479.63,4.55,1.62,1.39,1042,157.2,73,0.769,,
6037,car,trim_4941,trim_7407,-1635.2,1252.33,1986.1,149.18,5.09,1.94,1.53,1575,169.0,75,0.951,,
6038,car,6928966683,trim_7813,-1692.02,-1451.31,34.99,159.04,4.17,1.89,1.51,1857,170.7,48,0.821,,
6039,car,trim_7399,5170798252,2431.71,-863.4,216.86,-222.37,4.97,1.73,1.47,1439,144.3,21,0.65,,
6040,car,9852330259,trim_2588,-1366.33,384.2,1651.19,1357.1,4.75,1.72,1.4,1298,148.0,20,0.745,,
6041,motorcycle,11168894452,trim_4707,-93.05,444.41,-1374.69,1234.64,2.15,0.78,1.19,239,113.5,39,0.688,,
6042,motorcycle,trim_5935,9853276937,166.03,-1498.82,1888.84,501.95,2.23,0.89,1.06,168,145.6,77,0.932,,
6043,car,trim_8477,trim_6116,2298.21,1081.52,-1391.2,146.58,4.13,1.7,1.54,1075,166.3,16,0.853,,
6044,car,trim_8884,trim_4328,2074.88,-594.52,797.27,353.47,4.0,1.73,1.57,1495,173.9,38,0.667,,
6045,car,trim_9063,trim_7258,-1779.89,816.11,-2251.83,-955,4.31,1.85,1.48,1895,165.7,19,0.95,,
6046,car,3585485620,trim_1803,-1261.41,-595.94,28.63,-998.08,4.98,1.8,1.59,1550,145.7,26,0.889,,
6047,motorcycle,9843135296,trim_8029,-1975.23,715.14,2488.53,1134.37,1.87,0.66,1.19,161,105.8,66,0.862,,
6048,car,11272173879,trim_1756,-867.51,732.76,-421.06,-1508.9,4.82,1.84,1.57,1366,156.6,29,0.858,,
6049,truck,9844203654,trim_7433,-2450.1,1222.76,-2327.44,-135.87,8.45,2.35,3.49,6684,99.4,20,0.816,,
6050,car,trim_5933,trim_1846,198.91,-1523.11,-76.58,-822.38,4.75,1.65,1.42,1019,167.9,19,0.928,,
6051,car,4225172459,9857647484,-69.06,573.02,-844.42,-1175.03,4.26,1.8,1.5,1175,151.8,25,0.824,,
6052,car,trim_6876,trim_7934,-2292.92,804.03,-1182.63,-1458.63,4.83,1.94,1.52,1234,157.8,17,1.018,,
6053,car,5170849702,11499043123,-1230.18,992.74,-849.05,978.73,4.76,1.71,1.41,1280,171.9,75,0.956,,
6054,car,9858060956,trim_4951,-243.09,489.55,-1348.97,1352.88,4.93,1.63,1.64,1359,143.5,37,0.897,,
6055,car,trim_5522,trim_5976,2504.3,206.22,179.54,1073.73,5.03,1.82,1.35,1825,178.1,77,0.972,,
6056,car,trim_3074,2960361434,461.42,-281.09,-2470.53,-390.01,4.84,1.65,1.38,1306,172.2,16,1.043,,
6057,car,trim_4754,11840466622,-1620.69,1028.87,1363.9,-520.02,4.42,1.77,1.36,1625,166.4,30,0.805,,
6058,car,9168897708,trim_971,-222.88,-1161.32,-733.5,-109.43,4.59,1.93,1.37,1017,153.7,27,0.749,,
6059,car,trim_9498,trim_9301,-2401.06,-480.71,-1554.55,1143.6,4.92,1.81,1.37,1848,140.4,32,0.845,,
6060,car,trim_8183,trim_152,-1889.41,-1395.31,396.84,-759.16,5.05,1.73,1.37,1315,159.1,30,0.67,,
6061,car,11491678307,trim_689,115.28,958.45,-1171.49,570.57,4.96,1.72,1.47,1830,147.4,29,0.689,,
6062,car,trim_9393,trim_6967,-1374,450.48,1987.24,830.77,4.8,1.84,1.64,1465,145.0,28,0.885,,
6063,ambulance,trim_8447,trim_4533,1748.56,785.03,-899.26,895.4,5.85,2.26,2.85,3757,127.5,39,0.516,a_7022093963,Prime Hospital
6064,car,9168951498,3887993299,864.33,-1298.06,1538.69,1032.81,4.96,1.69,1.61,1025,169.7,71,0.942,,
6065,motorcycle,11362459496,trim_129,-1598.49,-1397.1,170.75,-813.94,2.23,0.79,1.11,129,93.7,78,0.987,,
6066,car,3004576864,trim_7651,730.55,-211.8,207.17,-170.36,4.31,1.79,1.37,1169,177.5,37,0.737,,
6067,motorcycle,9859748037,trim_9021,-179.78,-736.94,1035.69,142.39,2.14,0.68,1.13,231,145.7,77,0.813,,
6068,car,9843437530,trim_3244,2110.03,1348.32,-379.51,395.66,4.81,1.87,1.37,1157,161.1,20,0.818,,
6069,car,trim_8465,trim_6140,2110.93,680.22,-1111.09,-868.85,5.05,1.93,1.35,1445,144.4,59,0.706,,
6070,car,9857465293,trim_1806,-1243.61,133.69,-1.79,-1036.46,4.34,1.9,1.39,1239,176.2,61,0.766,,
6071,car,9168883522,trim_5352,-1408.09,-804.54,2037.12,-186.62,4.47,1.8,1.46,1168,159.1,79,0.972,,
6072,car,trim_1619,trim_9562,-1766.17,-560.96,-444.21,-558.33,4.53,1.83,1.52,1541,168.0,71,0.896,,
6073,car,trim_7457,trim_2196,-1791.63,-747.4,-1060.86,1184.17,4.59,1.91,1.62,1807,175.5,24,0.832,,
6074,car,trim_229,9859493790,856.62,333.55,224.3,-740,4.71,1.68,1.37,1632,169.0,65,0.772,,
6075,car,trim_5978,trim_2598,353.85,479.99,1539.06,1038.28,4.52,1.89,1.37,1130,151.7,20,0.876,,
6076,car,trim_2939,5170868608,-2270.05,1088.37,1607.05,-336.08,4.11,1.79,1.35,1186,147.5,27,0.726,,
6077,car,11143538270,571764062,2153.86,344.4,-1184.01,475.95,4.13,1.8,1.51,1749,150.2,24,0.846,,
6078,car,trim_366,11491310681,-2226.14,96.68,-336.8,-1128.02,4.27,1.63,1.37,1793,163.8,45,0.663,,
6079,car,trim_9534,trim_5226,-773.75,-1327.03,2449.1,526.95,4.09,1.81,1.39,1487,158.9,38,0.782,,
6080,car,trim_6035,trim_6517,-1513.58,971.64,36.49,162.83,4.23,1.93,1.57,1272,174.1,80,0.917,,
6081,truck,trim_7013,trim_500,-2372.3,758.66,-1664.83,697.91,11.38,2.52,2.51,13154,84.5,74,0.894,,
6082,car,9854981064,trim_4054,2115.65,-565.55,1146.39,-370.6,4.79,1.91,1.57,1546,158.5,63,0.687,,
6083,car,trim_5487,2962860494,2263.88,235.31,-420.87,-1167.35,5.06,1.81,1.65,1169,160.9,55,0.887,,
6084,bus,11143538272,trim_3917,2114.09,339.05,1790.08,190.85,12.02,2.49,3.39,9502,90.2,58,0.852,,
6085,car,trim_5302,2960326739,1863.53,26.25,-1782.86,-187.06,4.64,1.69,1.63,1604,148.2,48,0.66,,
6086,car,trim_3411,2962838307,311.99,369.28,54.56,-1039.08,4.61,1.78,1.46,1298,142.5,35,0.808,,
6087,car,trim_196,9168850577,716.92,276.38,-1573.92,741.91,4.11,1.6,1.51,1408,161.4,47,0.67,,
6088,car,trim_6761,trim_3632,-481.26,215.58,-543.36,-854,4.69,1.88,1.57,1390,167.0,66,0.835,,
6089,car,trim_8746,2960361460,-449.94,1375.11,-1734.79,-766.71,4.49,1.65,1.6,1226,174.6,79,0.873,,
6090,motorcycle,trim_6042,trim_1630,-1552.23,585.02,-1554.45,-610.73,2.29,0.68,1.21,175,105.7,40,0.682,,
6091,car,trim_9295,trim_1004,-1609.6,1131.15,-669.07,-65.14,4.09,1.9,1.38,1762,166.5,31,0.848,,
6092,car,trim_5689,trim_6392,2011.25,-1078.84,1963.33,654.56,5.07,1.78,1.61,1432,171.2,52,0.755,,
6093,motorcycle,trim_420,9855693601,-1919.37,148.19,1583.88,91.98,1.85,0.79,1.08,255,151.9,60,0.819,,
6094,car,9859736954,trim_6810,35.61,108.56,-347.65,632.88,4.32,1.64,1.53,1444,165.3,51,0.735,,
6095,car,trim_120,3887993269,-782.03,522,1555.28,1009.76,4.41,1.89,1.61,1215,141.0,70,0.716,,
6096,car,trim_1658,9816408582,-2002.38,-49.05,-597.94,58.08,4.02,1.77,1.43,1466,178.8,53,0.691,,
6097,car,trim_4302,trim_2038,1529.2,638.85,1505.16,-322.34,4.3,1.74,1.62,1418,164.0,23,0.746,,
6098,car,trim_934,trim_366,-999.13,243.02,-2226.14,96.68,4.33,1.95,1.62,1619,141.0,77,0.858,,
6099,car,trim_9221,2970305350,1589.06,439.96,-936.81,669.95,4.72,1.8,1.4,1246,148.3,62,0.879,,
6100,car,trim_2555,trim_5406,2174.74,695.87,2506.45,208.98,4.21,1.62,1.56,1368,163.9,50,0.699,,
6101,car,11143615612,trim_4997,2353.77,240.04,1555.01,-610.46,4.3,1.8,1.46,1111,164.7,40,0.814,,
6102,car,trim_2876,trim_3726,-2154.93,1144.22,-1222.81,-1150.01,4.91,1.77,1.4,1048,149.2,79,1.004,,
6103,car,9168834903,trim_7686,-1846.26,1017.74,-1073.34,471.79,4.6,1.7,1.49,1100,155.0,70,0.779,,
6104,car,9854981066,9168854810,2212.95,-490.97,2063.22,1117.41,4.4,1.68,1.53,1896,160.8,18,0.958,,
6105,car,trim_8281,trim_632,2018.49,-813.8,-2078.33,683.21,4.48,1.81,1.44,1334,150.7,55,0.65,,
6106,car,trim_620,2960336766,-2226.45,507.49,-1297.76,200.53,5.05,1.81,1.44,1306,146.5,40,0.749,,
6107,car,9168946237,trim_23,2371.52,647.71,-1081.78,-1542.7,4.96,1.93,1.36,1088,166.7,78,0.824,,
6108,car,trim_935,trim_5043,-959.83,265.09,1915.08,-122.49,4.62,1.85,1.57,1828,141.4,19,0.913,,
6109,car,trim_4671,trim_854,-1269.24,1608.48,-1178.07,-192.2,4.71,1.76,1.6,1599,161.5,31,0.752,,
6110,motorcycle,trim_8391,11586812697,-1389.53,-119.13,-21.71,-17.23,2.07,0.76,1.25,243,107.1,71,0.879,,
6111,car,9857987891,trim_2599,-398.5,-355.69,1500.88,1033.76,4.45,1.72,1.51,1704,154.5,25,0.778,,
6112,car,9843687280,trim_7314,2254.15,848.63,-1354.01,-424.66,4.33,1.77,1.5,1319,149.4,31,0.778,,
6113,car,11059051403,4225324748,-435.14,-261.55,869.15,519.33,4.65,1.89,1.37,1201,146.6,56,0.739,,
6114,car,trim_1773,trim_5355,23.43,-1233.47,2043.32,-235.53,4.9,1.68,1.47,1764,166.5,39,0.706,,
6115,car,trim_4040,trim_6293,743.58,465.69,-352.86,-964.53,4.99,1.88,1.5,1516,145.4,29,0.679,,
6116,truck,2970305468,trim_6530,-554.86,2185.29,695.11,-880.61,11.75,2.47,2.82,13940,79.7,18,0.779,,
6117,car,9859493790,trim_7690,224.3,-740,-109.81,21.7,4.02,1.92,1.51,1239,179.9,69,0.857,,
6118,car,trim_9633,trim_4146,391.77,-1336.44,1558.08,684.93,4.41,1.69,1.62,1032,150.2,73,0.831,,
6119,car,2960336707,trim_998,-916.51,417.8,-623.93,-127.07,4.37,1.69,1.43,1579,171.9,51,0.731,,
6120,car,12165965999,trim_7689,1837.82,-898.59,-234.17,-42.7,4.36,1.74,1.41,1779,159.1,47,0.705,,
6121,car,trim_7277,trim_387,-1642.86,-1107.39,-2255.9,261.58,4.24,1.6,1.49,1343,156.2,35,0.709,,
6122,ambulance,trim_3457,trim_939,-1343.29,-416.9,-814.19,235.21,5.68,2.07,2.69,2593,124.8,32,0.608,a_7025117453,Pannalal Shyamlal Hospital
6123,car,trim_8016,11176413075,-1129.97,-889.97,-1226.45,-221.64,4.88,1.81,1.35,1004,143.6,60,0.684,,
6124,car,trim_6281,trim_2901,-330.92,-827.35,-1763.42,948.76,4.11,1.77,1.55,1088,155.5,69,0.897,,
6125,car,trim_938,4227798320,-833.81,263.72,2489.42,168.49,4.5,1.77,1.54,1690,149.4,76,0.809,,
6126,ambulance,trim_6748,trim_6895,49.96,593.71,-1392.37,1369.21,6.2,2.02,2.51,4421,154.4,60,0.636,a_7025924014,Rizvi Surgical Centre
6127,motorcycle,trim_4883,trim_6227,-1269.16,1604.7,-1542.43,-1012.61,1.88,0.69,1.24,216,122.1,67,0.767,,
6128,car,9859601721,trim_2262,-1021.59,-442.9,-392.42,-162.8,4.54,1.87,1.62,1519,163.0,27,0.812,,
6129,car,trim_3364,trim_7843,26.26,585.13,2019.07,1037.38,4.67,1.73,1.38,1091,143.9,63,0.806,,
6130,car,8819311731,trim_7754,2411.51,-1276.78,-1018.18,-465.33,4.06,1.93,1.65,1723,153.4,16,0.938,,
6131,car,11491683795,trim_4477,148.27,442.37,-788.35,1529.14,4.41,1.83,1.53,1283,155.1,75,0.989,,
6132,car,12109680697,trim_90,1346.95,1363.49,699.19,268.71,4.47,1.91,1.37,1221,140.7,26,0.839,,
6133,motorcycle,trim_4356,2970305338,1079.98,720.19,1195.52,452.14,1.89,0.66,1.15,204,115.0,77,0.878,,
6134,car,12918589241,trim_1808,-803.38,608.22,-104.03,-1156.25,4.89,1.66,1.38,1671,158.4,39,0.661,,
6135,car,11909810199,5170655688,2372.55,-1155.63,1916.63,-56,4.28,1.67,1.51,1124,178.6,26,0.818,,
6136,motorcycle,9903339257,trim_861,-15.83,738.85,-1057.77,97.89,1.98,0.76,1.23,142,97.7,46,0.89,,
6137,motorcycle,trim_2164,trim_5184,881.8,-274.97,1175.99,-82.14,1.82,0.83,1.13,184,134.6,65,0.834,,
6138,car,trim_6072,2960300013,-1824.2,1098,-1558.88,689.07,4.51,1.8,1.5,1762,154.4,62,0.877,,
6139,car,trim_5572,trim_8293,1681.75,-518.37,1713.33,646.23,4.59,1.9,1.59,1291,169.5,59,0.68,,
6140,car,11909847468,trim_8803,2275.12,-986.24,672.56,679.9,5.07,1.69,1.63,1260,161.9,32,0.872,,
6141,car,4227798435,trim_1756,2514.18,431.6,-421.06,-1508.9,5.08,1.78,1.52,1364,141.3,49,0.813,,
6142,car,12278350541,11909810194,2332.78,-1344.59,2427.12,-1155.41,4.81,1.73,1.59,1621,162.7,64,0.795,,
6143,motorcycle,trim_5252,trim_7214,2118.95,-43.8,-2026.36,-199.67,2.05,0.82,1.25,117,112.8,61,0.889,,
6144,motorcycle,trim_784,trim_1980,-679.92,-452.09,122.95,744.11,1.8,0.76,1.25,188,113.3,60,0.652,,
6145,car,trim_9513,6294257363,1727.72,653.38,-2504.41,-801.11,4.78,1.83,1.64,1543,153.8,77,0.781,,
6146,ambulance,11498996006,trim_1767,572.66,231.17,-75.97,-1238.64,6.42,2.14,2.73,4273,144.3,61,0.687,a_7027732228,"Brij Medical Centre, Ghaziabad"
6147,car,9843084747,11491678338,-2321.24,827.93,-34.38,731.06,4.26,1.71,1.46,1742,149.5,55,0.9,,
6148,bus,9168951484,trim_4793,557.31,-1146.64,-1557.28,1183.24,10.27,2.45,3.29,8317,97.4,38,0.871,,
6149,truck,trim_2491,11056361048,102.6,1148.9,1297.61,495.92,6.12,2.49,3.06,7691,86.3,54,0.659,,
6150,car,trim_3712,trim_5664,-773.68,-1503.34,716.86,-206.14,4.14,1.69,1.44,1514,141.6,52,0.747,,
6151,car,trim_2841,3085851339,-2280.74,558.4,1314.56,1954.35,4.21,1.71,1.52,1019,156.9,71,0.938,,
6152,car,trim_5363,trim_9167,1739.38,-321.95,2387.62,967.79,4.66,1.75,1.61,1336,152.9,73,0.971,,
6153,car,trim_1723,trim_6288,-98.22,-1327.62,-222.69,-936.92,4.63,1.69,1.45,1266,156.7,39,0.851,,
6154,car,trim_5285,466556905,1824.72,-158,417.54,-144.63,4.66,1.82,1.59,1066,146.2,25,0.83,,
6155,car,11591325747,9168946266,-421.81,1236.38,1710.01,156.9,4.13,1.94,1.36,1488,158.9,19,0.932,,
6156,car,trim_704,2960361487,-1392.41,735.37,-1562.61,-1061.09,4.55,1.93,1.53,1740,143.8,67,0.808,,
6157,car,trim_9054,trim_536,-1742.72,1252.64,-1837.8,-1337.88,4.76,1.75,1.47,1387,166.4,54,0.883,,
6158,car,9859738804,trim_5371,-733.09,-1178.03,1773.75,-260.78,5.03,1.75,1.36,1489,149.0,24,0.816,,
6159,car,trim_2783,trim_6674,-2351.64,619.45,986.09,175.32,4.87,1.81,1.36,1760,150.8,62,0.726,,
6160,car,trim_2250,trim_5069,-838.5,509.59,2444.28,261.94,4.31,1.94,1.5,1469,159.1,47,0.779,,
6161,car,trim_7377,trim_5412,2221,-485.54,2116.17,-41.62,4.65,1.89,1.61,1160,154.7,17,0.793,,
6162,car,trim_6373,2960326588,2108.26,714.71,-1812.61,106.64,4.26,1.93,1.51,1514,146.1,18,0.749,,
6163,car,9168951464,4225219728,813.52,-991.01,-532.53,-1165.93,4.25,1.66,1.38,1648,145.4,67,0.685,,
6164,car,12124088202,trim_2884,2535.69,731.2,-2218.33,658.36,4.25,1.72,1.56,1327,142.0,28,0.806,,
6165,car,457278217,9857647506,276.1,-489.62,-578.6,-1227.74,4.77,1.91,1.6,1833,177.4,27,0.725,,
6166,car,7249093949,trim_1625,466.92,498.59,-1618.33,-587.16,4.46,1.7,1.42,1445,170.5,16,1.007,,
6167,car,trim_914,9852330248,-1264.04,-66.97,-2072.13,216.33,4.77,1.63,1.5,1048,175.5,66,0.883,,
6168,car,9859639823,457278256,-412.6,-245.66,617.77,-596.04,4.22,1.71,1.53,1233,178.1,61,0.886,,
6169,car,trim_8164,4225324649,1913.7,-630.66,978.85,80.61,4.41,1.77,1.57,1081,159.5,24,0.652,,
6170,car,trim_1660,trim_5557,-2120.06,-54.45,2400.65,563.36,4.49,1.95,1.47,1346,175.8,79,0.839,,
6171,car,9853181597,trim_5601,822.14,-1464.56,1820.07,-325.36,4.93,1.79,1.53,1556,141.0,19,0.941,,
6172,car,trim_4549,9168953520,1216.08,-341.89,2002.52,118.31,4.19,1.92,1.37,1119,158.5,19,0.807,,
6173,car,2960299919,trim_3822,-2343.89,873.64,-192.99,-763.64,4.15,1.83,1.46,1683,161.8,53,0.725,,
6174,car,trim_261,trim_4572,13.97,-322,1645.43,174.68,4.81,1.71,1.44,1084,178.9,38,0.899,,
6175,car,trim_2984,9854981024,-2062.24,794.75,1763.19,-604.44,4.85,1.95,1.39,1883,164.9,23,0.815,,
6176,car,trim_9570,11909810154,-241.27,-581.14,2078.8,-495.52,5.08,1.77,1.57,1764,166.9,41,0.758,,
6177,motorcycle,9843662924,trim_4843,2499.57,719.42,-1182.93,851.37,1.84,0.75,1.39,224,136.8,80,0.957,,
6178,car,9885134825,11499043129,-2463.52,-479.81,-808.43,1016.49,4.66,1.63,1.4,1786,167.6,32,0.763,,
6179,car,4225351659,trim_4107,-907.43,639.42,2322.26,771.42,4.1,1.72,1.62,1310,163.6,46,0.868,,
6180,car,trim_4076,trim_5586,979.76,-107.67,1680.01,-163.46,4.98,1.81,1.51,1042,174.2,36,0.826,,
6181,bus,11158293367,trim_3450,-581.47,-1049.13,1407.53,-718.38,12.19,2.51,3.45,10977,78.8,73,0.887,,
6182,car,trim_5114,9855373905,2451.36,529.71,2497.42,-584.06,4.34,1.71,1.6,1791,172.2,53,0.746,,
6183,car,9844249459,trim_5418,-1930.9,543.23,809.96,-1479.92,4.63,1.9,1.52,1224,143.3,25,0.887,,
6184,car,trim_3583,9168946285,545.29,413.39,1757.92,503.24,4.92,1.85,1.64,1563,143.7,61,0.884,,
6185,car,trim_7735,trim_3115,-633.46,145.66,-95.72,109.83,4.18,1.75,1.64,1505,156.5,20,0.807,,
6186,car,trim_2416,trim_6558,-73.5,1442.63,513.56,-1113.69,4.26,1.68,1.46,1064,166.3,58,0.828,,
6187,car,9859748021,trim_9205,451.46,-1242.74,1505.15,635.71,4.79,1.8,1.59,1325,140.8,26,0.767,,
6188,car,trim_1981,trim_2339,123.9,739.21,-2156.58,1493.95,4.11,1.89,1.6,1894,166.1,36,0.72,,
6189,car,trim_8433,trim_1742,-1039.58,-602.31,-145,-1380.86,4.53,1.62,1.38,1071,147.2,44,0.76,,
6190,car,trim_6093,trim_5536,-1239.93,719.3,2387.2,-699.24,4.78,1.84,1.65,1683,174.5,31,0.9,,
6191,car,9168850599,trim_1256,-1511.82,553.39,-1369.97,-427.55,5.04,1.87,1.41,1060,153.5,49,0.86,,
6192,motorcycle,trim_3020,trim_623,-1492.45,1332.43,-2186.36,554.58,1.98,0.78,1.39,166,129.4,69,0.788,,
6193,ambulance,5170798229,2960336650,73.41,470.38,-1523.77,-36.96,6.28,2.1,2.7,2686,137.5,65,0.513,a_7031610785,"Sunetra Eye, Laser and Dental Care Centre"
6194,car,11586812699,trim_380,-35.69,-22.65,-1829.08,152.44,4.24,1.62,1.38,1781,152.2,77,0.998,,
6195,car,9857157135,trim_1804,1159.43,-181.73,11.08,-1020.23,5.07,1.89,1.39,1867,171.8,52,0.733,,
6196,truck,trim_9487,trim_8720,216.99,-330.09,-934.73,1135.64,8.43,2.54,2.61,8103,78.7,28,0.787,,
6197,car,9852893331,9852338753,-1730.55,-1340.13,-2053.36,-307.12,4.37,1.9,1.36,1293,149.0,17,0.936,,
6198,car,trim_3181,9854981035,-130.42,327.16,2119.27,-599.17,4.85,1.61,1.64,1420,164.6,29,0.824,,
6199,car,trim_4226,11001379071,-100.61,876.66,-2495.49,-1009.96,4.95,1.82,1.53,1714,157.0,26,0.707,,
6200,car,trim_6860,trim_2379,670.19,683.95,-556.08,1273.18,4.97,1.61,1.6,1831,158.4,25,0.733,,
6201,car,11338092332,trim_2657,-1293.49,-1339.32,1893.5,-1409.87,4.76,1.93,1.39,1763,142.7,57,0.758,,
6202,motorcycle,trim_892,trim_184,-1211.39,-261.79,399.86,150.23,2.09,0.87,1.2,232,128.3,58,0.68,,
6203,car,trim_5642,trim_2209,-1926.78,1907.46,147.82,1065.21,4.2,1.67,1.52,1838,154.7,62,0.767,,
6204,car,9855373897,10685694466,2247.08,-1298.64,-1100.37,-734.4,4.07,1.9,1.45,1828,177.3,26,0.817,,
6205,car,trim_5765,trim_2453,-2055.23,-1041.51,-2377.57,760.33,4.57,1.8,1.45,1095,162.1,27,0.67,,
6206,motorcycle,11498998330,trim_7219,626.9,250.88,-2040.06,-432.83,2.18,0.77,1.35,183,109.0,23,0.79,,
6207,car,11143288408,9168881198,1697.95,688.05,2010.82,561.56,4.77,1.82,1.47,1370,155.0,28,0.824,,
6208,car,trim_3064,trim_8670,29.03,587.99,-520.67,825.21,4.35,1.61,1.41,1889,178.9,52,0.891,,
6209,car,4227798500,trim_3591,1081.46,1447.38,340.18,529.18,4.62,1.81,1.58,1344,164.7,75,0.774,,
6210,car,5170637565,9857583762,1432.5,-42.96,-1354.75,-1154.38,4.99,1.82,1.6,1418,141.8,70,0.837,,
6211,car,trim_8896,trim_2295,2399.89,-889.42,2473.81,1144.25,4.07,1.65,1.57,1796,177.7,38,0.705,,
6212,motorcycle,2960336694,trim_2621,-1583.69,-397.77,-1456.84,723.82,2.2,0.78,1.29,138,104.2,30,0.876,,
6213,car,9857682478,trim_710,-500.73,-702.37,-1346.12,802.89,4.43,1.89,1.43,1516,175.0,39,0.834,,
6214,car,trim_295,9858060969,-2225.69,1302.6,790.5,444.5,4.99,1.94,1.4,1703,162.7,61,0.701,,
6215,car,trim_2951,9853262764,-1612.17,1587.47,1295.28,-299.81,4.13,1.6,1.52,1771,148.0,72,0.752,,
6216,bus,trim_7308,trim_4438,-2300.33,136.75,1025.89,252.05,11.79,2.41,3.24,10212,78.2,17,0.861,,
6217,car,trim_7954,4225077416,-485.91,1123.22,-2050.49,984.85,4.24,1.61,1.49,1600,158.9,48,0.744,,
6218,car,2960326626,9857647477,-2035.15,-655.88,-627.79,-1121.48,4.76,1.62,1.5,1633,148.1,67,0.81,,
6219,car,trim_7342,trim_2538,1098.02,66.18,-781.46,1473.21,4.29,1.64,1.48,1798,151.1,69,0.812,,
6220,car,trim_5975,12278350543,182.95,1070.08,2331.15,-1344.39,4.15,1.85,1.58,1819,177.5,70,0.927,,
6221,car,trim_1877,4225324664,-352.42,-1011.62,912.81,113.4,4.5,1.82,1.58,1026,150.8,73,0.767,,
6222,truck,12098541624,3887993325,1540.56,-415.54,1678.18,1146.33,10.38,2.58,3.22,6856,76.4,72,0.861,,
6223,car,9168949390,trim_1342,-169.22,-1698.77,-2068.93,-204.06,4.54,1.87,1.63,1396,141.6,24,0.729,,
6224,car,9168959356,2960326541,1285.22,-302.14,-1643.44,389.83,4.82,1.84,1.65,1255,143.5,32,0.805,,
6225,car,trim_4369,trim_3705,1271.46,284.18,-1224.04,-924.96,4.16,1.61,1.41,1364,166.1,49,0.854,,
6226,car,9852465872,trim_5622,-1845.6,-1502.92,-190.13,1250.9,4.2,1.86,1.6,1600,150.5,79,0.796,,
6227,car,trim_2482,2960336710,-24.33,1172.12,-943.7,472.5,4.24,1.84,1.5,1110,161.8,46,0.844,,
6228,car,5170639286,trim_8236,2071.52,-130.91,-2305.39,-757.6,5.01,1.64,1.6,1704,165.7,21,0.883,,
6229,car,trim_6185,trim_4402,-1396.18,-760.85,2113.94,908.76,4.38,1.88,1.59,1119,159.8,61,0.821,,
6230,car,trim_117,trim_5858,-493.33,572.83,-75.46,707.04,4.89,1.74,1.46,1499,163.8,79,0.86,,
6231,motorcycle,trim_2198,trim_2121,-253.92,1325.31,994.11,1356.44,2.15,0.72,1.28,149,151.6,37,0.697,,
6232,car,trim_6167,trim_4491,-1659.08,-653.41,-1025.89,1189.39,4.44,1.95,1.4,1301,152.1,51,0.89,,
6233,motorcycle,trim_3118,trim_6921,-36.09,-420.65,1709.47,1021.78,2.3,0.83,1.32,154,117.1,54,0.879,,
6234,car,trim_6825,5170849706,-2352.21,163.59,-1149.99,1003.61,4.87,1.92,1.43,1023,142.8,20,0.883,,
6235,car,trim_4056,9852405449,1251.06,-427.94,-2442.03,-337.34,4.7,1.85,1.65,1751,144.2,68,0.693,,
6236,car,9843084749,9168951502,-2277.34,858.93,1056.29,-1107.33,4.81,1.61,1.63,1360,166.0,36,0.752,,
6237,car,4225172202,trim_2237,1006.9,-593.72,219.08,-581.26,4.41,1.69,1.4,1017,141.9,40,0.667,,
6238,motorcycle,trim_6365,trim_255,2401.39,860.68,-110.56,-398.34,2.2,0.88,1.1,149,102.7,61,0.837,,
6239,car,trim_5988,trim_27,2460.11,-1209.4,-901.79,-1688.63,4.73,1.88,1.61,1632,151.4,66,0.846,,
6240,car,11491502801,5171030827,409.47,-1347.99,-2168.44,575.77,4.19,1.7,1.65,1412,171.3,78,0.949,,
6241,car,4225172263,trim_965,13.33,-242.99,-885.55,-145.67,4.95,1.8,1.36,1823,152.3,65,0.686,,
6242,car,4225324631,5170849700,947.73,-96.93,-1612.61,656.11,4.31,1.7,1.46,1066,165.0,71,0.88,,
6243,car,trim_6669,trim_6610,1417.43,155.08,2102.1,-575.3,4.77,1.9,1.37,1130,143.7,51,0.656,,
6244,car,11015711797,4227698440,-1020.87,707.27,-424.48,2344.01,4.85,1.9,1.64,1597,172.9,32,0.856,,
6245,car,9852893336,trim_2865,-1708.78,-1183.74,-2158,1045.95,4.06,1.78,1.42,1507,146.9,30,0.863,,
6246,car,trim_5367,trim_4832,1756.07,-292,-719.48,-659.45,4.29,1.7,1.37,1601,151.9,33,0.682,,
6247,car,trim_9103,trim_6386,1796.66,354.78,2026.61,755.54,4.76,1.88,1.58,1379,175.3,22,0.848,,
6248,car,trim_8915,trim_1721,2308.44,-834.2,-182.01,-1348.51,4.55,1.93,1.52,1740,150.5,50,0.706,,
6249,car,trim_6636,9857249955,2155.56,-787.77,-1850.4,-518.76,4.92,1.85,1.56,1386,156.3,66,0.715,,
6250,car,trim_574,trim_7639,-1970.77,539.38,336.91,-276.23,4.9,1.61,1.38,1659,141.8,42,0.71,,
6251,car,12141479866,9168854804,-2260.33,879.01,1945.26,1282.51,4.7,1.81,1.49,1246,158.7,67,0.785,,
6252,car,trim_2470,6709388538,-2243.11,1214.38,2306.57,-830.21,4.42,1.75,1.46,1842,172.2,27,0.705,,
6253,car,trim_3110,11015761879,498.79,-245.21,-1312.55,556.37,4.11,1.92,1.58,1706,178.2,17,0.823,,
6254,car,trim_4038,11080052828,740.15,501.82,-2291.26,-82.49,4.16,1.64,1.65,1230,154.1,33,0.868,,
6255,car,9854981048,trim_6288,2023.97,-438.83,-222.69,-936.92,5.1,1.84,1.39,1276,143.8,18,0.811,,
6256,car,trim_7974,trim_5602,-997.15,417.98,1843.15,-262.23,4.35,1.82,1.6,1301,160.1,40,0.756,,
6257,car,trim_53,trim_1166,112.48,111.37,-1712.05,-8.98,4.32,1.8,1.45,1599,161.5,45,0.77,,
6258,car,9843408906,trim_9371,2490.8,1386.94,1485.41,142.96,4.68,1.8,1.36,1289,179.6,43,0.841,,
6259,car,trim_208,trim_5749,338.85,-383.32,-1972.54,-1218.7,4.6,1.77,1.36,1812,153.3,43,0.9,,
6260,car,6735189825,11198935212,2433.72,-792.09,-1899.88,-800.29,5.06,1.64,1.62,1879,141.5,54,0.694,,
6261,car,trim_3675,trim_2163,-685.32,-604.47,1135.03,-388.75,4.76,1.62,1.55,1299,152.9,40,0.898,,
6262,car,11158364719,trim_4160,119.93,-742.46,920.09,404.52,4.87,1.84,1.38,1303,162.9,63,0.793,,
6263,car,9168951487,trim_5392,502.29,-1134.58,2023.71,-943,4.08,1.84,1.38,1352,152.9,43,0.745,,
6264,car,trim_548,trim_4299,-1393.49,-317.92,1999.58,464.36,4.6,1.64,1.49,1000,145.2,21,0.818,,
6265,car,trim_5689,trim_2580,2011.25,-1078.84,1683.8,1172.83,4.39,1.79,1.47,1789,150.7,31,0.767,,
6266,car,2970305245,trim_6249,1500.22,-587.82,-683.47,-1249.08,4.08,1.75,1.37,1751,179.5,31,0.869,,
6267,car,12096423016,trim_8570,46.66,-652.19,131.68,-1433.67,5.04,1.7,1.65,1498,178.0,64,0.679,,
6268,car,trim_9310,trim_5509,-2254.73,896.46,2411.9,479.86,4.53,1.66,1.46,1491,170.6,48,0.738,,
6269,motorcycle,11625386296,trim_9365,-119.92,-1722.66,1451.22,207.03,1.98,0.81,1.26,249,105.7,41,0.816,,
6270,motorcycle,2970305116,9843592171,2133.82,-1251.79,2065.36,611.49,1.9,0.87,1.32,256,152.8,39,0.728,,
6271,car,trim_4658,trim_4673,1483.9,-1222.1,363.84,-1367.69,4.73,1.73,1.47,1745,144.5,41,0.881,,
6272,car,trim_7300,9858060959,-1244.15,-699.04,-254.49,513.39,5.07,1.63,1.42,1248,174.4,17,0.961,,
6273,car,trim_1669,trim_8544,-421.07,-1505.85,-25.07,-35.53,4.92,1.7,1.57,1626,140.4,51,0.799,,
6274,car,9854981063,4227743632,2108.19,-590.32,684.99,-1593.3,5.03,1.73,1.54,1383,142.5,77,0.844,,
6275,car,trim_2091,4225351653,2496.44,1046.8,1631.18,140.82,4.94,1.67,1.42,1865,149.8,70,0.927,,
6276,car,trim_5871,trim_1826,2411.61,-557.62,-80.14,-823.43,4.96,1.72,1.5,1606,157.9,60,0.747,,
6277,car,2970305474,trim_7333,-759.06,2234.65,1042.17,353.77,4.37,1.71,1.5,1215,157.0,64,0.672,,
6278,car,2970305312,trim_8362,1596.12,-97.77,-1453.74,-349.11,5.1,1.72,1.51,1549,176.9,16,0.92,,
6279,car,4227743784,trim_6830,1450.57,-57.63,-2263,274.43,4.77,1.81,1.49,1115,150.0,56,0.747,,
6280,car,9852371330,4227798223,-1670.09,-388.15,2145.56,-40.59,4.43,1.74,1.41,1821,148.5,67,0.857,,
6281,car,trim_2578,trim_859,1394.18,1023.09,-1119.15,57.34,4.44,1.67,1.52,1301,159.6,31,0.817,,
6282,car,4225170881,457278326,1277.79,-845.77,384.24,-1067.29,4.32,1.9,1.46,1742,169.7,45,0.793,,
6283,car,9855014981,trim_7462,1424.63,-280.29,-2446,-664.29,4.49,1.66,1.6,1695,176.4,31,0.842,,
6284,motorcycle,trim_9566,trim_2467,-327.07,-456.82,-2296.56,1033.53,1.98,0.81,1.33,112,93.8,75,0.82,,
6285,car,9843170049,2960300005,-1676.67,1234.57,-1505.49,969.96,5.01,1.73,1.51,1185,153.5,36,0.804,,
6286,motorcycle,trim_5627,2960326623,-176.86,1160.17,-2103.63,-711.87,1.88,0.87,1.15,130,152.3,21,0.751,,
6287,car,trim_1294,trim_6416,-1278.34,306.08,2370.14,816.6,4.24,1.81,1.53,1201,173.2,65,0.657,,
6288,bus,12143947357,trim_4161,735.59,937.38,924.73,406.38,12.05,2.44,3.42,9381,73.3,33,0.796,,
6289,car,trim_9290,trim_6926,-1552.21,1141.77,1865.31,1503.09,4.82,1.84,1.49,1319,150.3,62,0.755,,
6290,motorcycle,trim_2122,trim_4797,1018.84,1204.51,309.8,-1408.62,2.2,0.86,1.28,207,148.7,68,0.806,,
6291,car,9857647506,4225172454,-578.6,-1227.74,473.1,559.83,4.4,1.66,1.53,1537,152.4,30,0.855,,
6292,car,trim_6573,4225172384,653.64,-1375.72,-271.05,313.14,4.7,1.7,1.64,1256,173.4,32,0.765,,
6293,car,trim_6446,trim_4539,1819.25,329.18,-740.38,919.37,4.81,1.72,1.37,1571,164.9,49,0.678,,
6294,car,trim_3604,trim_5141,-532.05,-821.28,2216.51,233.06,4.44,1.71,1.48,1145,143.9,80,1.049,,
6295,car,trim_7803,trim_4326,153.19,-1412.26,2252.66,845.16,4.05,1.87,1.59,1402,167.9,38,0.892,,
6296,car,trim_138,11983071272,277.73,-618,1119.4,1263.11,4.65,1.73,1.49,1129,160.5,33,0.821,,
6297,car,9859566826,4219134342,-1103.94,319.64,52.86,-2187.36,4.76,1.92,1.4,1398,144.7,80,1.012,,
6298,car,trim_8162,trim_2065,1983.03,-583.08,1033.46,1415.2,4.36,1.93,1.64,1834,174.7,63,0.679,,
6299,car,trim_2090,trim_7916,2497.27,1041.87,-1554.78,394.83,4.91,1.95,1.62,1677,165.5,55,0.853,,
6300,motorcycle,trim_3436,trim_7083,-55.77,423.5,-2257.46,1363.93,2.18,0.84,1.19,129,125.3,76,0.766,,
6301,car,trim_9287,trim_7,-1638.24,1253.73,-2219.39,286.24,4.78,1.67,1.49,1111,167.5,62,0.656,,
6302,motorcycle,trim_1374,trim_339,-2032.22,-545.71,-1290.23,599.73,1.89,0.83,1.1,249,105.3,63,0.779,,
6303,car,trim_1344,trim_5544,-2118.03,-205.84,2134.89,577.8,5.07,1.92,1.54,1400,179.5,58,0.671,,
6304,car,9857331052,2962838282,-1967.49,-707.37,-26.19,-1291.13,5.1,1.84,1.48,1164,150.6,35,0.716,,
6305,motorcycle,trim_6818,trim_5329,319.71,749.86,710.51,1470.72,2.05,0.77,1.13,225,131.7,56,0.844,,
6306,car,trim_6316,trim_5671,1815.28,1228.63,1326.05,-475.93,4.93,1.81,1.53,1434,141.3,62,0.808,,
6307,car,9168861204,trim_2201,-1501.33,-701.84,-228.71,1170.43,4.31,1.8,1.45,1283,151.4,36,0.86,,
6308,motorcycle,trim_4088,11909847464,1463.24,623.34,2414.84,-1045.81,2.16,0.78,1.37,250,148.8,30,0.696,,
6309,car,trim_502,12098282521,-1659.85,626,-1170.63,1156.98,4.76,1.84,1.47,1214,166.1,46,0.764,,
6310,truck,trim_1901,trim_1107,-298.69,-1160.72,-1507.69,133.77,8.57,2.36,2.77,5039,72.2,26,0.802,,
6311,car,trim_1693,12124282219,103.63,-1415.51,-1105.88,-1000.85,4.39,1.95,1.61,1429,157.2,32,0.799,,
6312,car,trim_3375,9857465302,-53.83,425.35,-774.29,140.16,4.91,1.74,1.47,1064,153.9,70,0.859,,
6313,car,trim_4795,trim_3004,-456.61,-916.56,-1990.47,1125.8,4.3,1.8,1.46,1447,172.7,22,0.709,,
6314,car,6928966900,trim_4354,-1626.62,-1310.92,829.09,142.68,4.46,1.69,1.61,1385,168.2,32,0.746,,
6315,car,trim_6044,trim_3015,-1554.54,582.93,-1642.94,1277.41,4.91,1.84,1.45,1452,176.3,18,0.823,,
6316,car,trim_7171,trim_8312,-1904.63,77.92,255.84,-1105.51,4.58,1.79,1.45,1293,147.5,76,0.858,,
6317,car,trim_4449,trim_704,1980.87,391.21,-1392.41,735.37,4.17,1.7,1.48,1009,175.1,27,0.65,,
6318,truck,457278207,trim_1757,70.96,381.99,-368.05,-1551.37,9.37,2.54,2.72,10810,70.8,46,0.743,,
6319,car,trim_353,trim_79,-1761.04,488.18,229.82,-789.06,4.65,1.69,1.57,1509,150.3,17,0.981,,
6320,car,trim_2352,trim_3134,-1866.89,-907.13,-161.89,211.1,4.52,1.75,1.63,1897,142.0,76,0.925,,
6321,car,trim_1994,trim_7476,-80.36,8.26,-1367.43,379.81,4.19,1.71,1.59,1871,144.3,57,0.861,,
6322,car,trim_4098,trim_864,1027.94,599.14,-1067.17,-215.2,4.37,1.89,1.43,1027,145.5,72,0.86,,
6323,car,9852290915,4227743769,575.25,998.68,-748.66,-638.12,4.2,1.64,1.52,1103,177.0,45,0.799,,
6324,car,trim_5046,9843848028,1918.48,-160.27,2425,672.34,4.08,1.75,1.54,1572,173.6,31,0.738,,
6325,car,9853276948,trim_4041,1745.81,350.11,744.04,460.71,4.97,1.94,1.41,1295,170.8,70,0.707,,
6326,car,trim_7233,4224981004,-2248.08,-100.68,-1787.7,615.7,4.86,1.92,1.61,1439,178.1,65,0.746,,
6327,car,5170847657,trim_5905,-1312.87,982.11,-1757.11,-1506.79,4.72,1.8,1.37,1686,157.1,59,0.829,,
6328,car,trim_8387,trim_4676,-630.8,-520.66,339.67,-1390.59,4.46,1.61,1.38,1486,147.1,51,0.655,,
6329,car,trim_6924,trim_1188,1876.15,1433.26,-1756.24,-768.91,4.11,1.7,1.43,1409,140.8,41,0.878,,
6330,car,trim_4151,trim_3774,-615,1106.64,-211.1,-622.12,4.83,1.67,1.42,1409,169.5,53,0.758,,
6331,car,trim_6353,11198935224,2245.84,1151.44,-1985.73,-670.1,4.74,1.65,1.44,1638,142.7,49,0.67,,
6332,car,trim_1818,trim_2407,-124.24,-982.27,146.22,1477.53,4.91,1.64,1.47,1494,145.3,65,0.742,,
6333,car,trim_2592,4225324710,1643.15,1403.42,1462.86,303.9,4.36,1.82,1.49,1483,174.0,68,0.877,,
6334,car,2970305363,trim_6960,103.88,845.75,1388.81,821,4.45,1.85,1.47,1816,164.4,57,0.839,,
6335,car,trim_676,trim_909,-1444.46,614.6,-1266.85,-69.17,4.93,1.75,1.64,1767,175.1,63,0.773,,
6336,bus,2960299967,trim_2485,-1348.68,464.31,-16.94,1134.72,10.5,2.51,3.11,11793,87.8,48,0.868,,
6337,car,trim_3666,trim_6228,-1054.25,-1375.21,-1446.56,-1132.1,5.08,1.87,1.53,1555,140.2,55,0.732,,
6338,car,trim_9465,9857647486,55.85,-1195.06,-936.76,-1107.8,4.55,1.69,1.55,1056,172.2,45,0.665,,
6339,car,9857647450,trim_3679,-1004.96,-1117.2,-709.66,-1429.59,4.52,1.91,1.59,1590,173.0,20,0.843,,
6340,car,9857847222,trim_2162,203.67,-166.42,1139.33,-391.3,4.61,1.6,1.37,1069,150.0,68,0.889,,
6341,car,9857826566,trim_8143,-24.54,-697.22,-2091.2,-1104.69,4.56,1.87,1.62,1641,161.6,44,0.768,,
6342,car,trim_7765,9168881201,-990.33,-521.27,2236.73,667.54,4.12,1.7,1.35,1589,150.7,48,0.714,,
6343,car,9859647550,9857647470,44.31,-1252.87,-703.75,-1253.59,4.25,1.95,1.55,1314,158.8,27,0.893,,
6344,motorcycle,9843382199,trim_2179,1578.53,1223.43,13.19,-817.65,2.08,0.85,1.08,242,90.5,50,0.741,,
6345,car,9168966428,457280277,988.95,1651.39,698.62,-52,4.86,1.74,1.62,1473,177.4,25,0.752,,
6346,car,9168854804,trim_3481,1945.26,1282.51,418.83,-619.86,4.33,1.75,1.55,1780,174.0,16,0.933,,
6347,car,9843127280,9852331986,-1521.53,564.53,-406.27,762.52,4.82,1.83,1.63,1578,151.9,29,0.727,,
6348,motorcycle,trim_4667,6294257370,-1559.28,1180.45,-2478.44,-818.22,2.02,0.69,1.23,159,156.6,40,0.67,,
6349,car,9852348510,trim_7356,-1381.65,-555.43,2065.97,-651.69,4.62,1.72,1.51,1065,141.8,79,0.84,,
6350,car,trim_4723,4225077461,-1392.89,1079.69,-2514.71,1093.17,4.95,1.93,1.61,1532,179.2,21,0.709,,
6351,car,trim_9298,9843368456,-1606.61,1129.36,-2173.27,1247.94,4.27,1.63,1.59,1736,152.8,40,0.846,,
6352,car,2960299903,trim_4120,-2167.86,1442.98,1727.32,917.93,4.94,1.8,1.41,1845,152.5,60,0.817,,
6353,car,trim_1325,10259407501,-1020.56,-287.24,2301.82,-978.39,4.63,1.61,1.36,1238,172.8,76,0.794,,
6354,truck,trim_2487,trim_4665,-40.42,1280.11,-1564.01,1235.88,10.64,2.54,3.72,10739,99.2,29,0.781,,
6355,motorcycle,trim_507,4225324739,-1669.49,714.06,888.11,447.05,1.85,0.88,1.31,176,149.9,20,0.761,,
6356,car,trim_7827,trim_9579,-1855.38,328.14,-598.13,1111.47,5.01,1.91,1.51,1570,167.4,21,0.713,,
6357,motorcycle,trim_90,trim_5352,699.19,268.71,2037.12,-186.62,2.15,0.88,1.19,217,118.5,47,0.683,,
6358,motorcycle,trim_3575,4225219823,136.9,340.36,-190.48,-598.83,1.94,0.75,1.06,233,124.0,16,0.844,,
6359,car,9852938581,trim_4921,-1618.6,234.72,-1475.2,1269.2,4.24,1.86,1.5,1114,162.0,62,0.764,,
6360,car,2970305239,9843556953,1555.18,-635.68,1886.89,539.29,4.44,1.89,1.64,1810,157.4,65,0.818,,
6361,car,trim_5980,trim_9236,471.34,502.29,-720.88,99.69,4.69,1.84,1.49,1239,160.9,23,0.813,,
6362,car,trim_8157,4225172196,1930.58,-639.03,1307.66,-655.56,4.44,1.71,1.56,1262,173.0,67,0.919,,
6363,car,trim_7680,trim_3969,-691.83,-198.34,-457.25,1038.92,4.36,1.78,1.53,1705,149.6,34,0.668,,
6364,car,trim_3497,trim_7617,-9.07,-63.15,232.34,-152.25,4.91,1.86,1.41,1028,151.1,32,0.674,,
6365,car,trim_3302,trim_4216,-171.16,293.83,1234.91,792.84,5.1,1.7,1.56,1701,156.7,60,0.837,,
6366,car,9854981043,trim_6367,2095.76,-477.09,2360.39,852.92,4.46,1.69,1.61,1278,170.6,53,0.899,,
6367,car,trim_3272,trim_7127,18.12,-386.38,-2329.1,219.68,5.02,1.63,1.57,1645,170.1,52,0.861,,
6368,ambulance,trim_87,trim_631,698.92,-45.68,-2081.54,679.37,5.55,2.02,2.5,3672,130.3,72,0.586,a_7033516100,Sarvodaya Hospital and Research Centren
6369,car,trim_6441,9168881197,1850.28,356.85,2022.86,574.31,4.15,1.92,1.48,1786,155.8,63,0.868,,
6370,car,2960361593,12141430114,-1369.21,-705.63,-1846.66,922.54,4.03,1.89,1.58,1377,177.0,32,0.831,,
6371,car,5170798232,trim_2498,83.11,284.62,-226.1,1474.7,4.11,1.77,1.5,1456,140.5,34,0.719,,
6372,car,trim_3734,trim_2881,-421.07,-755.3,-1803.77,485.62,4.36,1.61,1.58,1846,157.8,75,0.786,,
6373,car,trim_3294,12124195043,-309.78,571.11,-731.01,-843.91,4.66,1.87,1.63,1838,149.0,56,0.872,,
6374,car,trim_1052,9843398603,-789.11,103.68,1730.86,1161.7,5.06,1.75,1.37,1663,168.6,21,0.782,,
6375,car,trim_1183,trim_9115,-2023,-654.84,-495.2,1221.82,4.35,1.69,1.37,1262,155.6,24,0.759,,
6376,car,trim_2969,trim_1400,-2211.52,1132.9,-2037.54,-489.17,4.93,1.66,1.38,1397,168.8,56,0.685,,
6377,car,11238189126,trim_2848,104.85,-719.83,-1943.88,744.96,4.13,1.75,1.37,1527,160.2,76,0.795,,
6378,motorcycle,trim_7418,trim_294,-2123.73,-1071.66,-111.24,-401.74,2.19,0.71,1.28,157,108.2,26,0.712,,
6379,car,5170823229,11168770280,1078.76,425.82,-88.43,632.64,4.36,1.63,1.53,1367,150.1,27,0.707,,
6380,motorcycle,11491307973,9852465871,-358.91,-1194.88,-1845.3,-1498.77,1.95,0.89,1.13,168,100.1,63,0.81,,
6381,car,trim_7096,trim_4532,-2132.53,377.9,-904.2,894.63,4.13,1.72,1.64,1579,164.1,46,0.652,,
6382,car,trim_7950,trim_442,-622.34,1160.54,-2105.02,-613.21,5.05,1.93,1.5,1342,176.7,16,0.87,,
6383,motorcycle,4227743934,trim_114,-951.94,2034.25,-415.32,586.56,1.85,0.86,1.06,255,153.8,24,0.793,,
6384,car,trim_1456,2960299999,-1717.99,-770.12,-1623.51,751.01,4.94,1.88,1.38,1551,168.6,71,0.791,,
6385,car,4227743914,trim_3590,-1276.86,1599.3,261.41,516.13,4.85,1.7,1.36,1069,142.9,77,0.91,,
6386,car,11491144950,11176468174,-590.03,-1364.72,-1024.41,-468.64,5.06,1.89,1.44,1642,155.4,25,0.694,,
6387,car,trim_8639,9854981071,273.13,-1191.33,2084.69,-580.85,4.18,1.83,1.6,1348,143.9,26,0.683,,
6388,car,trim_1832,trim_4356,-62.87,-913.87,1079.98,720.19,4.9,1.66,1.4,1715,171.6,46,0.848,,
6389,car,4225324663,trim_1977,902.54,114.1,120.09,924.67,4.5,1.61,1.55,1035,149.4,36,0.854,,
6390,car,trim_7241,12088347353,-2439.59,-336.76,-1877.44,700.33,4.65,1.81,1.64,1323,158.4,75,0.936,,
6391,motorcycle,trim_4734,trim_97,-1494.84,1059.38,430.41,735.81,2.02,0.84,1.29,205,110.8,29,0.655,,
6392,car,11499317442,trim_1772,-289.93,1087.38,20.03,-1233.72,4.34,1.65,1.49,1872,153.5,50,0.836,,
6393,car,9855014985,trim_2949,1823.77,-154.38,-2070.99,975.72,4.42,1.8,1.56,1174,149.5,18,0.974,,
6394,car,trim_8039,trim_8574,-1068.94,487.9,137.89,-1426.36,4.97,1.69,1.45,1140,176.7,63,0.731,,
6395,car,trim_8583,trim_1077,-305.44,-1493.23,-886.31,-287.82,4.78,1.88,1.4,1307,174.7,25,0.715,,
6396,car,9168911143,9855691344,-1592.54,-216.29,2513.52,448.75,4.83,1.86,1.39,1793,161.1,71,0.924,,
6397,car,trim_5078,trim_4421,2519.47,447.05,964.7,-112.03,4.81,1.92,1.41,1313,144.0,45,0.677,,
6398,motorcycle,trim_3950,trim_2111,1871.83,335.35,230.82,-147.59,2.13,0.71,1.1,141,159.0,69,0.807,,
6399,car,9843336873,2960312577,1391.66,1554.65,-544.32,-381.31,4.06,1.66,1.64,1851,169.7,63,0.832,,
6400,car,trim_6538,trim_8263,664.15,-1132.11,-1475.38,-1120.58,5.02,1.63,1.39,1093,163.4,43,0.816,,
6401,motorcycle,trim_875,2960299999,-1315.86,-302.68,-1623.51,751.01,2.04,0.79,1.36,141,132.1,24,0.697,,
6402,car,trim_7300,9857465302,-1244.15,-699.04,-774.29,140.16,4.67,1.82,1.53,1847,172.5,18,0.78,,
6403,car,trim_1781,9168861203,151.17,-1303.38,-1518.65,-625.69,4.9,1.78,1.52,1366,176.8,80,0.959,,
6404,car,trim_8681,trim_5574,-28.7,717.67,2026.17,376.94,4.29,1.67,1.45,1897,172.3,69,0.735,,
6405,ambulance,4225172303,trim_8663,-330.65,-12.37,-414.11,796.53,5.75,2.28,2.63,3622,134.5,73,0.651,a_7035329353,"Manav Hospital, Ghaziabad"
6406,car,11136055392,trim_812,-1082.42,-1373.56,-746.46,588.11,4.48,1.61,1.47,1445,142.1,51,0.721,,
6407,car,trim_2652,trim_5027,1901.48,-1442.72,2166.73,-566.78,4.17,1.67,1.45,1517,168.9,64,0.718,,
6408,car,trim_5524,trim_2687,2166.89,-569.67,-2258.69,-772.11,4.76,1.93,1.53,1618,158.9,34,0.794,,
6409,motorcycle,trim_8012,9844249453,-1128.48,-893.32,-1899.48,637,2.25,0.71,1.1,234,100.7,49,0.789,,
6410,car,trim_2504,11865304951,-5.64,1457.03,-2205.6,-1293.39,4.1,1.76,1.51,1495,174.0,42,0.856,,
6411,car,trim_5351,2960312482,2033.28,-151.35,-1427.72,19.67,4.74,1.86,1.45,1561,154.3,64,0.754,,
6412,car,trim_965,2962838438,-885.55,-145.67,-152,-940.56,5.04,1.7,1.58,1751,161.6,48,0.872,,
6413,car,trim_5083,9843492409,2442.61,-594.89,1439.95,872.71,4.27,1.76,1.6,1759,166.1,38,0.877,,
6414,car,trim_5290,9853262754,2028.76,-106.09,1432.72,437.81,4.29,1.84,1.37,1603,142.9,76,0.85,,
6415,car,11176442505,4227743774,-737.24,-904.27,-493.93,-593.56,4.65,1.74,1.38,1633,152.2,70,0.797,,
6416,car,trim_858,trim_3210,-1157.75,-22.23,202.21,290.64,4.29,1.8,1.51,1546,177.0,60,0.768,,
6417,car,trim_891,4224981038,-1209.63,-266.47,-1976.06,717.84,4.05,1.64,1.43,1013,147.0,43,0.857,,
6418,car,11056361045,trim_7881,1287.07,488.11,-2438.41,-448.29,4.92,1.81,1.35,1830,160.8,61,0.693,,
6419,car,9859618313,9852371329,-776.53,-501.04,-1600.11,-407.26,4.65,1.88,1.46,1536,152.0,43,0.759,,
6420,car,trim_7308,9857647494,-2300.33,136.75,-1094.78,-986.18,4.3,1.78,1.65,1480,168.1,66,0.84,,
6421,car,trim_9627,trim_9605,242.03,-1123.15,-863.72,504.04,4.12,1.7,1.48,1285,156.1,32,0.758,,
6422,car,trim_4200,2960328327,826.31,187.61,-1674.02,-92.34,4.48,1.84,1.35,1033,160.3,76,0.996,,
6423,car,trim_7830,9168861154,2481.21,595.29,-1403.56,-63.99,4.86,1.68,1.46,1554,174.4,20,0.796,,
6424,car,trim_5189,trim_6899,2310.01,-651.61,-2259.67,1363.56,4.48,1.93,1.41,1268,140.3,74,0.753,,
6425,truck,trim_5296,12096814570,1203.95,391.42,1004.04,107.94,10.74,2.33,3.77,14039,76.2,53,0.866,,
6426,truck,trim_5141,trim_1638,2216.51,233.06,-1582.61,-704.29,6.54,2.53,3.44,15726,84.6,52,0.806,,
6427,car,trim_296,trim_2603,-2297.97,1400.66,1649.76,1382.07,4.25,1.78,1.5,1211,150.3,34,0.748,,
6428,car,trim_3916,4225219732,1765.25,216.36,-639.68,-1124.3,4.75,1.64,1.57,1760,178.7,35,0.745,,
6429,car,11198935212,4225351640,-1899.88,-800.29,1480.5,-484.83,4.23,1.63,1.48,1861,160.8,59,0.767,,
6430,car,trim_7972,4227798530,-1005.36,392.05,1131.63,1808.41,4.6,1.75,1.64,1335,151.6,18,0.927,,
6431,car,trim_151,9859493781,404.68,-741.86,416.2,-455.06,4.57,1.74,1.5,1423,156.0,54,0.662,,
6432,car,trim_456,12129482868,-2120.6,-208.43,-1282.81,627.02,4.6,1.7,1.48,1645,168.9,29,0.787,,
6433,car,9859736964,trim_5956,11.8,212.48,-963.87,-1484.32,4.55,1.9,1.49,1582,178.2,29,0.844,,
6434,car,trim_1614,trim_2561,-1352.86,-720.29,2547.39,770.24,4.65,1.78,1.57,1504,145.6,69,0.865,,
6435,car,trim_5057,9859566835,2290.99,-993.73,815.11,-143.02,4.87,1.69,1.42,1402,144.2,67,0.829,,
6436,motorcycle,2960366914,trim_5580,-1542.9,-500.19,1633.63,-247.99,1.96,0.72,1.39,236,110.0,74,0.768,,
6437,truck,trim_7545,3887993322,-643.82,-952.81,1486.66,1124.54,11.87,2.43,3.08,15341,92.3,41,0.681,,
6438,car,4227798506,trim_1041,1395.48,1505.05,-940.24,148.84,4.9,1.79,1.48,1115,147.6,72,0.848,,
6439,car,11983071280,trim_4161,1129.5,1265.21,924.73,406.38,4.8,1.72,1.43,1718,146.4,44,0.76,,
6440,car,trim_5630,11983071277,-78.72,1148.41,1138.03,1254.23,4.65,1.76,1.56,1018,167.1,48,0.858,,
6441,car,trim_6372,trim_5820,2107.55,719.66,-724.4,746.46,4.59,1.74,1.41,1243,146.0,63,0.791,,
6442,motorcycle,9857682470,6925898192,-242.52,-799.15,-1959.17,-1344.55,2.0,0.68,1.23,178,143.0,49,0.83,,
6443,car,trim_6071,11909810165,-1935.93,1049.2,2010.28,-602.56,4.04,1.61,1.39,1725,179.1,78,0.928,,
6444,car,2960312488,trim_823,-1103.96,-8.08,-1281.61,176.05,4.37,1.74,1.35,1611,156.2,69,0.918,,
6445,car,9709086986,9843336864,-2221.92,300.4,1100.31,1698.4,4.49,1.67,1.52,1667,159.7,40,0.747,,
6446,bus,trim_4705,5372152743,255.09,-1497.6,-2103.3,-1212.61,12.04,2.54,3.54,11489,87.9,78,0.964,,
6447,car,2970305361,trim_119,-978.98,791.23,-696.1,537.13,4.69,1.88,1.5,1814,163.1,46,0.887,,
6448,car,trim_2309,11079279976,652.68,854.77,2040.07,505.25,4.57,1.91,1.38,1681,156.2,32,0.72,,
6449,car,2960299997,trim_1457,-1624.11,740.84,-1625.47,-795.92,4.21,1.81,1.59,1135,178.7,64,0.715,,
6450,truck,trim_2835,5171030834,-2406.98,595.77,-2034.01,738.79,7.72,2.38,2.92,12602,75.8,38,0.686,,
6451,car,9852893355,9857647496,-1403.16,261.85,-1090.48,-987.26,4.36,1.73,1.54,1419,160.9,52,0.775,,
6452,truck,trim_2382,11491310680,-430.22,1295.95,-390.33,-1197.16,11.02,2.3,3.58,9118,79.9,77,0.842,,
6453,car,trim_2376,4223620636,-1355.68,-1324.78,-2233.33,-677.2,4.14,1.95,1.57,1202,171.9,44,0.815,,
6454,car,trim_1758,trim_3383,-364.19,-1554.55,89.29,-490.41,5.07,1.9,1.61,1256,167.0,23,0.847,,
6455,motorcycle,trim_4262,trim_1822,2266.12,-72.27,-141.33,-922.78,2.03,0.88,1.28,201,127.5,53,0.857,,
6456,car,9852338765,2960299856,-1833.14,-303.03,-1412.91,-1183.63,4.87,1.74,1.58,1285,148.9,59,0.708,,
6457,car,trim_710,trim_9174,-1346.12,802.89,1944.61,779,4.93,1.64,1.63,1011,145.5,56,0.849,,
6458,car,9852290915,11168866169,575.25,998.68,-412.32,861.21,4.7,1.62,1.47,1160,147.4,50,0.774,,
6459,car,9852465871,trim_6982,-1845.3,-1498.77,2402.96,566.21,4.19,1.92,1.56,1213,173.8,40,0.766,,
6460,car,trim_3816,trim_3827,-770.22,-1502.86,-211.36,-626.07,4.02,1.74,1.44,1554,156.4,34,0.793,,
6461,car,trim_5556,trim_2432,2357.82,557.22,-479.7,1511.61,5.05,1.73,1.46,1395,163.5,38,0.845,,
6462,car,2962837729,2960336693,-385.11,-1536.33,-1590.02,-401.04,4.01,1.84,1.57,1120,145.1,54,0.717,,
6463,car,trim_7453,trim_1811,-1900.99,-549.59,-4.94,-1036.5,4.65,1.68,1.54,1759,140.0,63,0.729,,
6464,car,trim_7511,trim_9304,-1205.57,-998.57,-2086.2,902.49,4.06,1.64,1.41,1229,172.4,64,0.719,,
6465,car,12901340308,trim_3200,231.07,-307.98,-111.82,563.11,4.92,1.94,1.39,1123,146.8,30,0.706,,
6466,car,4227743674,9168897705,380.44,-1444.04,-243.46,-1036.21,4.18,1.86,1.46,1070,145.1,38,0.699,,
6467,motorcycle,9857583754,trim_6661,-1338.44,-1115.38,985.79,-228.5,2.16,0.84,1.09,195,134.6,33,0.882,,
6468,car,6673295945,9168881209,-772.26,742.28,2041.71,758.48,5.02,1.89,1.62,1255,147.5,45,0.729,,
6469,car,4225170871,12096791270,427.92,-1132.14,1115.3,105.7,4.11,1.69,1.63,1556,155.7,27,0.663,,
6470,car,2960336694,trim_164,-1583.69,-397.77,358.33,-957.71,4.66,1.9,1.45,1614,178.6,16,0.882,,
6471,car,trim_655,trim_6074,-1846.79,522.75,-1806.58,1105.12,4.71,1.95,1.59,1732,174.2,27,0.85,,
6472,car,trim_1044,trim_1696,-1047.58,213.19,-124.66,-1729.34,4.27,1.71,1.39,1587,165.9,31,0.806,,
6473,car,trim_8112,trim_4841,-569.84,835.66,-1224.58,846.16,5.04,1.88,1.61,1437,149.7,29,0.799,,
6474,car,trim_8195,2960361478,-996.01,663.44,-1415.86,-879.59,4.94,1.86,1.38,1249,176.9,30,0.853,,
6475,bus,3887993270,trim_701,1546.54,1012.58,-1414.81,690.24,12.5,2.42,3.18,13661,70.0,54,0.819,,
6476,car,trim_8495,trim_3787,-1900.47,-740.91,-1301.87,-1155,4.62,1.65,1.36,1236,153.9,34,0.812,,
6477,car,trim_7249,trim_847,-2286.82,-928.21,-1376.97,7.78,4.03,1.79,1.54,1635,147.6,63,0.686,,
6478,car,9168965316,trim_3220,1351.09,1257.52,211.46,240.98,4.62,1.67,1.49,1336,165.5,32,0.663,,
6479,car,trim_1134,trim_4512,-1266.17,448.59,1792.14,753.47,4.42,1.74,1.57,1557,143.8,70,0.811,,
6480,car,trim_3781,trim_1993,-573.28,-1115.7,-100.84,-2.97,4.98,1.65,1.6,1858,164.7,50,0.826,,
6481,car,trim_259,4227798273,-7.88,-335,2240.8,53.98,4.02,1.94,1.49,1289,148.1,37,0.727,,
6482,car,trim_841,trim_1966,-1355.59,62.1,175.33,1206.5,4.5,1.62,1.55,1015,162.2,76,1.001,,
6483,car,trim_3784,trim_754,-531.32,-1166.65,-1097.54,865.88,4.91,1.8,1.63,1743,168.5,33,0.855,,
6484,bus,trim_4253,trim_8664,904.63,219.87,-418.73,818.67,11.46,2.46,3.16,8849,92.5,70,0.916,,
6485,car,trim_1384,trim_853,-2194.32,-558.41,-1024.64,49.14,4.72,1.71,1.37,1287,157.3,32,0.691,,
6486,car,9852405421,trim_4619,-2219.71,-103.88,-651.87,757.65,4.29,1.64,1.58,1367,151.6,39,0.827,,
6487,truck,trim_8000,trim_8619,21.22,1012.06,204.15,-1111.92,7.7,2.44,2.55,12301,83.0,75,0.919,,
6488,car,trim_1888,4224981051,-360.68,-1244.03,-1930.66,757.76,4.16,1.64,1.47,1462,152.5,47,0.706,,
6489,car,3085851337,trim_5592,1341.54,1925.53,2023.88,331.35,4.21,1.7,1.41,1550,145.5,74,0.866,,
6490,car,trim_1022,trim_5365,-894.99,173.78,1747.96,-306.3,4.23,1.62,1.56,1819,177.7,80,0.885,,
6491,car,11161018541,trim_5873,2196.7,-1484.21,-1667.55,374.14,4.71,1.74,1.45,1471,179.3,49,0.714,,
6492,car,trim_3906,trim_2531,1662.02,311.56,-1028.41,1191.47,4.89,1.75,1.57,1733,143.2,76,0.947,,
6493,car,trim_2272,5170801504,734.51,822.32,2073.98,472.44,4.85,1.87,1.63,1226,175.0,54,0.867,,
6494,motorcycle,trim_6506,trim_2307,4.99,-179.36,639.67,925.29,2.08,0.87,1.1,213,131.5,51,0.73,,
6495,car,trim_8911,trim_3171,2262.91,-984.44,-490.74,108,4.1,1.86,1.41,1751,172.2,52,0.882,,
6496,car,11499381708,10259407483,165.39,1088.87,2426.23,-1056.47,4.99,1.92,1.41,1462,145.6,58,0.817,,
6497,car,4225172222,9843170048,-1139.47,-452.4,-1670.86,1230.63,5.09,1.7,1.48,1866,176.0,68,0.865,,
6498,car,4225219694,9857660118,-683.12,-1542.08,-381.73,-1427.26,4.31,1.9,1.6,1307,162.7,54,0.893,,
6499,car,trim_2180,trim_940,-36.37,-743.67,-811.35,231.09,4.74,1.85,1.37,1391,161.9,37,0.777,,
6500,bus,trim_8784,trim_5894,-59.99,-909.8,-1578.46,-1472.94,12.49,2.6,3.43,11382,74.8,29,0.691,,
6501,car,trim_3943,trim_1891,1978.1,222.15,-385.52,-1074.03,5.0,1.81,1.61,1343,149.8,29,0.89,,
6502,car,trim_9601,9852961430,-1163.45,1057.84,-1526.93,-42.2,4.41,1.89,1.6,1351,175.6,70,0.917,,
6503,car,trim_6259,trim_6130,-523.62,-1503.27,-1367.2,-167.96,5.03,1.7,1.55,1174,152.8,21,0.67,,
6504,bus,4225076178,2960361508,-2314.57,823.49,-798.33,-1309.03,10.03,2.49,3.54,10191,99.5,58,0.83,,
6505,car,4225351688,trim_7367,-863.96,901.05,2037.57,-628.23,4.93,1.69,1.47,1655,157.7,42,0.735,,
6506,car,trim_4117,trim_2563,977.8,446.29,1496.42,1043.51,4.55,1.85,1.6,1345,145.9,76,0.978,,
6507,car,12139823108,11777944688,1988.69,-1468.06,680.92,749.39,4.11,1.74,1.59,1798,176.8,62,0.754,,
6508,car,5171030825,trim_7299,-2244.45,486.27,-1250.24,-675.92,4.35,1.76,1.44,1358,149.7,61,0.735,,
6509,car,trim_2723,trim_8457,-2182.73,555.01,1887.03,635.09,4.49,1.63,1.48,1741,158.4,65,0.8,,
6510,car,2970305360,trim_6523,-993.56,786.69,-349.27,-507.86,5.07,1.7,1.53,1366,146.2,55,0.721,,
6511,car,trim_603,6735185773,-2210.25,1283.65,-270.72,634.45,5.01,1.78,1.44,1310,147.4,42,0.9,,
6512,car,trim_3042,trim_1172,-455.69,379.08,-1699.8,63.89,4.31,1.76,1.44,1450,148.6,47,0.754,,
6513,motorcycle,trim_7750,5170783081,-988,-404.59,1857.67,533.59,1.83,0.77,1.24,174,116.8,21,0.742,,
6514,motorcycle,11006815359,trim_1444,2099.95,-562.22,-1421.94,-750.43,2.3,0.66,1.16,192,138.4,28,0.757,,
6515,car,9168883545,trim_8015,-1481.79,-1151.6,-1159.33,-877.33,4.73,1.73,1.44,1649,161.6,23,0.807,,
6516,car,trim_621,trim_4395,-2218.37,518.09,2499.32,1044.73,4.56,1.71,1.44,1710,159.8,16,1.041,,
6517,car,9858060928,trim_3153,279.65,254.41,577.51,141.96,4.94,1.92,1.44,1719,141.0,64,0.869,,
6518,car,trim_4567,9843057342,1610,64.56,-2624.91,1096.49,4.19,1.7,1.51,1388,147.1,79,0.815,,
6519,car,trim_1077,trim_856,-886.31,-287.82,-1165.93,-77.06,4.16,1.76,1.47,1673,153.5,71,0.815,,
6520,car,trim_6409,9857987897,2394.03,607.91,-377.71,328.1,4.06,1.92,1.58,1040,159.5,36,0.774,,
6521,car,9843084758,9852348506,-2168.96,992.3,-1455.64,-446.18,4.18,1.88,1.41,1336,157.9,25,0.886,,
6522,car,trim_4754,trim_6926,-1620.69,1028.87,1865.31,1503.09,4.48,1.72,1.59,1891,158.8,31,0.754,,
6523,motorcycle,trim_5670,trim_3866,1303.16,-474.2,1062.09,-256.24,2.0,0.89,1.28,255,147.2,48,0.865,,
6524,car,3834051377,trim_1999,183.27,1700.93,-39.17,118.3,4.28,1.92,1.57,1157,167.6,27,0.764,,
6525,car,10205548827,4225351996,2206,-889.35,-1024.54,1123.27,4.79,1.66,1.38,1720,165.5,19,0.855,,
6526,car,9168883562,trim_9221,-1531.68,-1296.74,1589.06,439.96,5.01,1.77,1.59,1867,149.8,18,0.863,,
6527,bus,trim_5898,trim_5467,-1698.68,-1508.11,1895.69,-91.27,11.21,2.55,3.21,12585,99.1,17,0.855,,
6528,car,9857647504,5170655696,-604.65,-1227.23,2180.53,-36.07,4.71,1.89,1.36,1703,143.5,41,0.786,,
6529,car,trim_8682,9859639851,464.66,558.27,-809.39,-520.29,4.44,1.74,1.4,1895,161.9,62,0.754,,
6530,car,9852331989,trim_155,-431.03,763.37,232.95,-789.28,4.07,1.89,1.35,1488,176.4,72,0.939,,
6531,car,trim_951,trim_3590,-591.61,-303.99,261.41,516.13,4.23,1.84,1.58,1840,142.2,53,0.842,,
6532,car,12901333697,trim_6807,117.98,-246.47,-536.74,599.26,4.08,1.74,1.54,1608,148.0,16,0.899,,
6533,car,trim_4356,trim_7361,1079.98,720.19,1998.3,-418.95,4.58,1.67,1.63,1079,172.4,17,0.843,,
6534,ambulance,2960361528,2960336710,-960.62,-768.61,-943.7,472.5,6.29,2.15,2.81,3129,146.1,49,0.699,a_7035680845,Yashoda Super speciality Hospital
6535,car,trim_6688,11499173754,1021.69,1202.54,224.48,1290.14,4.58,1.85,1.46,1638,150.1,22,0.692,,
6536,car,2960358788,11499317438,-1614.6,-43.1,-225.16,1110.19,4.27,1.76,1.6,1485,163.9,34,0.765,,
6537,car,9843336870,trim_5519,1380.03,1559.7,2455.04,201.68,4.37,1.7,1.61,1237,150.7,18,0.825,,
6538,motorcycle,trim_9328,11015711790,-1113,-1007.27,-1038.27,756.83,2.25,0.7,1.07,129,142.3,57,0.683,,
6539,car,trim_50,trim_9427,87.5,261.19,-2041.95,299.06,4.3,1.72,1.55,1576,146.8,53,0.742,,
6540,car,trim_7476,4224980819,-1367.43,379.81,-2462.09,389.31,4.47,1.75,1.36,1099,160.7,26,0.753,,
6541,car,9857647486,trim_6096,-936.76,-1107.8,-1106.71,744.09,4.68,1.75,1.61,1876,149.7,41,0.898,,
6542,car,trim_2397,12124195043,-595.19,1467.88,-731.01,-843.91,4.39,1.79,1.42,1514,165.4,73,0.74,,
6543,car,trim_3749,trim_7201,-614.74,-731.07,-1446.58,314.21,4.99,1.88,1.45,1030,168.2,50,0.701,,
6544,car,trim_1699,4227743928,-69.26,-1346,-982.33,1971,4.17,1.66,1.57,1365,145.0,46,0.715,,
6545,car,trim_9113,9843651266,1702.72,-44.32,2197.77,631.49,4.41,1.76,1.58,1156,175.6,57,0.772,,
6546,car,9859655301,trim_9101,-383.61,-259.4,1558.55,295.1,4.9,1.68,1.51,1002,160.2,73,0.922,,
6547,car,trim_1410,trim_3149,-2107.94,-603.61,313.46,342.2,4.73,1.76,1.39,1227,156.1,57,0.87,,
6548,car,5170801501,trim_1238,2288.45,565.47,-1463.53,-200.56,4.13,1.89,1.49,1575,168.1,77,0.777,,
6549,car,trim_407,trim_3326,-2134.4,135.27,381.11,65.7,4.63,1.61,1.52,1418,150.6,57,0.896,,
6550,car,trim_2524,trim_7165,273.61,1359.19,-1826.95,155.1,4.25,1.73,1.55,1444,142.8,30,0.885,,
6551,car,trim_5924,trim_1817,538.31,1434.08,-82.69,-1040.76,4.72,1.89,1.41,1350,156.3,26,0.654,,
6552,car,3887993347,4225172288,1728.67,1162.79,344.62,-89.97,4.09,1.68,1.4,1063,147.6,45,0.873,,
6553,car,trim_600,12096819276,-2119.19,1155.64,1138.6,-306.6,4.47,1.7,1.42,1887,161.7,68,0.829,,
6554,motorcycle,2960299877,trim_9075,-2191,294.89,1731.11,-359.92,1.97,0.7,1.31,255,93.1,34,0.777,,
6555,car,trim_7658,trim_3929,-118.6,103.17,1897.03,88.51,4.8,1.86,1.43,1263,177.8,58,0.853,,
6556,car,trim_126,trim_896,152.63,-789.35,-1312.71,-187.75,4.08,1.75,1.57,1661,163.4,25,0.853,,
6557,car,9857647470,trim_4109,-703.75,-1253.59,2315.06,803.6,4.87,1.82,1.5,1312,158.1,40,0.893,,
6558,motorcycle,trim_1456,trim_6698,-1717.99,-770.12,1198.9,1232.62,2.29,0.75,1.38,256,120.0,67,0.803,,
6559,car,trim_2194,9855703020,-1017.43,870.77,1233.54,-8.5,4.06,1.61,1.5,1425,149.6,80,1.039,,
6560,car,2960336689,12141479866,-1682.69,-387.77,-2260.33,879.01,4.32,1.75,1.64,1209,166.5,18,0.871,,
6561,car,trim_1933,trim_2047,-451.37,-1381.16,1440.76,-416.51,4.41,1.76,1.43,1810,170.3,60,0.713,,
6562,car,11407830137,trim_5325,-584.97,2137.7,2266.68,233.08,4.4,1.78,1.64,1566,146.9,22,0.795,,
6563,car,trim_8231,trim_1772,2242.18,609.07,20.03,-1233.72,4.6,1.72,1.43,1707,173.7,49,0.836,,
6564,motorcycle,trim_8732,trim_674,-232.73,1108.76,-1556.57,631.83,1.92,0.87,1.23,234,147.6,19,0.903,,
6565,bus,trim_4787,trim_96,-1425.2,1203.83,435.33,736.68,11.77,2.59,3.6,9376,91.1,62,0.842,,
6566,car,4225077489,2960358784,-2025.86,1200.31,-1653.34,-140.36,4.84,1.75,1.35,1026,170.3,48,0.695,,
6567,car,trim_1429,trim_8733,-2468.01,-395.12,-229.97,1106.74,4.57,1.81,1.47,1879,151.7,54,0.808,,
6568,car,11983071066,trim_1588,1178.42,1332.14,-1314.56,-657.94,4.24,1.87,1.54,1007,169.2,43,0.882,,
6569,car,trim_7015,trim_5227,-2418.93,602.23,2454.06,527.56,4.28,1.88,1.54,1842,167.5,79,0.916,,
6570,motorcycle,4227743643,trim_1345,733.07,-1549.16,-2123.02,-206.07,2.21,0.88,1.21,210,158.8,23,0.736,,
6571,car,12143948728,9857249937,1043.13,906.24,-2068.42,-52.09,4.77,1.69,1.59,1527,154.8,39,0.886,,
6572,car,trim_4601,trim_7845,-751.93,895.37,1988.29,1031.06,4.32,1.6,1.48,1294,146.9,80,0.943,,
6573,car,12901333698,trim_7209,120.86,-244.39,-1903.12,38.03,4.78,1.72,1.62,1350,160.8,48,0.851,,
6574,car,trim_8640,11491678306,252.28,-1160.88,112.14,961.77,5.03,1.9,1.47,1660,142.5,29,0.815,,
6575,car,9885134837,trim_2388,-2469.71,-675.63,-256.78,1327.33,4.74,1.87,1.64,1694,168.7,19,0.792,,
6576,car,trim_7035,trim_6484,-2416.84,553.9,1674.9,-81.26,4.97,1.74,1.4,1249,148.7,20,0.725,,
6577,car,trim_411,trim_6464,-2086.93,138.15,1585.69,439.71,5.0,1.86,1.54,1444,169.5,59,0.862,,
6578,car,trim_4178,trim_8973,1985.25,827.84,-1739.26,544.93,4.61,1.75,1.49,1192,173.6,19,0.765,,
6579,car,12144133553,9168949396,927.99,450.33,-269.51,-1627.31,4.11,1.82,1.57,1250,162.5,26,0.739,,
6580,car,4227797951,trim_2763,2235.95,-613.44,-1945.22,818.05,4.67,1.93,1.61,1269,150.6,28,0.786,,
6581,car,trim_2291,trim_9627,2233.89,1099.62,242.03,-1123.15,4.66,1.74,1.41,1143,169.7,34,0.847,,
6582,motorcycle,trim_7569,9857647483,-438.8,-1095.2,-831.65,-1176.62,2.07,0.81,1.23,247,123.9,19,0.803,,
6583,car,4224981110,trim_5901,-2283.76,1229.95,-1752.73,-1389.84,5.07,1.67,1.56,1459,151.1,47,0.688,,
6584,car,trim_8987,9857249954,-2300.16,664.52,-1861.62,-515.04,5.06,1.65,1.41,1819,159.6,56,0.89,,
6585,ambulance,9168951446,trim_1642,42.68,-555.45,-1719.75,-767.04,6.21,2.03,2.59,3188,135.6,73,0.765,a_7035744523,Anand Nursing Home Orthopaedic Centre and Maernity Home
6586,car,5170791987,457280282,-1696.86,669.94,689.55,364.49,4.08,1.69,1.62,1398,158.6,31,0.746,,
6587,car,9168946221,9843336867,1932.95,592.34,1388.98,1502.68,4.35,1.94,1.51,1535,156.1,75,0.878,,
6588,car,4224980842,trim_3823,-2357.96,459.52,-176.12,-726.11,4.86,1.63,1.57,1059,146.6,45,0.822,,
6589,car,trim_5849,trim_416,2260.16,-803.28,-1941.39,249.92,4.85,1.85,1.43,1754,157.3,21,0.817,,
6590,car,trim_6524,11198935215,-335.37,-497.77,-1884.61,-874.93,4.25,1.83,1.62,1488,162.7,52,0.809,,
6591,car,4225324663,trim_3055,902.54,114.1,-114.69,565.16,4.71,1.62,1.63,1696,171.8,53,0.69,,
6592,car,2962861552,trim_5929,-501.61,-1396.87,2288.42,-1285.1,4.67,1.73,1.43,1555,160.1,65,0.882,,
6593,car,trim_177,11056361039,190.63,62.97,1245.11,475.04,4.48,1.71,1.58,1368,162.4,25,0.728,,
6594,car,trim_4235,2960326544,1917.4,217.86,-1130.73,473.96,4.23,1.81,1.39,1276,143.5,41,0.836,,
6595,car,trim_4566,9843084741,1607.84,60.05,-2228.18,705.24,4.22,1.88,1.64,1593,173.6,28,0.8,,
6596,car,9855373892,9843687277,2276.91,-1288.97,2339.92,959.52,4.32,1.8,1.37,1869,141.0,53,0.685,,
6597,car,5170847657,12130890823,-1312.87,982.11,2342.62,560.64,4.39,1.8,1.52,1115,152.6,80,0.907,,
6598,car,4227743680,trim_7732,976.98,-1422.34,-29.13,-193.08,4.3,1.79,1.58,1507,157.3,37,0.653,,
6599,car,trim_4408,3004576867,2139.8,748.09,734.37,-200.59,4.74,1.78,1.36,1108,141.9,36,0.897,,
6600,car,4227743946,trim_7315,-1036.66,2212.34,-1340.94,-452.09,4.41,1.92,1.37,1598,145.0,35,0.738,,
6601,car,trim_2222,9854981031,2180.89,-1288.37,1881.54,-664.81,4.32,1.76,1.59,1755,178.1,20,0.786,,
6602,car,9843437525,trim_2662,2180.01,1350.12,1558.79,-1639.75,4.4,1.75,1.54,1574,171.3,22,0.881,,
6603,car,2960299974,trim_899,-1357.58,460.95,-1325.7,-123.14,4.48,1.62,1.37,1815,179.0,63,0.893,,
6604,car,trim_1828,9852317031,-97.18,-953.77,295.98,908.17,4.53,1.94,1.42,1457,161.1,32,0.896,,
6605,car,2960326609,trim_8810,-1912.56,-19.24,726.4786947592181,264.3488528011561,4.5,1.69,1.41,1084,144.1,25,0.861,,
6606,motorcycle,9843336875,9857647465,1260.64,1543.93,-783.71,-1362.84,2.28,0.74,1.38,206,133.2,24,0.829,,
6607,car,trim_6937,9859738782,-1918.54,1154,-421.86,-1143.56,4.9,1.63,1.52,1722,176.6,80,0.99,,
6608,car,3085851338,11491678307,1329.57,1941.14,115.28,958.45,4.65,1.64,1.54,1386,149.4,42,0.767,,
6609,car,11006831119,9859601728,2101.58,-785.1,-1018.14,-465.35,4.55,1.76,1.52,1429,153.8,67,0.917,,
6610,car,2962860466,trim_6552,-197.29,-916.09,539.44,-1218.62,4.84,1.6,1.36,1017,176.2,24,0.847,,
6611,car,trim_6162,11909810181,-1422.52,-626.8,2395.03,-861.86,4.05,1.83,1.62,1464,172.1,20,0.882,,
6612,car,trim_6482,trim_8486,1705.22,-107.24,-1873.34,-881.1,4.49,1.6,1.51,1375,177.5,24,0.882,,
6613,motorcycle,trim_8019,trim_7041,695.16,776.22,-2221.82,1283.62,2.22,0.8,1.07,229,122.2,53,0.693,,
6614,car,trim_4919,2960328323,-1589.14,1036.94,-1689.53,-59.68,5.06,1.67,1.65,1381,176.1,30,0.831,,
6615,motorcycle,trim_7271,trim_5190,-2391.07,-821.07,2373.37,-540.08,2.04,0.9,1.39,169,91.3,63,0.871,,
6616,car,13852443490,11586812707,-1491.26,-1230.63,-215.41,-118.83,4.77,1.94,1.65,1116,155.5,36,0.874,,
6617,truck,11491669778,5170823230,336.88,619.8,1093.23,430.86,6.31,2.33,3.8,8180,96.1,48,0.829,,
6618,car,trim_6236,9843368464,-1022.13,-1231.83,-1872.8,837.7,4.48,1.61,1.56,1450,180.0,80,0.827,,
6619,truck,trim_2204,9852391728,-215.04,1117.88,-2052.65,-1025.25,7.21,2.48,3.39,10976,75.8,24,0.698,,
6620,car,trim_6947,trim_505,2226.25,1139.44,-1640.31,699.99,4.21,1.75,1.5,1798,151.3,34,0.724,,
6621,car,trim_9346,2960312573,1026.62,982.84,-414.85,-277.88,4.98,1.81,1.5,1102,148.7,31,0.847,,
6622,car,trim_4418,trim_5358,901.43,-257.21,1720.53,-356.63,4.84,1.79,1.4,1686,164.8,74,0.82,,
6623,car,trim_287,trim_1663,109.17,-726.78,-2262.8,-58.47,4.22,1.79,1.36,1830,151.4,52,0.657,,
6624,ambulance,trim_691,trim_6344,-1241.29,716.6,1966.69,925.61,6.19,2.15,2.56,2866,159.2,41,0.555,a_7036050227,"Nagar Hospital, Ghaziabad"
6625,car,trim_3718,12816120850,-640.93,-948.9,-421.71,-271.75,4.04,1.77,1.59,1142,165.6,31,0.719,,
6626,car,12643742015,6928966673,653.345184335002,790.0505193740963,-1692.05,-1514.25,4.76,1.9,1.49,1496,160.6,69,0.814,,
6627,car,9168854796,9861682128,2030.23,1332.47,-1484.27,-1148.86,4.22,1.73,1.35,1248,171.0,56,0.838,,
6628,car,trim_3988,4225324707,1673.73,953.21,1908.75,295.65,4.55,1.7,1.5,1333,158.6,74,0.792,,
6629,car,11198935210,trim_6876,-1899.18,-748.57,-2292.92,804.03,4.93,1.84,1.61,1181,145.9,55,0.718,,
6630,ambulance,9885134827,trim_356,-2458.11,-490.46,-1753.23,441.24,6.22,2.04,2.81,3255,143.7,25,0.523,a_7173737316,DISTRICT MMG MALE HOSPITAL
6631,car,trim_3826,trim_9389,-176.65,-694.44,-1305.74,450.12,4.99,1.75,1.4,1788,142.4,28,0.844,,
6632,car,4225324755,trim_1806,1907.94,547.52,-1.79,-1036.46,4.89,1.73,1.61,1670,142.0,78,1.008,,
6633,car,trim_498,trim_3996,-1665.29,766.71,-410.82,1159.43,4.39,1.78,1.59,1548,140.9,71,0.876,,
6634,car,trim_5892,11586812692,-1830.7,-1460.25,-35.81,-25.4,4.23,1.9,1.43,1517,173.3,32,0.757,,
6635,car,trim_5238,11362459497,1768.7,30.37,-1583.38,-1379.29,4.54,1.81,1.43,1062,153.2,47,0.678,,
6636,car,9852961426,9852378892,-1427.31,-1201.26,-1990.56,-1015.68,4.32,1.71,1.5,1256,141.0,20,0.879,,
6637,car,9843336861,trim_4096,1174.86,1618.05,1096.46,606.26,4.86,1.72,1.43,1011,170.5,47,0.884,,
6638,car,9843057350,2960326229,-2302.41,1295.31,-1534.37,256.88,4.86,1.66,1.64,1802,143.0,62,0.66,,
6639,car,trim_7167,trim_119,-1818.63,108.4,-696.1,537.13,4.11,1.88,1.64,1558,154.5,72,0.757,,
6640,car,trim_3353,trim_3230,-241.61,-584.91,142.86,-462.46,4.51,1.95,1.43,1502,162.3,55,0.768,,
6641,car,9852318740,trim_6797,-1510.78,543.04,533.88,1093.57,4.72,1.63,1.55,1106,169.5,53,0.731,,
6642,car,trim_8279,5049369466,-1318.73,-944.37,-12.81,-836.07,4.46,1.68,1.42,1577,161.1,46,0.746,,
6643,car,9852371326,trim_3633,-1692.93,-566.55,-553.86,-878.52,4.51,1.6,1.53,1227,144.2,69,0.828,,
6644,car,12096791268,trim_1146,1117.35,117.61,-1651.25,250.06,4.61,1.91,1.65,1442,154.1,28,0.797,,
6645,car,trim_8335,9903339259,-374.62,762.52,50.62,913.09,4.51,1.67,1.58,1174,167.5,59,0.823,,
6646,motorcycle,9843662922,11176504237,2553.65,771.49,-830.28,-1167.21,2.04,0.79,1.34,124,112.2,48,0.675,,
6647,car,9852405456,trim_5368,-2366.12,-285.38,1762.94,-279.86,4.92,1.61,1.6,1184,146.4,18,0.842,,
6648,car,4224980819,9168951503,-2462.09,389.31,825.89,-1353.65,4.02,1.83,1.5,1554,160.0,69,0.885,,
6649,car,trim_4223,trim_9153,-181.03,1000.38,-1175.96,-193.86,4.34,1.63,1.61,1163,160.1,38,0.799,,
6650,car,trim_2025,trim_6290,1537.03,104.09,-287.77,-956.19,4.83,1.84,1.4,1281,163.9,35,0.858,,
6651,car,9861682117,trim_8745,-2147.98,291.39,-454.86,1374.24,4.06,1.63,1.38,1801,146.8,71,0.789,,
6652,car,trim_1200,trim_977,-1777.86,-405.16,-636.13,-106.22,4.09,1.87,1.49,1523,165.8,39,0.736,,
6653,car,9859655307,trim_5160,-65.57,-700.08,1744.56,-307.24,4.47,1.94,1.51,1115,140.7,44,0.687,,
6654,car,trim_4212,9168965290,1244.37,665.1,1124.77,65.92,4.47,1.61,1.54,1485,144.3,39,0.879,,
6655,car,12129002435,trim_5914,2458.93,56.14,-1751.81,-1270.9,4.53,1.78,1.63,1840,166.3,25,0.807,,
6656,motorcycle,9855014976,trim_160,1573.07,-358.87,317.95,-905.56,1.87,0.81,1.31,224,145.4,69,0.778,,
6657,car,9168946262,trim_8611,1746.38,406.29,-637.78,-1343.89,4.1,1.63,1.48,1575,153.3,22,0.831,,
6658,car,trim_3077,trim_8416,473.91,-235.68,-1034.96,-512.72,4.04,1.92,1.37,1547,169.0,30,0.73,,
6659,motorcycle,9852436604,trim_696,-2235.82,-773.05,-1445.65,618.09,2.2,0.81,1.08,214,148.6,57,0.656,,
6660,car,trim_2143,trim_8178,1862.43,1002.67,1621.34,-453.49,4.91,1.85,1.45,1755,144.5,37,0.876,,
6661,car,trim_8553,trim_7177,-1489.01,1330.96,-2372.2,47.68,4.84,1.72,1.65,1164,158.7,21,0.699,,
6662,car,trim_7745,trim_5629,-987.39,-519.15,-81.52,1151.12,4.53,1.8,1.48,1530,151.4,46,0.773,,
6663,car,11254358499,trim_2281,-2558.68,-94.54,1853.96,1018.05,4.66,1.61,1.46,1273,150.2,80,0.998,,
6664,car,9855691380,trim_1400,1961.54,81.51,-2037.54,-489.17,4.54,1.86,1.37,1509,162.2,53,0.785,,
6665,car,9168881204,11056361044,2190.83,633.74,1279.78,487.91,5.02,1.62,1.4,1302,149.1,69,0.876,,
6666,truck,trim_8188,trim_8579,2211.97,-1289.03,-159.49,-1141.62,8.84,2.59,3.47,8894,93.0,40,0.885,,
6667,car,trim_2860,trim_4805,-2496.13,1306.54,-193.33,-958.8,4.34,1.72,1.59,1683,163.1,24,0.873,,
6668,car,trim_2486,trim_5559,-7.66,1087.75,1769.21,-49.84,4.39,1.75,1.63,1339,173.6,20,0.926,,
6669,car,trim_826,trim_180,-1301.1,165.02,282.95,100,4.41,1.93,1.5,1066,161.8,60,0.763,,
6670,car,9859501409,trim_9285,308.43,-951.96,-1584.27,1037.15,5.08,1.75,1.49,1425,179.9,71,0.937,,
6671,car,trim_4731,trim_1988,-1506.97,1149.11,-292.19,-105.81,4.06,1.88,1.47,1851,151.4,20,0.742,,
6672,car,trim_3004,trim_5499,-1990.47,1125.8,1394.39,-1.87,5.01,1.86,1.42,1351,145.8,80,0.816,,
6673,car,trim_1099,9857635277,-928.25,-355.33,-736.12,-1017.74,5.05,1.79,1.35,1420,174.5,65,0.872,,
6674,car,trim_9565,trim_3030,-342.46,-433.38,-1101.71,1433.49,4.67,1.62,1.51,1221,168.6,57,0.729,,
6675,car,trim_1444,trim_2632,-1421.94,-750.43,-1105.62,588.76,4.33,1.78,1.43,1834,149.5,49,0.72,,
6676,car,trim_1189,trim_6771,-1756.53,-763.92,-538.53,173.75,4.18,1.74,1.47,1195,175.8,28,0.796,,
6677,car,trim_6921,trim_944,1709.47,1021.78,-742.97,131.06,4.12,1.89,1.51,1831,147.5,54,0.887,,
6678,car,11187660592,12096814569,1691.97,911.62,995.49,125.3,4.99,1.8,1.6,1555,158.5,76,1.008,,
6679,car,trim_9059,trim_3125,-1787.59,1263.22,478.81,-518.76,4.21,1.79,1.53,1744,156.5,66,0.666,,
6680,car,trim_2101,5170637571,491.85,-103.23,1536.32,-102.85,4.11,1.68,1.64,1820,166.9,79,0.915,,
6681,car,trim_7820,trim_397,-196.4,-454.23,-2343.64,90.74,5.04,1.77,1.53,1415,168.3,37,0.793,,
6682,car,5170630791,trim_1870,2188.31,438.58,-659.78,-478.39,4.63,1.92,1.49,1425,172.8,54,0.662,,
6683,car,trim_1625,trim_776,-1618.33,-587.16,-1065.25,-520.28,4.67,1.6,1.47,1168,153.2,50,0.752,,
6684,car,trim_3067,5170798232,85.51,596.61,83.11,284.62,4.43,1.72,1.62,1002,160.7,19,0.944,,
6685,motorcycle,4223620632,9168951466,-2508.43,-707.39,831.34,-973.19,2.21,0.84,1.31,239,126.5,74,0.789,,
6686,car,2960336786,trim_2399,-1173.69,383.95,-590.84,1444.22,4.29,1.75,1.35,1795,163.3,38,0.9,,
6687,car,trim_9535,trim_4245,-769.77,-1330.05,1991.33,139.85,4.45,1.84,1.63,1446,180.0,40,0.886,,
6688,car,trim_7959,2960326533,-455.77,921.17,-1486.37,294.46,4.48,1.68,1.52,1013,176.0,40,0.84,,
6689,motorcycle,9843556953,trim_7650,1886.89,539.29,203.86,-166.74,2.1,0.73,1.35,189,119.9,73,0.735,,
6690,car,9860055106,trim_3580,-607.01,-273.06,371.05,382.25,4.81,1.71,1.4,1074,171.2,53,0.827,,
6691,car,trim_3833,trim_2819,-520.73,-1027.4,-2235.63,708.77,4.13,1.72,1.46,1047,172.8,28,0.731,,
6692,truck,trim_7515,trim_8657,-1276.11,-1037.23,509.45,-1536.73,11.45,2.3,2.83,10664,96.7,35,0.759,,
6693,bus,trim_4000,trim_3853,891.86,390.53,-753.48,-1109.79,9.19,2.43,3.09,13879,97.0,56,0.852,,
6694,car,trim_7135,trim_1751,-2361,244.06,-31.58,-1418.37,4.19,1.77,1.63,1700,167.4,62,0.828,,
6695,car,9844249448,9843813729,-2154.91,809.84,2143.64,732.68,4.75,1.64,1.58,1390,164.0,73,0.765,,
6696,car,9852893332,9168861180,-1728.78,-1335.96,-1219.92,-847.59,4.03,1.9,1.49,1381,177.5,73,0.931,,
6697,car,trim_1283,11491502802,-1392.82,352.12,402.13,-1339.43,4.64,1.81,1.39,1800,148.4,60,0.677,,
6698,car,9168883578,4225219692,-1365.67,-1339.95,-846.49,-1605.73,5.02,1.82,1.37,1444,147.9,45,0.732,,
6699,car,trim_8556,4225172283,-1565.47,1284.92,-94.6,-107.15,5.0,1.62,1.56,1623,156.4,30,0.771,,
6700,car,9857196229,12109680694,-2577.31,40.25,1345.33,1365.4,4.56,1.78,1.51,1459,171.9,46,0.851,,
6701,car,trim_3718,4225172431,-640.93,-948.9,-399.16,484.21,5.08,1.75,1.55,1406,145.3,61,0.735,,
6702,car,trim_7749,trim_1242,-972.52,-464.91,-1480.14,-358.45,4.5,1.79,1.52,1548,172.1,77,1.009,,
6703,car,12096819275,9168897689,1142.85,-307.13,-302.86,-871.81,4.92,1.75,1.64,1706,178.3,50,0.883,,
6704,car,9854981035,trim_6997,2119.27,-599.17,2137.52,943.97,4.23,1.62,1.62,1470,167.5,56,0.798,,
6705,car,trim_7725,9859601723,308.77,-951.78,-1018.96,-447.33,4.56,1.76,1.5,1746,155.1,47,0.728,,
6706,car,trim_2505,trim_6260,-10.68,1505.91,-491.97,-1460.67,4.93,1.89,1.5,1485,170.4,41,0.69,,
6707,car,trim_7279,5170849681,-1635.22,-1097.68,-1336.54,979.08,5.06,1.67,1.57,1354,175.5,45,0.761,,
6708,car,trim_8792,trim_3917,782.39,819.75,1790.08,190.85,4.15,1.74,1.53,1161,164.4,33,0.683,,
6709,car,9852331991,9843385451,-432.92,758.85,-1499.19,743.54,4.45,1.93,1.58,1197,172.6,79,0.909,,
6710,motorcycle,trim_6703,trim_105,1139.49,1215.44,-92.75,643.36,1.82,0.71,1.06,204,154.6,32,0.715,,
6711,car,trim_5364,trim_7636,1745.53,-310.67,347.19,-238.11,5.01,1.92,1.58,1096,177.8,65,0.734,,
6712,car,trim_3455,2962837729,1264.81,-857.36,-385.11,-1536.33,4.5,1.84,1.47,1234,156.9,71,0.799,,
6713,car,11021787730,trim_1982,-2456.29,951.01,127.27,717.15,4.6,1.61,1.41,1642,177.4,26,0.811,,
6714,car,trim_3899,9857647507,1110.91,-6.52,-575.35,-1222.82,4.49,1.8,1.49,1382,154.5,79,1.034,,
6715,car,12096819275,9168883583,1142.85,-307.13,-690.18,-1293.38,4.09,1.66,1.53,1656,157.8,54,0.669,,
6716,car,9843408914,trim_9634,2318.72,1170.11,-1772.78,685.9,4.91,1.91,1.6,1123,167.1,24,0.824,,
6717,car,trim_1086,trim_9471,-997.47,-335.27,536.02,-748.56,4.27,1.94,1.51,1218,163.6,22,0.692,,
6718,car,9852405459,9168834909,-2426.97,-333.17,-1800.04,986.81,4.18,1.76,1.5,1159,171.0,79,0.992,,
6719,car,457278384,2960326591,381.1,-920.37,-1749.68,90.41,5.01,1.63,1.63,1025,165.7,45,0.697,,
6720,car,trim_7039,2960312490,-2437.1,488.11,-1155.3,-7.04,4.83,1.81,1.6,1259,145.6,42,0.757,,
6721,car,trim_2890,4227797943,-1981.48,657.31,2199.79,-657.71,4.33,1.67,1.64,1299,144.6,58,0.888,,
6722,motorcycle,9852317026,10205548833,296.04,858.33,2277.09,-849,2.08,0.88,1.24,181,159.4,67,0.681,,
6723,car,trim_3310,4225219782,-55.79,-210.07,-784.99,-903.48,4.19,1.79,1.49,1099,143.6,52,0.718,,
6724,car,4227798098,trim_1110,1615.01,-479.76,-1551.65,187.9,5.04,1.67,1.46,1846,146.9,79,0.8,,
6725,car,trim_534,4225324870,-1818.17,-1319.89,2329.23,955.52,4.18,1.84,1.64,1872,177.6,50,0.898,,
6726,car,trim_4908,trim_252,-1376.73,1231.84,1751.19,515.43,4.18,1.61,1.42,1866,155.3,21,0.784,,
6727,car,trim_3064,trim_8436,29.03,587.99,-1605.19,-489.38,4.62,1.69,1.42,1571,159.0,72,0.818,,
6728,car,trim_2986,trim_4165,-2023.9,755.73,1508.98,786.82,4.22,1.93,1.52,1483,163.1,77,0.945,,
6729,car,4225324713,11168888660,1654.23,317.78,-285.48,350.07,4.63,1.73,1.51,1847,163.4,55,0.778,,
6730,car,trim_5535,11021787730,2382.78,-696.89,-2456.29,951.01,4.91,1.84,1.62,1104,174.7,16,1.01,,
6731,car,9857750352,trim_8852,-777.95,-834.52,2254.12,-1029.24,4.44,1.62,1.36,1096,156.9,43,0.785,,
6732,car,11006730401,trim_2783,1983.55,-582.39,-2351.64,619.45,4.26,1.63,1.58,1357,159.9,16,1.033,,
6733,bus,trim_7983,trim_6651,-946.43,547.8,1308.04,-295.84,9.25,2.47,3.34,8821,71.9,47,0.727,,
6734,car,trim_3927,trim_7377,1864.33,116.89,2221,-485.54,4.43,1.81,1.64,1891,164.6,30,0.769,,
6735,car,trim_3529,9857625482,955.14,-452.4,-1185.59,-1311.15,4.34,1.84,1.35,1409,154.5,53,0.798,,
6736,car,trim_5494,trim_4440,2339.12,322.59,1139.82,781.68,4.49,1.64,1.38,1861,177.7,19,0.729,,
6737,motorcycle,2960358806,trim_6150,-2198.84,-448.13,-1070.97,-927.17,1.98,0.7,1.36,184,154.8,46,0.86,,
6738,car,trim_4550,trim_807,1211.59,-339.68,-815.24,576.22,4.14,1.65,1.42,1605,169.4,26,0.814,,
6739,car,trim_2705,6735189832,-2354.87,617.65,2412.01,-555.04,4.98,1.88,1.37,1446,148.9,34,0.747,,
6740,car,2970305441,11198935227,391.56,1968,-1903.18,-738.01,4.8,1.69,1.4,1201,159.5,21,0.889,,
6741,motorcycle,trim_825,11491066029,-1296.79,167.54,-186.95,-1354.75,1.91,0.74,1.39,199,109.1,34,0.721,,
6742,car,trim_575,trim_3187,-1983.08,653.15,423.13,-1134.41,4.94,1.66,1.48,1839,146.0,47,0.81,,
6743,car,10617684761,trim_4383,1304.06,267.71,2138.23,978.26,4.82,1.66,1.46,1696,177.0,43,0.695,,
6744,motorcycle,trim_9402,12098336402,1292.05,-480.46,-1181.18,1195.93,2.02,0.74,1.22,243,160.0,61,0.782,,
6745,car,9843692468,11983071048,2268.37,998.84,1231.94,1236.86,4.3,1.92,1.6,1197,164.9,80,1.0,,
6746,car,trim_2590,9859595986,1646.81,1384.13,299.52,-1155.55,4.8,1.78,1.38,1669,168.4,34,0.722,,
6747,car,7222770495,trim_6933,199.18,-1476.45,-2194.02,1351.01,4.16,1.64,1.6,1540,179.2,61,0.853,,
6748,motorcycle,trim_8982,trim_3142,-2139.5,795.48,499.98,16.08,1.88,0.78,1.23,132,143.3,44,0.797,,
6749,car,trim_380,12139823103,-1829.08,152.44,2038.64,-1445.62,4.68,1.61,1.36,1710,147.0,45,0.752,,
6750,motorcycle,trim_2631,trim_35,-1103.24,584.37,-1000.59,875.22,1.98,0.67,1.38,162,143.9,55,0.721,,
6751,car,trim_9549,4225324897,-845.12,-1007.93,2425.51,1105.19,4.15,1.95,1.62,1417,148.9,34,0.757,,
6752,car,5170639285,trim_5415,2070.31,-119.76,1620.25,-518.97,4.87,1.67,1.59,1480,148.1,61,0.743,,
6753,car,3887993286,12130429768,1391.1,1027.17,-1422.62,786.77,4.7,1.9,1.61,1443,153.6,45,0.892,,
6754,car,trim_5191,trim_8493,1671.15,-184.98,-1874.8,-882.06,4.08,1.9,1.64,1297,144.6,69,0.753,,
6755,truck,trim_6749,3887997664,36.74,663.62,1568.01,1230.34,10.45,2.41,3.68,14232,71.0,77,0.797,,
6756,car,2962860511,trim_571,-229.93,-1133.82,-1965.13,499.31,4.1,1.82,1.38,1486,176.3,44,0.708,,
6757,car,9843992534,9168959361,-2389.56,644.99,1387.22,-336.53,4.85,1.83,1.46,1015,148.2,55,0.678,,
6758,bus,trim_7209,trim_7765,-1903.12,38.03,-990.33,-521.27,11.47,2.45,3.16,8468,77.0,40,0.855,,
6759,car,trim_7343,11149738757,1072.09,10.2,-2038.57,-977.21,5.03,1.82,1.39,1029,179.0,74,0.797,,
6760,car,trim_3812,6673295943,-1018.72,-1231.36,-776.72,749.95,5.1,1.9,1.54,1697,141.6,66,0.795,,
6761,car,trim_915,trim_7562,-1257.53,-17.47,-426.65,-1037.7,5.09,1.84,1.54,1379,140.0,77,0.774,,
6762,car,2960326210,4224980869,-901.19,-394.86,-2342.5,532.47,4.89,1.79,1.51,1722,176.9,73,0.808,,
6763,motorcycle,trim_4951,trim_8717,-1348.97,1352.88,-741.58,1237.22,2.27,0.79,1.27,224,130.2,26,0.672,,
6764,car,6294258015,12098564747,-2056.33,-1029.08,1572.06,308.76,4.68,1.78,1.52,1187,174.4,56,0.654,,
6765,car,trim_4528,trim_5483,-576.77,857.06,2350.74,245.87,4.16,1.76,1.41,1556,155.5,53,0.862,,
6766,truck,trim_6178,trim_6875,-1666.7,-702.15,-2329.24,831.12,7.15,2.51,2.66,12665,72.5,47,0.831,,
6767,ambulance,trim_4329,trim_1607,796.88,358.46,-1364.54,-637.06,5.51,2.12,2.55,2894,126.9,66,0.688,b_1360703247,Hospital (building b_1360703247)
6768,bus,2970305321,trim_3304,-273.69,96.95,-72.33,-98.41,11.89,2.53,3.23,9855,90.5,30,0.895,,
6769,car,11056361051,trim_291,1245.25,471.47,-33.44,-515.95,5.09,1.73,1.6,1698,172.9,68,0.879,,
6770,car,12134045453,trim_8262,-126.66,302.69,-594.71,-1366.19,4.16,1.82,1.58,1834,163.8,35,0.758,,
6771,car,9852378910,trim_776,-1941.51,-1024.86,-1065.25,-520.28,4.58,1.6,1.49,1179,146.4,21,0.836,,
6772,car,9908613049,9860055106,-627.7,-1192.25,-607.01,-273.06,4.55,1.9,1.44,1842,147.6,26,0.7,,
6773,car,trim_8174,2960312573,2017.24,-778.69,-414.85,-277.88,4.51,1.64,1.62,1019,154.6,44,0.675,,
6774,car,trim_6659,trim_8417,1427.25,-255.91,-920.38,-450.97,4.77,1.71,1.61,1245,160.1,34,0.71,,
6775,car,9843036304,trim_3913,-2487.38,1231.93,1737.63,243.2,4.47,1.87,1.36,1872,176.3,34,0.837,,
6776,car,trim_3778,trim_2399,-592.4,-1088.04,-590.84,1444.22,4.69,1.93,1.56,1154,145.1,28,0.66,,
6777,truck,trim_5327,2960361592,567.18,1441.25,-1368.62,-698.74,6.6,2.57,3.76,14365,88.0,54,0.791,,
6778,car,trim_6780,trim_519,378.31,332.51,-1989.09,-1205.62,4.31,1.84,1.4,1030,157.5,74,0.948,,
6779,car,trim_7147,trim_1901,-2364.72,287.24,-298.69,-1160.72,5.0,1.83,1.42,1875,142.0,55,0.734,,
6780,car,trim_8763,trim_6768,-23.73,-32.62,-581.63,254.27,4.8,1.88,1.56,1251,145.4,43,0.746,,
6781,car,2960366926,10685694467,-1711.88,-737.64,-1104.41,-734.91,4.26,1.77,1.43,1777,171.0,38,0.811,,
6782,car,trim_6400,6928966670,1896.3,574.53,-1636.54,-1536.06,4.53,1.73,1.4,1205,145.1,74,0.968,,
6783,car,trim_3582,trim_1431,498.25,404,-2445.87,-418.77,4.64,1.7,1.44,1794,150.4,44,0.671,,
6784,car,11999070889,trim_6171,-2260.38,-349.11,-1698.52,-643.52,5.04,1.94,1.57,1789,148.6,69,0.692,,
6785,car,9859736958,trim_2456,38.57,84.52,-2360.53,819.05,4.09,1.85,1.49,1671,173.0,65,0.706,,
6786,car,9857115606,12141491925,-2174.51,-1123.09,-1951.77,827.16,4.22,1.66,1.6,1592,159.2,49,0.783,,
6787,car,trim_7121,trim_4425,-2422.13,221.42,1011.17,-98.76,4.66,1.76,1.36,1740,171.5,29,0.651,,
6788,car,11747124025,trim_4089,-779.6,819.78,1461.4,578.08,4.91,1.79,1.39,1890,148.3,45,0.819,,
6789,car,2962837683,trim_1894,-143.84,-1478.29,-351.88,-1106.44,4.94,1.95,1.51,1123,150.9,34,0.814,,
6790,car,trim_5139,trim_8605,2226.07,151.12,-631.85,-1335.9,4.32,1.87,1.39,1272,140.7,49,0.809,,
6791,car,trim_1356,trim_3885,-2412.27,-223.77,901.44,221.06,4.21,1.6,1.46,1351,153.5,72,0.833,,
6792,car,trim_5898,9857750356,-1698.68,-1508.11,-686.72,-604.55,4.84,1.64,1.54,1321,145.0,49,0.71,,
6793,car,trim_6556,9855691375,485.14,-1167.4,1754.47,257.63,4.03,1.71,1.65,1483,160.5,41,0.825,,
6794,car,trim_4532,6294258011,-904.2,894.63,-1982.05,-1101.16,4.27,1.64,1.53,1235,157.3,17,0.961,,
6795,car,2970305253,trim_3852,1317.15,-494.68,-618.21,-1099.91,4.91,1.83,1.57,1428,169.7,60,0.678,,
6796,car,2960312501,trim_2173,-1140.34,-214.57,709.97,-187.41,4.49,1.91,1.55,1894,168.0,30,0.687,,
6797,car,5171030828,trim_374,-2141.36,607.77,-2231.68,204.37,4.88,1.73,1.54,1497,171.4,74,0.835,,
6798,car,trim_4037,trim_1411,737.34,522.65,-2201.86,-443.83,4.47,1.66,1.48,1538,175.7,21,0.696,,
6799,car,9857157134,4225077400,1150.63,-197.66,-1950.83,929.22,4.93,1.76,1.44,1553,170.1,39,0.733,,
6800,car,11909810135,2960368352,2450.32,-878.58,-1982.97,-128.93,4.34,1.73,1.44,1730,166.7,37,0.66,,
6801,car,trim_4395,4227798136,2499.32,1044.73,1826.05,-311.56,4.54,1.74,1.42,1833,174.5,25,0.709,,
6802,car,trim_6473,trim_7654,1654.2,192,202.92,-170.01,4.29,1.91,1.36,1259,169.9,45,0.889,,
6803,car,9843813731,trim_4078,2142.91,733.94,1016.67,-138.39,4.07,1.77,1.37,1304,174.0,76,0.794,,
6804,car,2960326741,trim_9306,-1741.19,-159.06,-2119.25,938.77,4.5,1.79,1.62,1726,141.9,22,0.698,,
6805,car,trim_9698,9855703027,2143.07,-1037.68,1908.97,-197.49,4.22,1.92,1.5,1508,140.7,19,0.869,,
6806,car,12662674337,trim_3124,1533.36,397.77,378.7,-463.84,4.92,1.91,1.4,1452,152.4,59,0.743,,
6807,car,trim_5783,trim_388,-1632.66,-1113.01,-2230.59,207.89,4.47,1.66,1.39,1111,155.4,25,0.799,,
6808,car,trim_325,9854981071,127.87,701.33,2084.69,-580.85,4.3,1.79,1.48,1405,169.2,50,0.827,,
6809,car,trim_9642,trim_6675,-1314.68,1094.91,982.65,171.69,4.7,1.88,1.64,1599,179.0,69,0.771,,
6810,car,trim_2813,trim_2291,-2370.64,755.53,2233.89,1099.62,4.09,1.95,1.45,1781,176.6,41,0.771,,
6811,car,11909810139,9855014984,2451.81,-803.65,1563.32,-436.12,4.86,1.62,1.44,1327,149.4,73,0.84,,
6812,car,trim_374,9168861195,-2231.68,204.37,-1325.22,-695.08,4.58,1.88,1.58,1006,161.2,50,0.878,,
6813,car,9859596015,9709087000,-1032.66,-430.44,-2350.18,348.78,4.7,1.67,1.45,1427,149.6,42,0.779,,
6814,motorcycle,trim_820,9168881196,-1230.71,204.56,2062.77,611.72,1.89,0.87,1.34,252,156.3,43,0.758,,
6815,car,trim_621,trim_2215,-2218.37,518.09,2072.74,-1112.88,4.01,1.77,1.47,1117,172.1,79,0.798,,
6816,car,trim_9073,trim_4789,2198.84,-123.97,-1463.31,1196,4.26,1.74,1.6,1039,143.6,72,0.829,,
6817,car,1680212877,trim_4958,-1629.71,849.22,252.48,-1495.25,4.67,1.69,1.47,1388,141.8,58,0.798,,
6818,car,4227798297,9857583753,2496.59,104.63,-1342.23,-1114.56,4.07,1.8,1.52,1169,150.9,24,0.813,,
6819,car,trim_6806,trim_131,-550.3,597.03,187.94,-837.68,4.4,1.62,1.59,1395,168.0,35,0.754,,
6820,car,9168951487,9855693615,502.29,-1134.58,974.08,55.59,5.04,1.72,1.45,1799,175.2,29,0.805,,
6821,truck,trim_2657,2962838317,1893.5,-1409.87,-131.78,-1116.78,8.07,2.49,3.6,10735,98.6,20,0.788,,
6822,car,9852391722,trim_6405,-2181.49,-937.42,2376.14,626.6,4.46,1.69,1.52,1079,170.2,26,0.878,,
6823,motorcycle,4227695030,9168965311,-754.45,998.94,1444.91,322.63,1.86,0.88,1.35,147,104.1,57,0.848,,
6824,car,9859748020,trim_33,452.25,-1238.28,-1045.26,1186.11,4.03,1.83,1.41,1667,155.4,51,0.717,,
6825,car,11168894452,2960358798,-93.05,444.41,-2042.72,-384.81,4.56,1.74,1.53,1246,176.4,58,0.869,,
6826,car,trim_9668,trim_5653,-1624.5,410.51,-1661.95,695.77,4.45,1.64,1.64,1551,154.5,75,0.825,,
6827,car,trim_7299,trim_5766,-1250.24,-675.92,-2054.33,-1046.42,4.69,1.84,1.53,1514,157.6,19,0.816,,
6828,car,trim_183,trim_7520,354.92,129.04,-1021.18,-983.55,5.09,1.94,1.38,1310,174.2,66,0.668,,
6829,bus,9168854788,trim_2188,1536.91,1423.71,-614.34,83.74,10.86,2.43,3.09,13478,87.5,72,0.737,,
6830,car,trim_6104,trim_8403,-1797.26,437.09,-1143.62,-492.6,5.09,1.77,1.53,1734,141.3,18,0.934,,
6831,motorcycle,4227743874,trim_5751,-1188.69,1192.99,-1895.28,-1067.8,1.89,0.68,1.25,178,121.2,69,0.766,,
6832,car,2960336752,9843385453,-1307.57,320.17,-1506.17,742.83,4.01,1.71,1.52,1596,143.3,59,0.75,,
6833,car,trim_7331,9843687280,985.66,327.92,2254.15,848.63,4.48,1.65,1.47,1524,142.6,63,0.667,,
6834,car,trim_6173,trim_391,-1582.94,-498.21,-2183.35,113.08,4.95,1.78,1.54,1158,176.3,51,0.695,,
6835,car,2970305106,trim_7505,2181.62,-1353.14,-1323.5,-1102.86,4.58,1.94,1.44,1258,163.4,60,0.872,,
6836,car,trim_4144,12141557824,911.21,-84.18,-2313.8,1389.27,5.06,1.63,1.43,1698,140.9,51,0.717,,
6837,car,trim_3429,trim_6408,-131.03,484.15,2389.85,613.2,5.0,1.84,1.64,1737,169.8,33,0.883,,
6838,car,trim_2993,trim_3690,-1913.18,1132.95,-1288.52,-1134.54,4.15,1.63,1.38,1112,145.4,39,0.803,,
6839,car,9168881216,trim_1052,2016.38,624.16,-789.11,103.68,4.55,1.86,1.44,1525,147.8,66,0.818,,
6840,car,trim_4714,trim_4550,-223.36,-933.67,1211.59,-339.68,4.41,1.9,1.56,1082,148.9,54,0.796,,
6841,car,trim_301,9852436600,-2344.55,1467.8,-2221.48,-877.32,4.51,1.62,1.5,1561,177.8,32,0.677,,
6842,car,3840465615,2960299916,100.11,1125.55,-2231.66,1244.26,4.26,1.93,1.4,1150,164.6,31,0.888,,
6843,car,trim_4111,trim_5194,2307.41,840.62,1606.87,-474.06,4.93,1.63,1.46,1884,159.3,73,0.887,,
6844,car,trim_1889,9168883587,-423.04,-1037.72,-655.48,-1314.87,4.01,1.9,1.57,1618,170.7,45,0.67,,
6845,car,trim_5939,trim_4680,113.24,-1462.35,336.53,-1438.18,5.03,1.61,1.55,1283,149.2,59,0.868,,
6846,motorcycle,trim_6984,trim_5475,2385.57,964.84,2382.26,45.29,2.18,0.69,1.23,162,135.1,32,0.858,,
6847,car,9852168748,9168861188,-2060.31,366.03,-1491.9,-508.99,4.62,1.79,1.56,1829,150.8,25,0.651,,
6848,truck,trim_8902,9852331988,2429.18,-867.33,-431.88,771.23,11.39,2.38,3.79,9963,95.0,38,0.76,,
6849,car,5170815477,9857647470,-968.81,-1634.96,-703.75,-1253.59,4.01,1.66,1.6,1091,162.5,78,0.795,,
6850,car,trim_7240,9843992518,-2351.07,-0.41,-2252.35,1160.35,4.7,1.81,1.54,1177,170.0,34,0.853,,
6851,motorcycle,trim_7751,trim_66,-990.8,-400.45,333.84,-277.56,1.86,0.69,1.23,113,144.3,20,0.914,,
6852,car,trim_4752,trim_5150,-1442.78,1055.89,2216.65,491.09,5.06,1.92,1.38,1517,175.3,20,0.794,,
6853,car,2970305242,trim_3098,1512.69,-608.1,23.31,246.79,4.55,1.89,1.54,1017,156.8,60,0.811,,
6854,car,4224980846,trim_9521,-2050.38,486.97,1695.6,823.69,4.47,1.91,1.42,1878,177.1,22,0.85,,
6855,car,5170849706,12144024517,-1149.99,1003.61,1159.04,1185.8,4.98,1.63,1.37,1121,158.3,56,0.709,,
6856,car,trim_7688,2962837724,-238.6,-45.02,-136.27,-1522.64,4.62,1.72,1.61,1611,167.9,70,0.723,,
6857,car,9859736959,trim_4591,37.92,82.05,-782.79,785.32,4.45,1.78,1.62,1699,176.0,30,0.777,,
6858,car,trim_3993,trim_3456,-472.57,1149.45,1186.92,-926.9,4.62,1.68,1.63,1791,167.0,51,0.802,,
6859,car,n_9707,9852465896,1319.8681220160138,-465.01908070068663,-1541.59,-1310.59,4.64,1.74,1.61,1562,156.0,29,0.752,,
6860,motorcycle,9844004267,trim_461,-2394.6,686.63,-2122.74,-52.08,1.86,0.78,1.21,222,96.5,18,0.952,,
6861,car,trim_4460,trim_8387,1254.26,-426.85,-630.8,-520.66,5.02,1.88,1.42,1496,167.9,67,0.75,,
6862,bus,9858060927,trim_2679,277.79,256.16,-2419.45,-519.99,11.81,2.58,3.37,13911,79.9,37,0.792,,
6863,car,9855703027,9854981081,1908.97,-197.49,1851.33,-509.97,4.08,1.68,1.48,1282,158.6,79,1.034,,
6864,car,trim_7804,trim_2908,172.97,-1390.03,-2153.65,1495.67,5.04,1.93,1.55,1207,159.1,78,0.823,,
6865,car,9857682460,trim_4458,-397.74,-825.56,100.4,1151.75,4.88,1.61,1.63,1310,167.8,31,0.689,,
6866,car,9843592173,12109729947,2068.73,610.04,1801.79,1415.94,4.4,1.83,1.36,1545,178.9,29,0.694,,
6867,car,7222735478,trim_2485,178.22,-1552.71,-16.94,1134.72,4.58,1.94,1.59,1471,178.2,28,0.705,,
6868,car,457278330,trim_258,462.2,-933.97,-12.18,-337.57,4.0,1.91,1.62,1024,158.6,26,0.664,,
6869,car,trim_8731,4225172209,-227.82,1109.69,294.84,-548.73,4.18,1.93,1.43,1307,166.9,45,0.778,,
6870,car,4225172359,trim_2059,-344.8,235.99,1354.82,1469.55,4.67,1.92,1.42,1592,152.9,57,0.831,,
6871,car,trim_5938,trim_7096,94.92,-1485.81,-2132.53,377.9,4.6,1.64,1.48,1156,147.7,22,0.652,,
6872,car,trim_8579,9168850577,-159.49,-1141.62,-1573.92,741.91,4.26,1.67,1.58,1614,173.6,77,1.003,,
6873,car,trim_7322,6925898196,-1251.99,-1190.27,-1805.52,-1564.5,4.57,1.72,1.56,1746,168.4,74,0.864,,
6874,car,trim_3819,trim_4585,-816.5,-1390.03,-562.17,773.77,4.25,1.87,1.51,1369,151.6,54,0.749,,
6875,car,11198955254,2960326606,-1881.54,-671.08,-1897.06,-10.09,4.92,1.94,1.48,1803,142.7,21,0.883,,
6876,car,9857249944,2962838262,-2360.51,173.28,-239.41,-1532.6,4.47,1.8,1.56,1279,177.5,76,0.84,,
6877,car,trim_3493,trim_5027,-70.62,-94.83,2166.73,-566.78,4.58,1.94,1.4,1336,145.3,28,0.82,,
6878,car,12129299581,trim_4567,2043.61,235.33,1610,64.56,4.86,1.89,1.52,1248,150.1,24,0.817,,
6879,car,trim_4318,trim_5626,1538.54,794.75,-225.83,1167.59,4.71,1.89,1.48,1776,151.3,37,0.761,,
6880,car,trim_5100,12109680699,1149.06,-297.78,1465.1,1381.11,4.28,1.9,1.4,1477,173.6,35,0.719,,
6881,car,9857583763,trim_1680,-1362.11,-1161.79,-278.4,-1375.31,4.15,1.61,1.51,1525,177.7,25,0.684,,
6882,car,9857750391,trim_1186,-253.75,-635.95,-1754.51,-798.51,4.64,1.67,1.48,1873,179.7,20,0.707,,
6883,car,trim_4050,trim_9493,898.17,-258.55,-526.41,-992.26,4.97,1.69,1.44,1278,145.2,23,0.665,,
6884,car,trim_8111,trim_3980,-573.81,855.08,694.9,781.2,4.04,1.75,1.49,1654,165.0,28,0.792,,
6885,car,12129482870,9855693607,-1279.8,622.54,1634.86,116.14,4.15,1.8,1.6,1101,163.6,70,0.922,,
6886,truck,trim_4795,trim_4682,-456.61,-916.56,338.9,-1466.81,8.71,2.5,2.73,8257,71.9,69,0.834,,
6887,car,2970305322,trim_6490,-255.78,104.01,2034.9,-189.39,4.87,1.85,1.54,1691,158.5,34,0.802,,
6888,car,12098285450,trim_5187,-1496.87,1256.91,2286.81,-691.84,4.82,1.74,1.53,1823,167.8,75,0.787,,
6889,car,9861682117,9857647494,-2147.98,291.39,-1094.78,-986.18,4.99,1.9,1.4,1583,168.0,33,0.771,,
6890,car,trim_1386,9852436603,-2196.74,-499.45,-2232.41,-779.44,4.79,1.62,1.57,1585,178.0,66,0.733,,
6891,car,2970305327,trim_9063,-703.84,242.92,-1779.89,816.11,5.04,1.71,1.55,1840,147.6,62,0.778,,
6892,car,trim_3686,trim_9279,-523.21,-691.01,-1671.57,1233.78,4.21,1.63,1.61,1329,169.1,39,0.728,,
6893,car,trim_41,trim_4924,92.88,673.6,-1465.32,1193.03,4.3,1.74,1.64,1262,180.0,31,0.701,,
6894,bus,7121512682,12124070199,208.61,2240.51,2540.64,732.25,12.06,2.47,3.23,9218,85.0,44,0.87,,
6895,car,4871211876,trim_3652,-2418.28,1422.81,-725.38,-811.59,4.16,1.85,1.56,1883,140.2,53,0.747,,
6896,car,trim_7631,trim_6054,258.45,-161.73,-1529.33,513.5,5.07,1.61,1.39,1732,161.1,21,0.84,,
6897,motorcycle,trim_2094,trim_7975,2481.31,1127.46,-995.66,422.75,2.04,0.81,1.22,227,124.2,18,0.875,,
6898,car,11840500184,trim_2053,1628.46,-690.57,-642.97,1263.91,4.09,1.93,1.65,1441,167.9,25,0.74,,
6899,car,9852961426,5170868606,-1427.31,-1201.26,1643.76,-356.27,4.54,1.85,1.49,1660,148.2,70,0.721,,
6900,car,trim_3760,trim_5088,-763.26,-1138.99,2269.13,542.38,4.21,1.71,1.59,1755,173.6,36,0.86,,
6901,car,trim_9110,trim_3356,1678.39,-80.54,582.03,662.3,4.19,1.78,1.38,1758,169.5,74,0.881,,
6902,car,2962838314,trim_67,-112.37,-1152.69,338.37,-279.67,4.88,1.88,1.41,1427,179.6,65,0.673,,
6903,car,2960299866,trim_7210,-1262.41,-661.02,-2127.51,29.8,4.66,1.74,1.62,1521,163.6,71,0.907,,
6904,car,trim_5829,trim_691,-828.55,667.43,-1241.29,716.6,4.58,1.73,1.47,1441,170.3,24,0.758,,
6905,car,trim_8349,trim_7794,-25.26,715.8,544.34,-1127.83,4.45,1.84,1.52,1037,157.8,36,0.897,,
6906,car,9843848026,trim_1510,2475.43,683.11,-1148.49,-1019.72,4.15,1.63,1.57,1127,172.5,31,0.843,,
6907,car,9852405449,12129943954,-2442.03,-337.34,-1541.76,743.68,4.98,1.94,1.53,1363,146.1,44,0.677,,
6908,motorcycle,trim_4884,trim_663,-1101.03,1435.64,-1689.41,550.37,1.9,0.71,1.25,132,148.7,34,0.758,,
6909,car,trim_851,trim_2846,-1160.63,-24.46,-2570.29,864.7,4.81,1.89,1.5,1252,153.0,60,0.881,,
6910,car,trim_1033,9843848017,-960.92,131.64,2260.19,717.45,4.14,1.74,1.39,1340,172.7,47,0.767,,
6911,bus,trim_7852,trim_8914,1083.33,870.27,2261.6,-986.87,9.93,2.54,3.58,11013,84.5,62,0.782,,
6912,car,2962838293,trim_3264,150.62,-1298.02,-130.84,342.4,4.82,1.64,1.63,1873,159.7,28,0.893,,
6913,car,12596352710,4227798528,963.04,451.18,1087,1801.86,4.39,1.78,1.41,1885,167.4,25,0.798,,
6914,motorcycle,trim_3680,trim_3715,-241.67,-666.44,-668.07,-823.09,2.13,0.7,1.23,246,108.6,31,0.729,,
6915,car,trim_216,trim_3744,420.06,-102.75,-670.28,-702.34,4.15,1.88,1.37,1006,169.3,33,0.782,,
6916,car,2970305130,trim_653,1898.37,-964.52,-1884.14,515.3,4.54,1.73,1.62,1172,162.7,43,0.894,,
6917,car,4227743914,trim_4938,-1276.86,1599.3,219.29,-1228.52,4.69,1.76,1.63,1141,170.2,55,0.899,,
6918,motorcycle,trim_4288,trim_9660,1590.01,-326.71,-1198.73,997,2.13,0.84,1.2,114,108.3,33,0.855,,
6919,car,trim_6465,4227743874,1576.17,427.67,-1188.69,1192.99,4.15,1.84,1.55,1215,141.5,74,0.758,,
6920,car,trim_1474,trim_7882,-1514.47,-923.2,-2460.27,-485.17,4.82,1.65,1.57,1361,150.4,55,0.78,,
6921,car,trim_7267,trim_6060,-2255.55,-770.07,-1278.7,390.96,4.35,1.69,1.64,1207,168.3,67,0.77,,
6922,car,9861649516,trim_561,-2300.1,-92.4,-1606.32,161.48,4.8,1.81,1.61,1129,152.1,31,0.701,,
6923,car,4227743771,9843408902,-754.49,-625.18,2521.35,1564.9,4.96,1.6,1.53,1069,150.4,17,0.871,,
6924,car,trim_1993,trim_1868,-100.84,-2.97,-644.52,-498.5,4.97,1.82,1.61,1750,154.6,16,1.04,,
6925,car,trim_1301,4224981033,-1351.81,233.26,-2388.98,723.91,4.92,1.84,1.39,1154,149.1,57,0.655,,
6926,motorcycle,2960299857,trim_3835,-1406.9,-1177.57,-463.98,-1069.63,2.12,0.7,1.38,218,90.7,36,0.77,,
6927,car,trim_5031,9852391731,2298.88,-497.84,-2359.55,-751.96,4.43,1.85,1.4,1772,155.0,42,0.888,,
6928,car,trim_1495,trim_4180,-1267.42,-1215.74,2024.84,838.26,4.65,1.94,1.57,1473,173.9,22,0.849,,
6929,car,trim_7334,9852938604,828.58,190.47,-1256.62,-656.53,4.02,1.82,1.37,1675,155.1,21,0.835,,
6930,car,trim_7038,trim_2993,-2435.63,492.89,-1913.18,1132.95,5.04,1.64,1.51,1446,152.7,32,0.722,,
6931,car,trim_5796,2960326533,-1943.35,-861.04,-1486.37,294.46,4.59,1.85,1.6,1284,174.1,63,0.897,,
6932,car,trim_8497,trim_9058,-1979.76,-1218.53,-1784.11,1266.81,4.37,1.94,1.43,1520,165.0,39,0.674,,
6933,car,trim_4335,11080052824,-301.59,1260.25,-2253.14,-80.11,4.13,1.74,1.4,1248,175.6,52,0.842,,
6934,car,trim_2781,9852317023,-2475.96,396.15,318.64,822.51,4.32,1.71,1.53,1067,177.7,70,0.713,,
6935,car,2960336733,trim_6543,-1316.23,386.2,480.34,-1264.42,4.78,1.65,1.55,1875,176.4,70,0.823,,
6936,car,trim_2253,12372946963,-621.35,157.51,-662.51,-438.8,4.17,1.73,1.44,1771,176.0,28,0.873,,
6937,car,trim_1400,trim_8726,-2037.54,-489.17,-421.21,830.36,5.09,1.62,1.44,1610,141.7,65,0.74,,
6938,car,trim_3748,trim_7495,-669.29,-705.56,-886,156.02,5.02,1.73,1.44,1552,166.3,30,0.823,,
6939,car,2962838274,trim_2518,-56.08,-1521.07,189.18,1284.31,4.24,1.84,1.51,1676,159.2,27,0.693,,
6940,car,9859738814,trim_4969,587.17,-1042.83,255.11,-1527.97,4.56,1.75,1.35,1226,152.3,76,0.961,,
6941,motorcycle,trim_4486,7249093945,-934.96,715.41,472.2,505.03,2.08,0.81,1.13,200,107.8,22,0.777,,
6942,car,trim_1422,9853181584,-2559.95,-92.17,995.56,230.28,4.78,1.78,1.59,1208,169.1,57,0.809,,
6943,car,9859501405,9854981064,381.75,-845.83,2115.65,-565.55,4.2,1.61,1.42,1075,143.3,39,0.882,,
6944,car,9859748036,trim_9398,-29.15,-840.56,1789.63,-867.23,4.37,1.83,1.59,1206,153.4,33,0.83,,
6945,car,11909810113,trim_9457,2316.43,-934.07,2023.82,374.72,4.18,1.75,1.47,1160,166.3,70,0.84,,
6946,car,trim_6959,9843127277,1332.1,633.01,-2146.17,528.17,4.45,1.87,1.58,1758,170.1,16,0.977,,
6947,car,2960336709,9852333184,-941.53,469.33,59.54,844.65,4.36,1.71,1.37,1069,144.8,32,0.657,,
6948,car,trim_2597,trim_8185,1625.47,1514.89,-1947.55,-1457.75,4.17,1.73,1.38,1768,154.8,48,0.83,,
6949,car,trim_4636,3887993271,-1377.68,979.3,1559.91,1010.08,4.49,1.91,1.54,1058,142.1,61,0.684,,
6950,car,trim_1048,2970305489,-933.53,89.55,-9.25,2563.53,4.52,1.7,1.48,1847,140.9,19,0.887,,
6951,motorcycle,trim_6599,11173453974,1861.22,-682.72,-922.41,-247.42,2.15,0.69,1.06,216,97.6,80,1.04,,
6952,motorcycle,trim_3699,trim_8047,-864.95,-1058.04,2451.15,-1049.81,2.17,0.75,1.4,240,124.0,29,0.676,,
6953,car,trim_4543,trim_3941,1419.26,-447.24,974.49,-54.79,4.09,1.69,1.51,1851,156.6,80,0.808,,
6954,car,9857987901,12128950558,-75.23,312.02,1870.69,903.29,4.4,1.92,1.45,1891,162.5,73,0.812,,
6955,car,trim_6152,trim_5095,-1130.7,-907.06,1605.99,-550.64,4.94,1.72,1.59,1440,172.9,60,0.753,,
6956,car,trim_1011,trim_9336,-745.61,44.11,642.6,923.19,4.32,1.9,1.41,1703,145.8,20,0.858,,
6957,motorcycle,trim_7888,trim_8667,-2440.49,-621.32,-542.41,767.16,1.84,0.67,1.07,235,157.8,38,0.804,,
6958,motorcycle,trim_5313,trim_8696,2191.98,-83.67,-605.3,1029.55,2.16,0.83,1.36,206,96.4,64,0.673,,
6959,car,trim_6164,trim_75,-1578.59,-678.39,577.56,-701.97,4.01,1.87,1.41,1232,165.4,34,0.681,,
6960,motorcycle,2970305246,trim_2369,1482,-585.5,-1543.92,-1172.85,2.11,0.88,1.37,227,92.5,79,0.907,,
6961,car,11983071285,trim_2075,1121.45,1243.81,1077.07,722.18,4.49,1.63,1.46,1803,155.4,40,0.794,,
6962,car,trim_6603,trim_2877,2000.04,-418,-2150.07,1145.41,4.46,1.91,1.6,1634,142.5,52,0.859,,
6963,car,trim_4920,12129482867,-1480.2,1310.61,-1269.81,556.86,4.87,1.82,1.56,1895,169.3,59,0.68,,
6964,car,trim_3613,trim_2206,-805.13,-659.41,-69.61,1094.35,5.02,1.61,1.44,1557,179.6,61,0.744,,
6965,car,trim_1919,4227798203,-372.29,-1298.98,1182.43,-90.35,4.9,1.74,1.61,1365,173.0,59,0.833,,
6966,ambulance,13968415817,trim_7769,-1611.12,277.74,-914.51,-525.84,5.73,2.11,2.51,3518,152.5,46,0.507,b_352921089,Santosh hospital
6967,car,trim_1749,5170868605,-57.68,-1396.55,1660.69,-365.56,4.3,1.77,1.49,1598,169.8,73,0.913,,
6968,motorcycle,4871211870,trim_8043,-2101.8,1734.52,2433.98,-1065.39,1.84,0.78,1.39,203,156.3,16,0.917,,
6969,motorcycle,2970305245,6294257366,1500.22,-587.82,-2552.99,-901.26,2.08,0.83,1.22,136,143.9,59,0.738,,
6970,car,trim_3954,trim_8324,1827.19,387.94,-310.4,-1297.91,4.69,1.61,1.41,1183,151.3,27,0.76,,
6971,car,9857750387,trim_8766,-213.4,-583.95,-35.43,-26.78,4.73,1.62,1.55,1856,172.7,21,0.734,,
6972,car,2970305379,trim_5143,-1032.52,1043.48,2205.19,306.86,4.72,1.94,1.54,1277,163.7,51,0.711,,
6973,car,9844227426,9854981057,-2178.61,729.12,2002.47,-465.25,4.54,1.62,1.41,1810,178.3,42,0.791,,
6974,car,trim_8320,11198935225,119.08,-1409.23,-1974.31,-678.88,4.76,1.66,1.47,1185,177.4,45,0.713,,
6975,car,trim_3331,trim_7637,233.24,7.24,257.98,-238.63,5.07,1.88,1.39,1377,171.6,67,0.758,,
6976,motorcycle,trim_1319,trim_4893,-1208.14,-263.31,-1270.44,1277.61,2.27,0.72,1.3,235,91.8,53,0.665,,
6977,car,trim_7592,trim_7118,-669.34,-819.53,-2401.72,248.05,4.63,1.73,1.43,1127,174.2,38,0.764,,
6978,car,11056361039,trim_6838,1245.11,475.04,-2280.87,287.53,4.84,1.95,1.42,1562,141.5,34,0.873,,
6979,motorcycle,trim_2212,trim_5021,1918.24,-953.83,2187.14,-650.36,2.23,0.67,1.22,128,114.6,40,0.757,,
6980,car,trim_8986,4227798432,-2301.43,659.69,2257.14,316.54,4.12,1.77,1.44,1141,142.6,59,0.683,,
6981,car,trim_8989,3887997670,-2116.56,202.88,1561.57,1265.91,4.87,1.8,1.54,1737,169.8,46,0.755,,
6982,car,trim_7951,trim_2487,-608.66,1162.93,-40.42,1280.11,4.54,1.76,1.61,1558,154.6,45,0.673,,
6983,car,trim_7233,trim_5543,-2248.08,-100.68,2115,558.62,4.69,1.8,1.48,1487,177.5,70,0.749,,
6984,motorcycle,trim_810,10259407507,-791.67,579.97,2387.82,-1039.32,1.85,0.71,1.29,181,114.9,73,0.805,,
6985,car,trim_5409,trim_709,2104.66,46.27,-1349.33,799.08,5.04,1.77,1.53,1228,146.2,62,0.753,,
6986,car,trim_9226,2960326614,-1446.72,744.46,-2053.32,-10.83,4.4,1.75,1.64,1099,142.5,26,0.725,,
6987,car,trim_4093,trim_7993,1463.09,468.09,-1395.88,-1149.02,4.21,1.92,1.44,1757,142.3,33,0.769,,
6988,ambulance,trim_3341,4227797923,-248.45,-188.74,2360.24,-815.34,5.6,2.08,2.51,2810,134.8,33,0.668,b_353140064,Shree Parshvanath Digambar Jain Charitable Hospital
6989,car,11491986718,9168951442,-1771.82,791.82,25.85,221.87,4.99,1.66,1.54,1423,151.0,29,0.723,,
6990,car,trim_823,trim_3199,-1281.61,176.05,258.49,518.18,4.18,1.89,1.56,1457,147.6,32,0.809,,
6991,car,trim_6526,trim_7368,-314.57,-482.69,2041.48,-625.11,4.36,1.78,1.58,1688,169.6,71,0.818,,
6992,motorcycle,trim_768,trim_1784,-845.61,-528.29,102.54,-1144.17,1.93,0.65,1.29,225,142.6,44,0.834,,
6993,car,9852331984,trim_7527,-400.89,759.51,-1084.87,-966.38,4.49,1.62,1.39,1856,167.8,49,0.812,,
6994,car,trim_9569,4223620634,-311.11,-483.27,-2452.75,-681.14,5.1,1.94,1.43,1716,142.5,56,0.713,,
6995,motorcycle,trim_5382,trim_1261,2101.68,90.57,-1402.36,217.04,1.85,0.89,1.11,135,147.8,54,0.796,,
6996,motorcycle,4227797986,11206944294,1736.71,-505.7,1801.48,-43.7,1.88,0.69,1.27,227,134.3,61,0.868,,
6997,car,2962838328,9857246299,-74.3,-966.36,1798.05,-14.35,4.55,1.91,1.44,1382,151.2,57,0.696,,
6998,car,6294257358,trim_4272,-2481.07,-744.59,2089.08,-242.84,4.17,1.71,1.57,1428,151.8,39,0.689,,
6999,car,9844004265,9168861191,-2374.31,752.09,-1518.09,-498.51,4.49,1.73,1.51,1217,153.8,52,0.74,,
7000,car,trim_6600,9857682486,1970.61,-400.4,-864.89,-689.78,4.74,1.65,1.36,1309,160.1,62,0.873,,
7001,motorcycle,9843437520,trim_8723,2048.99,1331.05,-353,653.16,2.05,0.9,1.26,220,149.2,23,0.705,,
7002,car,4227797913,trim_9297,2026.23,-930.32,-1611.46,1128.13,4.51,1.93,1.43,1555,154.0,58,0.703,,
7003,car,trim_3126,trim_1628,-351.46,259.72,-1577.11,-601.42,4.85,1.64,1.58,1717,142.8,22,0.851,,
7004,car,trim_3663,9855703019,-1081.01,-1365.42,1237.69,-7.76,4.16,1.89,1.37,1168,174.2,70,0.725,,
7005,car,9168911124,9852976122,-1539.48,-1434.98,-1574.84,-423.85,4.86,1.83,1.49,1125,177.8,74,0.792,,
7006,car,trim_3212,trim_134,423.05,-74.55,241.53,-673.69,4.7,1.65,1.54,1541,165.4,47,0.705,,
7007,bus,9168951446,trim_3882,42.68,-555.45,855.3,330.29,10.53,2.59,3.08,11004,70.1,23,0.876,,
7008,car,9854981046,trim_373,2041.5,-449.86,-2263.52,185.73,4.94,1.91,1.51,1595,161.5,25,0.875,,
7009,car,9843418614,trim_4870,2032.55,1326.83,1057.88,-1493.54,4.58,1.61,1.58,1785,172.3,22,0.664,,
7010,car,4225172442,9852961436,15.7,496,-2541.43,79.59,4.45,1.78,1.55,1283,148.4,47,0.888,,
7011,car,trim_113,trim_9399,-321.31,603.12,1795.68,-860.77,4.16,1.91,1.58,1842,179.0,65,0.719,,
7012,car,trim_9653,trim_3964,-1351.05,1349.76,-438.05,924.11,4.38,1.8,1.44,1834,167.8,34,0.654,,
7013,car,11909810199,trim_994,2372.55,-1155.63,-525.71,-187.18,4.61,1.73,1.49,1191,154.7,27,0.752,,
7014,car,4224981095,trim_7478,-2627.57,1103.5,-1393.26,355.28,4.68,1.62,1.49,1429,156.6,32,0.741,,
7015,bus,4225324625,trim_4343,815.03,-147.71,1645.26,178.7,9.14,2.52,3.24,8878,99.5,33,0.735,,
7016,car,11001416256,trim_631,-1951.05,-1441.73,-2081.54,679.37,4.01,1.65,1.36,1768,151.4,76,0.851,,
7017,car,12123899062,2960312555,-1699.48,-1018.89,-1159.4,95.6,4.56,1.65,1.49,1611,160.5,44,0.871,,
7018,car,trim_9306,9857465287,-2119.25,938.77,-1007.4,491.84,4.97,1.78,1.5,1595,159.3,50,0.663,,
7019,motorcycle,9843408913,trim_6421,2222.13,1299.86,2327.16,586.79,2.07,0.88,1.4,171,121.9,17,0.939,,
7020,car,trim_8262,trim_2857,-594.71,-1366.19,-1886.15,552.92,4.98,1.89,1.48,1735,177.5,34,0.789,,
7021,car,trim_1434,4227798249,-2390.75,-473.02,1685.82,6.72,4.45,1.91,1.56,1518,163.1,48,0.821,,
7022,car,trim_1652,trim_3269,-1451.3,-984.23,617.56,-47.23,4.91,1.63,1.41,1303,161.1,38,0.699,,
7023,car,457278187,4227797923,-839.69,425.47,2360.24,-815.34,5.07,1.81,1.49,1033,161.7,55,0.662,,
7024,car,trim_5686,trim_3430,2102.41,-1200.34,-126.2,443.2,4.15,1.73,1.42,1281,142.9,76,0.959,,
7025,car,12455157388,trim_1111,-1343.41,478.45,-1579.06,204.86,4.32,1.8,1.52,1109,161.4,64,0.779,,
7026,car,trim_7581,5170815484,-237.02,-864.26,-1074.65,-1548.63,4.6,1.89,1.63,1472,168.1,23,0.797,,
7027,motorcycle,9855014985,trim_4985,1823.77,-154.38,1693.55,-404.87,1.81,0.8,1.15,219,143.6,24,0.769,,
7028,car,9168854806,trim_3760,1971.59,1129.12,-763.26,-1138.99,4.39,1.65,1.45,1639,164.0,24,0.807,,
7029,car,9857350825,trim_6354,-1781.61,31.68,2289.83,1314.3,4.35,1.92,1.36,1025,174.7,22,0.786,,
7030,car,4227798520,2960326741,1228.08,1743.37,-1741.19,-159.06,4.51,1.67,1.57,1782,142.0,38,0.768,,
7031,car,9857465294,trim_588,-1241.45,131.15,-1807.36,730.59,4.06,1.67,1.61,1120,171.7,59,0.869,,
7032,car,trim_6083,trim_7162,-1936.7,1046.15,-1842.27,259.17,4.23,1.74,1.36,1636,165.0,60,0.781,,
7033,truck,4220874698,4227743902,-219.38,-1662.76,-1245.95,1380.05,8.79,2.38,3.75,9230,78.8,46,0.71,,
7034,car,12096791269,trim_1532,1112.97,108.41,-1071.64,-1133.23,4.6,1.83,1.63,1395,176.5,16,0.908,,
7035,car,trim_6626,trim_1363,-223.71,-1467.47,-2464.41,-397.36,4.76,1.7,1.64,1879,142.6,17,0.939,,
7036,motorcycle,trim_9375,trim_3326,-1950.04,346.98,381.11,65.7,2.11,0.82,1.08,256,95.9,31,0.871,,
7037,car,trim_5038,trim_4990,2348.76,-675.96,1636.65,-497.89,4.62,1.76,1.41,1014,150.1,65,0.835,,
7038,car,trim_8103,trim_3244,-956.55,794.23,-379.51,395.66,4.33,1.89,1.37,1873,158.2,28,0.693,,
7039,car,trim_6018,trim_1720,-1544.84,1288.24,-102,-1328.19,4.66,1.82,1.49,1293,174.7,32,0.705,,
7040,motorcycle,trim_9449,trim_8637,-786.85,535.44,229.79,-1125.78,2.0,0.69,1.06,204,109.9,31,0.78,,
7041,motorcycle,2960336690,2960368352,-1622.52,-400.54,-1982.97,-128.93,1.98,0.86,1.13,245,127.2,46,0.677,,
7042,car,9843368468,trim_3564,-1732.42,648.69,850.65,-838.98,4.64,1.61,1.49,1829,167.2,78,0.997,,
7043,car,9857583764,2960299913,-1388.94,-1150.74,-2223.75,1274.96,4.64,1.69,1.57,1885,178.9,41,0.663,,
7044,car,11161018548,trim_8034,2263.25,-1528.87,1225.14,742.96,4.4,1.93,1.36,1007,154.0,37,0.81,,
7045,ambulance,4225324816,trim_322,1136.85,802.27,431.78,754.81,6.41,2.19,2.79,4207,127.9,32,0.657,b_9710,Hospital (building b_9710)
7046,motorcycle,trim_2211,4225077440,1914.67,-950.34,-2484.53,1041.84,1.92,0.83,1.38,141,124.8,45,0.807,,
7047,car,4227743716,trim_6258,261.18,-1151.23,-572.76,-1112.4,4.71,1.88,1.39,1546,171.2,67,0.695,,
7048,car,2960312463,7218290614,-1265.54,112.44,2391.47,1384.11,4.71,1.77,1.61,1597,144.9,37,0.697,,
7049,car,9852338751,9857647480,-2046.99,-306.3,-733.04,-1082.75,4.13,1.75,1.36,1179,161.6,39,0.82,,
7050,car,trim_2105,trim_191,355.64,-213.1,576.25,222.89,4.44,1.91,1.37,1079,176.2,37,0.832,,
7051,car,trim_6942,4225324632,2058.63,1279.41,818.9,-93.53,5.09,1.95,1.59,1727,142.2,74,0.951,,
7052,car,trim_7660,trim_714,-92.84,107.74,-1294.37,832.56,4.98,1.79,1.38,1744,177.5,47,0.711,,
7053,car,4227798416,trim_5535,1378.49,387.05,2382.78,-696.89,5.03,1.69,1.55,1682,148.2,26,0.837,,
7054,car,trim_8939,11491986718,1051.07,1210.31,-1771.82,791.82,4.57,1.92,1.4,1101,151.0,36,0.769,,
7055,car,trim_1955,trim_6758,566.31,1267.45,-921.97,218.13,4.47,1.75,1.36,1382,142.7,48,0.871,,
7056,car,11059063632,9853262755,-2521.74,96.89,1428.29,287.15,4.95,1.62,1.39,1255,143.3,18,0.834,,
7057,car,5170783085,trim_4456,1980.79,219.48,1756.17,66.5,4.94,1.91,1.64,1673,155.6,52,0.73,,
7058,car,trim_508,trim_5052,-1703.67,681.96,1935.29,-289.65,4.01,1.84,1.43,1058,145.1,50,0.713,,
7059,car,4225324685,11168894839,1777.96,204.03,-292.66,533.03,4.11,1.81,1.59,1299,171.3,16,0.956,,
7060,car,4227798441,9852371324,1396.96,435.11,-1727.93,-767.75,4.56,1.76,1.59,1740,172.2,39,0.806,,
7061,car,6202105983,trim_8401,1496.78,-572.54,-1329.2,-450.19,4.81,1.69,1.46,1397,173.6,63,0.701,,
7062,car,trim_5992,4227743808,2339.18,-1338.34,951.88,468.17,4.39,1.87,1.5,1110,172.4,56,0.775,,
7063,car,11158364768,trim_209,-363.94,-1253.36,341.1,-378.86,4.75,1.64,1.46,1684,154.0,33,0.716,,
7064,car,trim_6725,2960312588,-434.22,1158.19,-572.25,-371.34,4.27,1.6,1.58,1425,148.2,29,0.751,,
7065,truck,trim_7787,trim_2382,-544.61,-1292.25,-430.22,1295.95,9.14,2.31,3.5,13296,72.1,39,0.872,,
7066,motorcycle,trim_8640,4224981112,252.28,-1160.88,-2570.46,1246.62,1.87,0.68,1.26,215,90.3,31,0.662,,
7067,car,9857249963,5170637542,-1886.71,-577.51,1171.59,163.01,4.8,1.87,1.47,1241,156.7,76,0.87,,
7068,car,trim_8772,9168946311,-2091.12,-978.68,1704.17,-105.25,4.31,1.87,1.38,1719,168.9,43,0.824,,
7069,truck,trim_3989,9168986432,1862.46,988.34,-312.22,864.4,7.41,2.41,2.91,5325,80.2,54,0.897,,
7070,car,trim_7064,457278329,-2165.15,714.03,434.53,-987.64,4.54,1.64,1.45,1263,163.0,64,0.713,,
7071,car,11161018544,trim_7471,2189.19,-1479.99,1948.78,-1009.81,4.78,1.87,1.53,1209,172.4,28,0.731,,
7072,motorcycle,2970305332,6673295938,-793.85,376.99,-700.47,580.98,2.11,0.65,1.27,215,135.2,36,0.747,,
7073,motorcycle,10548119168,trim_5371,1856.3927419350364,-902.0276966378121,1773.75,-260.78,1.83,0.69,1.11,232,125.9,48,0.655,,
7074,car,trim_1580,4225324902,-1159.45,-723.36,2540.92,1124.1,4.16,1.76,1.41,1099,142.7,72,0.78,,
7075,motorcycle,4227743784,trim_2600,1450.57,-57.63,1668.69,1237.65,2.11,0.72,1.22,161,101.4,67,0.862,,
7076,car,9859748033,trim_3762,-2.55,-1006.93,-654.18,-1182.64,4.26,1.62,1.38,1349,157.8,38,0.86,,
7077,motorcycle,trim_8305,trim_4581,588.69,-709.51,-858.24,805.86,2.19,0.78,1.28,190,92.6,46,0.848,,
7078,car,11909810091,trim_4261,2377.62,-990.64,2260.97,-27.69,4.09,1.61,1.63,1613,154.2,73,0.905,,
7079,car,trim_6638,trim_2722,2481.78,-710.23,-2279.95,555.66,4.68,1.93,1.63,1464,168.3,75,0.835,,
7080,car,trim_1975,trim_9539,126.17,953.2,-934.71,-1203.7,4.65,1.62,1.65,1644,169.2,35,0.872,,
7081,bus,trim_243,4871211877,1248.93,453.53,-2448.15,1393.48,11.2,2.41,3.58,12334,81.0,76,0.874,,
7082,car,trim_1024,trim_6153,-922.76,214.86,-1135.38,-908.26,4.89,1.61,1.61,1042,152.8,45,0.754,,
7083,car,trim_8002,trim_7514,15.42,998.39,-1270.53,-1023.11,4.58,1.87,1.37,1519,150.9,56,0.878,,
7084,car,9852938602,trim_5314,-1322.52,-477.67,2263.92,-75.03,4.93,1.66,1.38,1422,156.5,26,0.691,,
7085,car,trim_7218,trim_7965,-2114.14,-436.43,-442.48,841.63,4.3,1.83,1.43,1069,142.8,44,0.808,,
7086,car,trim_2195,trim_2284,-1018.61,875.63,1991.57,1045.19,4.16,1.77,1.37,1400,175.8,67,0.715,,
7087,car,9857196228,2960326550,-2578.56,41.92,-1518.05,372.11,4.88,1.91,1.5,1233,175.6,74,0.973,,
7088,car,9859738791,11499043130,-579.79,-1231.12,-750.12,1046.85,4.64,1.87,1.48,1234,140.5,24,0.758,,
7089,car,trim_6421,4227695014,2327.16,586.79,-89.1,819.98,4.17,1.91,1.39,1609,167.0,62,0.733,,
7090,car,11015786210,trim_9225,-1440.48,263.46,-1525.22,778.66,5.04,1.93,1.47,1598,144.9,36,0.86,,
7091,car,trim_7578,trim_5774,-396.37,-821.04,-1362.87,-1332.59,4.04,1.73,1.6,1618,153.8,47,0.662,,
7092,car,trim_7100,4227797928,-2042.35,441.66,1906.77,-762.77,4.02,1.88,1.43,1564,163.8,74,0.779,,
7093,motorcycle,3840460039,trim_490,-2218.85,1304.35,-1748.74,1004.07,2.23,0.77,1.37,201,105.0,61,0.805,,
7094,car,9857583758,trim_6585,-1314.57,-1088.37,663.81,-1135.35,4.31,1.67,1.44,1499,179.5,47,0.822,,
7095,car,trim_9678,trim_2484,-237.55,679.83,-17.91,1139.63,4.01,1.86,1.37,1357,159.5,25,0.822,,
7096,truck,trim_4455,11168866167,1731.57,119.04,-280.11,687.31,8.59,2.54,3.55,10979,87.5,59,0.842,,
7097,car,4227798165,trim_5608,1901.94,-203.35,2420.6,-629.46,4.69,1.93,1.5,1621,145.3,52,0.664,,
7098,car,trim_6684,trim_7223,1447.21,367.93,-1470.37,-513.38,4.56,1.86,1.61,1497,161.2,16,0.863,,
7099,ambulance,2960361528,4225172340,-960.62,-768.61,-384.09,161.39,6.24,2.26,2.66,4122,141.9,75,0.605,bn_6888421987,Hospital (building bn_6888421987)
7100,motorcycle,trim_6423,trim_6215,2294.64,563.6,-1474.14,-1123.76,1.9,0.68,1.37,118,119.0,33,0.697,,
7101,car,trim_6614,trim_4383,2196.78,-126.76,2138.23,978.26,4.3,1.84,1.64,1673,162.7,47,0.886,,
7102,car,11331409145,2960361528,-115.37,1701.95,-960.62,-768.61,4.68,1.68,1.64,1189,167.2,78,0.831,,
7103,motorcycle,trim_9045,trim_5478,-1231.34,1224.76,2464.86,56.96,1.96,0.78,1.16,245,101.3,59,0.792,,
7104,car,5170791991,trim_256,-1664.36,628.33,-59.95,-366.14,4.31,1.78,1.35,1850,153.4,60,0.736,,
7105,car,trim_2822,9854977113,-2130.35,626.06,2283.11,-486.29,4.44,1.65,1.65,1165,148.0,20,0.784,,
7106,car,trim_2746,trim_8851,-2091.45,484.56,2451.02,-1045.03,4.51,1.7,1.51,1054,173.4,21,0.892,,
7107,car,trim_3407,trim_4585,227.21,157.59,-562.17,773.77,4.99,1.81,1.53,1558,176.1,50,0.761,,
7108,car,trim_4429,trim_5196,1152.07,-32.43,1681.01,-166.88,4.7,1.76,1.58,1515,149.6,18,0.972,,
7109,car,trim_7231,12130429776,-2221.67,-214.07,-1541.81,835.49,4.86,1.64,1.6,1179,158.1,17,0.999,,
7110,motorcycle,11499313282,trim_7839,-186.53,1033.56,2478.15,1129.38,2.09,0.67,1.22,195,91.5,58,0.764,,
7111,car,9852411624,2962837660,-2364.29,-573.73,-143.75,-1230.36,4.74,1.68,1.36,1047,146.9,24,0.894,,
7112,motorcycle,trim_9320,trim_4986,-2348.57,1356.78,1690.96,-409.15,2.21,0.7,1.16,183,109.8,17,0.832,,
7113,car,9168946295,trim_2081,1638.24,244.4,1124.99,445.83,4.08,1.68,1.56,1457,164.6,24,0.789,,
7114,car,trim_4649,9168949402,-1221.75,1152.45,-185.97,-1685.56,4.03,1.77,1.53,1278,167.6,57,0.896,,
7115,truck,9843084759,4225351647,-2222.02,1078.86,1091.74,-283.39,10.61,2.33,3.03,8747,85.2,48,0.738,,
7116,car,2960326742,trim_8216,-1711.93,-139.98,1015.3,-96.47,4.8,1.8,1.5,1595,165.0,60,0.7,,
7117,bus,trim_8580,trim_6990,-177.19,-1105.08,2409.86,833.26,9.03,2.44,3.3,9715,75.5,43,0.66,,
7118,car,trim_4592,trim_69,-785.87,803.26,296.81,-1200.53,4.85,1.76,1.54,1812,173.9,50,0.739,,
7119,car,9168854801,trim_3293,1895.89,1243.19,-223.43,-67.32,4.96,1.81,1.36,1422,166.7,65,0.764,,
7120,car,11909810198,trim_8331,2396.1,-1180.94,-388.67,-1282.75,4.73,1.71,1.42,1203,155.0,56,0.832,,
7121,car,12918589246,11499043124,-760.44,608.75,-860.3,1033.82,4.09,1.9,1.6,1588,176.0,77,0.795,,
7122,motorcycle,9857157142,11491162928,1798.18,-392.09,-178.53,-1107.16,1.87,0.71,1.35,215,141.1,68,0.73,,
7123,car,9860154373,trim_952,-1645.45,-344.99,-587.52,-301.12,5.05,1.64,1.65,1099,162.5,40,0.839,,
7124,car,9903339253,4227743765,-85.59,969.45,-681,-844.28,4.21,1.78,1.59,1456,141.2,61,0.688,,
7125,car,trim_1126,trim_8294,-1427.95,380.65,1725.8,650.17,4.01,1.71,1.63,1482,154.7,38,0.668,,
7126,ambulance,2960312447,trim_6424,-616.15,-431.74,1949.88,500.43,6.43,2.26,2.8,3803,145.2,76,0.715,bn_6888421988,Hospital (building bn_6888421988)
7127,motorcycle,trim_2838,9857826614,-2361.38,581.58,434.55,-345.03,1.95,0.72,1.06,159,130.9,78,0.931,,
7128,motorcycle,trim_9354,trim_5463,863.75,813.25,1794.38,-27.98,1.84,0.74,1.11,217,133.5,30,0.653,,
7129,truck,5170679557,trim_4386,-1298.84,769.26,2217.12,930.15,8.61,2.4,2.55,9064,94.8,17,0.815,,
7130,car,trim_1766,5170894034,-79.11,-1242.53,-1042.71,-1584.51,4.03,1.79,1.47,1312,146.5,36,0.663,,
7131,car,4225324681,trim_3720,1055.73,193.35,-690.48,-869.64,4.02,1.7,1.39,1251,176.0,17,0.835,,
7132,car,trim_1060,trim_8905,-826.29,159.87,2444.07,-1094.7,4.55,1.71,1.65,1181,159.3,53,0.734,,
7133,car,trim_8715,2970305386,-739.58,1240.09,-1056.14,1107.01,4.26,1.85,1.6,1475,175.8,72,0.801,,
7134,motorcycle,trim_4855,trim_3824,207.71,-1112.72,-175.45,-721.18,2.08,0.69,1.26,152,116.3,44,0.675,,
7135,car,trim_6436,trim_5624,1917.87,482.11,-181.26,1195.84,4.13,1.91,1.39,1508,157.4,59,0.88,,
7136,car,9853181581,2960312470,847.78,253.4,-1235.59,35.96,4.39,1.64,1.56,1868,158.8,70,0.734,,
7137,car,trim_1016,trim_6227,-828.15,74.94,-1542.43,-1012.61,4.65,1.76,1.52,1554,150.0,43,0.694,,
7138,truck,trim_6599,trim_852,1861.22,-682.72,-1155.65,-24.53,6.1,2.38,3.02,11871,73.6,61,0.665,,
7139,car,5170679558,trim_2795,-1306.37,773.71,-1834.2,428.53,4.38,1.76,1.45,1198,143.0,69,0.911,,
7140,motorcycle,10701207514,trim_2572,-1243.77,-741.06,1675.97,1225.93,2.22,0.78,1.18,139,120.0,17,0.937,,
7141,car,2970305322,trim_7994,-255.78,104.01,-1367.35,-1079.01,4.46,1.6,1.4,1017,162.6,31,0.826,,
7142,car,9843119611,9857682479,-1542.55,1009.52,-572.59,-663.19,4.06,1.71,1.47,1866,153.3,52,0.874,,
7143,car,trim_2428,6673295940,-592.85,1441.35,-770.26,741.55,4.61,1.72,1.35,1722,146.5,42,0.657,,
7144,car,trim_5936,4225172243,173.36,-1386.01,328.63,-401.97,4.61,1.61,1.55,1502,163.4,68,0.684,,
7145,motorcycle,trim_4677,trim_7374,336.64,-1403.81,2092.15,-585.21,2.01,0.66,1.32,185,149.7,55,0.705,,
7146,car,trim_6646,trim_126,1311.15,-292.7,152.63,-789.35,4.4,1.74,1.59,1267,148.0,78,0.885,,
7147,car,trim_6889,4225324717,-1662.61,625.9,983.56,336.52,4.69,1.64,1.42,1086,170.7,76,0.837,,
7148,car,trim_3934,trim_3081,821.95,-48.12,490.83,-131.34,4.19,1.83,1.53,1862,172.3,61,0.728,,
7149,car,11198935207,2962860496,-1886.69,-634.71,-411.54,-1178.78,4.58,1.73,1.48,1310,177.2,25,0.697,,
7150,car,trim_4066,9857625485,-397.2,1087.16,-1309.87,-1271.9,4.03,1.91,1.54,1247,150.1,32,0.793,,
7151,car,11747124024,5170823244,-589.53,854.61,1480.6,467.21,4.76,1.6,1.62,1874,177.4,31,0.843,,
7152,bus,trim_5230,9860068758,2420.4,432.88,604.79,411.97,11.61,2.58,3.0,9378,89.0,33,0.781,,
7153,car,trim_5920,trim_3488,-998.77,878.18,-353.01,256.95,4.8,1.88,1.55,1896,169.5,19,0.724,,
7154,car,trim_7835,trim_3898,2613.62,1154.65,1072.97,6.49,4.07,1.9,1.38,1679,161.0,29,0.87,,
7155,car,trim_3701,2960368352,-1204.26,-1001.72,-1982.97,-128.93,4.42,1.8,1.55,1446,167.5,75,0.834,,
7156,car,9854777610,9855693613,-2492.82,-366.37,976,63.15,4.27,1.74,1.55,1436,148.2,67,0.853,,
7157,car,12144133555,9168946221,975.01,450.7,1932.95,592.34,4.49,1.72,1.65,1769,158.9,37,0.779,,
7158,car,trim_2809,trim_5790,-2033.27,402.11,-1782.4,-989.9,4.89,1.69,1.56,1356,143.6,53,0.889,,
7159,car,trim_4276,trim_6225,1982.91,-317.22,-1399.15,-1150.43,4.23,1.92,1.58,1584,157.4,27,0.795,,
7160,car,trim_3069,trim_9237,457.62,-347.67,-704.44,75.9,4.06,1.91,1.38,1427,152.8,32,0.828,,
7161,car,trim_7220,trim_4166,-1707.08,27.88,1531.23,641.97,4.7,1.77,1.35,1022,177.2,20,0.723,,
7162,car,9859747830,11491683795,30.35,-1343.67,148.27,442.37,4.85,1.8,1.44,1071,155.7,32,0.773,,
7163,motorcycle,trim_1038,2960336803,-838.6,215.44,-1160.39,-251.28,1.92,0.79,1.13,218,136.9,70,0.864,,
7164,car,trim_2506,2960299833,153.45,1535.48,-2092.53,-726.24,4.89,1.75,1.45,1068,161.1,78,0.817,,
7165,car,trim_1041,trim_5090,-940.24,148.84,1825.69,-85.63,4.08,1.61,1.36,1075,153.9,61,0.718,,
7166,car,trim_3426,9852348504,-146.84,562.16,-1449.88,-444.53,4.53,1.69,1.5,1783,175.2,26,0.824,,
7167,motorcycle,trim_599,12901333694,-2116.33,1151.54,106.81,-267.9,2.04,0.72,1.15,242,91.6,76,0.913,,
7168,car,5170801505,4225324699,2088.31,456.28,1012.25,278.89,4.58,1.67,1.62,1224,145.9,19,0.883,,
7169,car,trim_1256,trim_749,-1369.97,-427.55,-1531.38,689.19,4.44,1.92,1.59,1045,173.9,37,0.746,,
7170,car,trim_6844,7222863947,-2280.5,283.79,-1051.36,-1396.39,5.0,1.68,1.61,1645,172.0,59,0.693,,
7171,car,trim_3105,trim_934,608.3,-158.11,-999.13,243.02,4.11,1.78,1.39,1200,154.3,65,0.703,,
7172,car,4227743757,9852290914,1459.16,-904.62,546.83,1054.34,4.59,1.7,1.39,1183,151.7,23,0.798,,
7173,car,trim_5935,2970305328,166.03,-1498.82,1499.98,245.79,4.88,1.65,1.58,1526,146.3,44,0.869,,
7174,motorcycle,trim_6999,trim_8831,2116.61,912.98,1769.91,-862.21,1.95,0.7,1.14,246,149.3,55,0.734,,
7175,car,11491066042,9859639837,-308.39,-1495.77,-402.96,-284.48,4.67,1.6,1.53,1573,159.6,37,0.788,,
7176,car,9843368465,trim_2150,-1845.6,799.18,1888.15,857.77,4.71,1.75,1.57,1900,171.6,40,0.727,,
7177,car,3888057882,9843336876,1819.57,1039.6,1268.84,1541.23,4.82,1.76,1.39,1418,158.3,18,0.842,,
7178,car,trim_6356,trim_6964,2302.33,1263.51,1455.93,833.59,4.93,1.66,1.44,1121,148.1,49,0.872,,
7179,car,trim_6691,trim_8047,1127.01,1220.69,2451.15,-1049.81,4.87,1.62,1.35,1401,154.3,78,0.923,,
7180,car,4224980884,trim_1607,-2293.61,562.74,-1364.54,-637.06,4.5,1.78,1.56,1269,170.6,50,0.766,,
7181,motorcycle,trim_1789,9861682131,81.9,-1284.32,-1524.14,519.06,2.22,0.75,1.11,170,138.8,65,0.752,,
7182,car,4227798196,12129753490,2110.72,-101.63,-1316.21,694.03,4.6,1.94,1.39,1868,140.2,49,0.89,,
7183,car,8838171113,trim_9310,-839.64,-388.84,-2254.73,896.46,4.55,1.74,1.6,1578,171.4,23,0.713,,
7184,truck,2970305380,trim_7518,2015.86,1049.26,-1145.44,-814.14,6.18,2.54,3.7,11581,80.5,26,0.837,,
7185,car,trim_3091,4225172422,-164.66,213.09,-14.14,456.35,5.03,1.63,1.55,1386,178.8,38,0.804,,
7186,car,trim_6679,trim_3016,978.94,259.27,-1577.4,1303.01,4.74,1.64,1.41,1129,167.2,17,0.963,,
7187,car,trim_5422,4227743866,2016.18,-818.22,-1205.34,1154.77,4.53,1.92,1.42,1179,149.5,59,0.847,,
7188,car,2960361555,trim_5691,-1040.31,-604.52,1945.04,-1009.64,4.69,1.76,1.47,1595,146.3,65,0.7,,
7189,car,trim_3165,trim_8578,509.9,280.58,-248.26,-1032.3,4.12,1.92,1.42,1669,141.4,73,0.861,,
7190,ambulance,9885134827,trim_1731,-2458.11,-490.46,25.43,-1402.28,5.81,2.09,2.43,2532,156.0,25,0.641,bn_6888421991,Hospital (building bn_6888421991)
7191,motorcycle,11149744483,trim_3199,-2206.56,-783.81,258.49,518.18,2.05,0.77,1.36,192,102.2,46,0.764,,
7192,motorcycle,trim_7474,2960336726,-1638.69,177.25,-1446.82,107.76,2.28,0.88,1.21,128,113.4,52,0.796,,
7193,car,trim_3415,9852976123,320.45,312,-1580.34,-422.55,4.53,1.67,1.61,1009,160.8,25,0.857,,
7194,car,9843418610,2962838274,2019.08,1337.07,-56.08,-1521.07,4.16,1.66,1.36,1805,156.9,68,0.8,,
7195,car,trim_112,trim_3075,-316.38,603.97,466.96,-261.81,4.87,1.81,1.47,1898,151.6,41,0.711,,
7196,motorcycle,trim_5396,trim_3022,1475.76,125.86,-1398.34,1364.61,1.91,0.68,1.33,233,147.9,72,0.82,,
7197,car,4227798206,trim_143,1788.29,-84.32,288.53,-700.36,4.04,1.76,1.41,1331,149.4,68,0.746,,
7198,motorcycle,trim_5057,13852443494,2290.99,-993.73,-1493.06,-1225.43,1.95,0.69,1.33,165,147.1,17,0.814,,
7199,car,2960361599,4225324649,-1315.39,-578.76,978.85,80.61,4.06,1.81,1.56,1298,176.1,25,0.689,,
7200,truck,9859639820,9859639848,-425.99,-274.56,-178.28,-533.77,8.72,2.55,2.94,15266,82.0,23,0.653,,
7201,car,trim_583,4227695046,-1708.15,598.46,2636.1,1283.8,4.75,1.76,1.6,1089,145.3,18,0.986,,
7202,truck,trim_4940,trim_5884,-1639.79,1250.34,-2034.05,-1424.81,7.15,2.33,3.79,6324,75.9,69,0.708,,
7203,car,9859493775,trim_5779,403.4,-410.51,-1478.88,-1235.79,4.58,1.62,1.46,1309,177.3,33,0.866,,
7204,car,trim_495,trim_4024,-1706.61,838.49,-623.8,1171.3,4.02,1.88,1.45,1804,160.4,68,0.728,,
7205,car,3840475116,2960299900,-691.77,1953.4,-2207.8,1308.63,4.88,1.63,1.64,1126,161.8,29,0.852,,
7206,car,12139756900,9852770085,2034.9,-1441.68,1688.17,-1718.95,4.48,1.74,1.36,1324,163.2,47,0.692,,
7207,car,2960361527,trim_1826,-973.78,-827.33,-80.14,-823.43,4.85,1.67,1.45,1374,161.6,60,0.699,,
7208,car,trim_3598,trim_6408,-268.72,299.29,2389.85,613.2,4.21,1.73,1.56,1101,153.9,75,0.976,,
7209,car,trim_6752,2960299925,-300.6,1255.35,-2500.14,356.06,4.26,1.79,1.52,1162,160.7,62,0.753,,
7210,motorcycle,trim_6021,trim_7573,-1428.08,1205.84,-332.09,-824.04,2.23,0.75,1.29,215,122.6,62,0.746,,
7211,car,trim_1008,11205760954,-789.54,13.44,-1068.78,-722.86,4.04,1.93,1.45,1619,166.3,68,0.789,,
7212,car,5170823223,trim_4300,919.81,359.87,2073.76,420.99,5.03,1.9,1.42,1619,165.2,76,0.898,,
7213,truck,7222863953,11168882736,-907.71,-1389.72,-158.77,621.42,10.49,2.6,3.7,10735,73.7,58,0.882,,
7214,car,trim_7495,trim_288,-886,156.02,56.4,-649.11,4.56,1.88,1.39,1670,155.0,54,0.681,,
7215,car,trim_26,trim_4056,-1022.67,-1591.05,1251.06,-427.94,4.16,1.91,1.46,1215,163.1,57,0.809,,
7216,car,2960328332,3834051376,-1570.52,45.24,-105.47,1650.37,4.58,1.84,1.42,1121,174.3,73,0.791,,
7217,car,trim_7098,trim_4478,-2064.13,395.63,-931.67,713.41,4.2,1.74,1.6,1393,167.8,20,0.779,,
7218,car,trim_1982,11491235572,127.27,717.15,-959.97,-1642.04,5.02,1.63,1.55,1657,164.6,67,0.913,,
7219,car,trim_6520,9859639818,85.83,-491.07,-443.62,-291.66,5.05,1.79,1.63,1548,153.0,71,0.886,,
7220,ambulance,trim_4774,9857249959,1019.19,653.82,-1845.48,-576.56,5.88,2.17,2.51,2861,125.5,40,0.558,bn_6906240215,Hospital (building bn_6906240215)
7221,car,3887993328,trim_5545,1697.93,1147.47,2138.55,581.22,4.44,1.72,1.43,1857,141.9,77,0.824,,
7222,car,trim_8797,trim_3487,-178.36,-231.7,489.74,-663.85,4.85,1.61,1.57,1784,146.8,30,0.749,,
7223,ambulance,trim_2223,trim_199,2206.52,-1465.35,51.67,-802.71,5.99,2.2,2.68,3737,154.1,32,0.615,a_1086642598_c,SHIKHA ACUPUNCTURE SANATORIUM
7224,car,5170801491,4227798164,2098.87,542.46,1968.18,-205.72,5.09,1.92,1.35,1641,161.6,47,0.73,,
7225,car,trim_4816,trim_8755,-1183.69,897.39,530.85,1294.31,4.2,1.87,1.47,1718,157.2,48,0.688,,
7226,car,4227743771,trim_812,-754.49,-625.18,-746.46,588.11,5.09,1.86,1.64,1875,172.8,18,0.957,,
7227,car,trim_9230,trim_5611,-1575.82,852.1,2441.79,-591.41,4.14,1.73,1.41,1452,165.1,26,0.694,,
7228,truck,trim_950,trim_9530,-608.62,-315.94,-894.26,-1238,11.99,2.3,3.57,12067,71.7,68,0.685,,
7229,car,9852938607,4225219822,-1242.64,-708.46,-354.88,-603.16,4.86,1.67,1.44,1412,149.8,47,0.747,,
7230,car,trim_7426,trim_5228,1141.49,-227.95,2485.3,531.79,4.65,1.67,1.38,1532,153.7,51,0.817,,
7231,car,trim_2682,trim_2508,-2438.65,-624.27,439.58,1248.16,5.02,1.72,1.37,1704,175.1,36,0.71,,
7232,car,9859639840,trim_6701,-371.97,-288.48,1150.45,1217.43,4.38,1.8,1.4,1019,171.7,64,0.764,,
7233,car,trim_54,4227798305,124.35,40.06,2094.48,128.65,4.16,1.9,1.58,1405,177.1,18,0.885,,
7234,ambulance,9855373893,4225324598,2303.61,-1268.27,-429.05,-420.88,5.74,2.07,2.82,3125,156.6,17,0.746,a_1408808783_c,Manipal Hospital
7235,car,trim_4310,trim_3192,876.75,733.24,507.88,277.12,4.94,1.68,1.62,1504,173.6,40,0.823,,
7236,car,9857583763,trim_7099,-1362.11,-1161.79,-2061.99,400.15,4.47,1.61,1.53,1106,180.0,25,0.776,,
7237,motorcycle,trim_1040,trim_7452,-814.83,231.73,-1900.81,-554.51,2.07,0.71,1.19,160,150.8,23,0.712,,
7238,bus,trim_1674,9858060939,-341.72,-1443.69,373.4,137.75,9.18,2.41,3.28,13480,93.4,24,0.813,,
7239,car,trim_1829,4227798249,-93.7,-950.2,1685.82,6.72,4.31,1.8,1.36,1565,141.1,60,0.749,,
7240,car,trim_4000,trim_6376,891.86,390.53,2339.88,688.71,4.74,1.77,1.44,1125,156.5,39,0.703,,
7241,car,2962837680,6294258000,-123.87,-1416.16,-2143.43,-756.28,5.08,1.79,1.63,1396,146.0,59,0.88,,
7242,car,trim_1267,trim_2031,-1332.89,361.98,1583.68,-145.93,4.6,1.74,1.53,1438,142.2,72,0.772,,
7243,car,trim_3748,trim_5929,-669.29,-705.56,2288.42,-1285.1,4.71,1.64,1.51,1896,169.1,42,0.677,,
7244,car,12134045453,5170791984,-126.66,302.69,-1689.19,707.77,4.15,1.91,1.58,1649,163.1,63,0.711,,
7245,car,trim_4705,11015540343,255.09,-1497.6,2250.46,-1249.26,4.15,1.82,1.36,1370,160.1,74,0.796,,
7246,car,2970305401,trim_1503,1773.41,1464.36,-1207.46,-1133.09,4.91,1.74,1.45,1350,175.2,16,0.894,,
7247,car,trim_1046,9852378884,-950.62,113.13,-2163.19,-727.02,4.88,1.74,1.35,1015,150.7,71,0.945,,
7248,car,trim_8484,trim_7781,-1865.68,-906.3,-615.81,-1099.7,4.81,1.64,1.63,1087,162.6,59,0.651,,
7249,car,trim_1069,trim_6219,-976.75,-154.31,-1416.12,-1057.48,4.88,1.86,1.4,1244,156.7,73,0.755,,
7250,car,11198935214,trim_8553,-1890.51,-852.02,-1489.01,1330.96,4.39,1.65,1.35,1516,176.9,58,0.859,,
7251,motorcycle,trim_61,trim_3268,165.6,-191.72,498.12,-43.47,2.22,0.83,1.13,184,103.0,75,0.998,,
7252,car,2970305282,trim_1046,1078.5,-357.12,-950.62,113.13,4.36,1.81,1.54,1523,152.6,78,0.969,,
7253,car,4227743939,trim_4210,-927.84,2089.27,1161.91,653.73,4.1,1.79,1.48,1741,155.1,30,0.847,,
7254,car,trim_7257,2960366905,-2325.61,-754.8,-1659.2,-573.01,4.22,1.83,1.55,1460,176.0,77,0.91,,
7255,car,trim_3084,trim_9355,-524.96,26.75,863.01,818.19,4.12,1.91,1.5,1387,149.1,61,0.683,,
7256,bus,trim_5631,12096791271,-72.39,1097.19,1142.71,88.35,12.07,2.5,3.41,11176,95.8,28,0.728,,
7257,motorcycle,2960299915,11491162932,-2228.7,1256.03,-183.94,-1092.8,2.16,0.82,1.1,132,90.8,32,0.844,,
7258,car,trim_4597,trim_1600,-461.45,1079.9,-1345.27,-467.43,4.76,1.78,1.36,1146,156.6,21,0.786,,
7259,car,trim_3960,trim_7792,-427.53,861.33,572.34,-983.84,4.97,1.68,1.46,1591,163.5,72,0.94,,
7260,car,trim_5653,trim_9588,-1661.95,695.77,-1303.73,-901.22,4.36,1.61,1.48,1345,150.0,35,0.885,,
7261,motorcycle,trim_9277,trim_981,-1644.71,1117.66,-612.11,-315.33,2.07,0.83,1.24,188,140.3,27,0.759,,
7262,car,9855703026,9843050545,1600.24,-617.95,-2209.1,576.63,4.46,1.74,1.5,1242,175.5,36,0.87,,
7263,car,9857647470,2962837697,-703.75,-1253.59,-23.78,-1368.82,4.25,1.94,1.63,1876,152.2,55,0.75,,
7264,car,trim_3136,trim_2932,342.26,-382.15,-1616.71,1012.6,4.62,1.87,1.45,1535,154.7,74,0.944,,
7265,car,trim_6689,9168883582,1048.96,1207.46,-685.47,-1269.8,4.09,1.87,1.44,1853,165.7,55,0.813,,
7266,car,trim_3491,9852290916,-245.13,-189.82,537.13,1094.16,5.03,1.74,1.39,1301,142.9,43,0.669,,
7267,car,trim_3828,4227798241,-598.95,-976.93,2379.51,-11.25,4.17,1.89,1.51,1630,172.1,21,0.725,,
7268,ambulance,11983071051,trim_2507,1078.63,1204.3,177.43,1204.44,5.6,2.11,2.78,2522,122.3,78,0.612,a_1408818183_c,Hospital (amenity a_1408818183_c)
7269,car,trim_7570,5170679556,-429.13,-778.79,-1298.51,766.06,5.03,1.78,1.61,1064,175.1,53,0.899,,
7270,car,trim_9557,trim_7753,-288.84,-632.7,-1021.55,-462.17,4.7,1.75,1.36,1790,153.5,52,0.889,,
7271,car,9843556961,6202105975,2545.79,813.19,647.17,-492.37,4.8,1.65,1.61,1894,171.3,33,0.806,,
7272,truck,9852893342,trim_3871,-1414.98,-726.52,1138.27,-230.31,11.36,2.49,2.6,14291,98.2,71,0.912,,
7273,car,9854981048,9859738780,2023.97,-438.83,-1238.06,-981.72,4.96,1.77,1.55,1472,149.9,35,0.729,,
7274,car,trim_3557,9843692472,-698.66,426.62,1421.75,623.81,4.54,1.84,1.46,1098,178.6,44,0.702,,
7275,car,9843368464,9168934130,-1872.8,837.7,2304.8,1250.89,4.64,1.87,1.42,1330,162.1,42,0.787,,
7276,car,trim_8647,9843170051,419.78,-623.29,-1849.7,1020.4,4.54,1.74,1.43,1671,170.6,71,0.85,,
7277,car,trim_454,2970305318,-2120.78,-328.03,-322.37,68.88,4.73,1.65,1.53,1735,152.4,74,0.842,,
7278,motorcycle,trim_5657,trim_6937,-2086.52,-1193.38,-1918.54,1154,1.87,0.77,1.25,163,134.3,40,0.673,,
7279,car,9168883519,trim_5020,-1726.13,-799.69,2191.46,-652.87,4.46,1.75,1.55,1860,144.2,71,0.914,,
7280,car,trim_4652,trim_4046,-1210.08,1154.1,766.67,56.56,4.68,1.89,1.53,1842,158.6,39,0.847,,
7281,car,12096799138,9168934139,1096.77,227.74,2333.49,889.32,4.39,1.83,1.47,1529,161.4,79,0.868,,
7282,car,3004576896,trim_1069,664.1625191969292,791.235980728828,-976.75,-154.31,4.31,1.81,1.42,1182,148.9,42,0.804,,
7283,car,trim_3843,11775194481,-998.91,-1091.91,165.41,-1542.92,4.47,1.61,1.37,1848,159.7,62,0.888,,
7284,car,9168883548,trim_9580,-1452.62,-1073.31,-605.81,1160.89,4.63,1.76,1.55,1068,150.3,50,0.732,,
7285,car,9852305618,9843382201,452.52,1077.39,1726.64,1162.94,4.68,1.63,1.36,1552,174.3,74,0.944,,
7286,car,457278384,trim_9226,381.1,-920.37,-1446.72,744.46,4.31,1.89,1.39,1342,172.9,57,0.862,,
7287,motorcycle,trim_4266,4227798502,2205.76,-165.65,678.56,1465.82,1.87,0.8,1.34,130,122.4,78,0.828,,
7288,car,trim_4802,trim_8370,-1260.92,1184.27,-421.84,-338.11,4.36,1.76,1.39,1388,153.5,44,0.682,,
7289,car,5170849705,4225172209,-1169.52,1000.96,294.84,-548.73,4.91,1.82,1.49,1730,162.9,44,0.81,,
7290,car,4225172315,trim_5084,-136.82,44.09,2491.76,-625.98,4.38,1.66,1.48,1855,171.8,17,0.859,,
7291,car,trim_1377,trim_7383,-2031.63,-557.03,1826.69,-530.74,4.94,1.62,1.56,1374,179.3,78,1.021,,
7292,motorcycle,9857249938,2962838326,-2045.39,-51.03,-14.53,-1024.94,1.8,0.69,1.25,208,91.7,60,0.834,,
7293,car,trim_845,trim_6616,-1409.32,15.36,2189.92,-86.46,4.26,1.74,1.43,1694,158.1,34,0.838,,
7294,car,4227743729,trim_6659,-333.45,-1076.4,1427.25,-255.91,4.49,1.92,1.4,1714,162.0,68,0.741,,
7295,car,trim_1185,trim_7530,-1746.75,-1001.14,-1061.82,-893.1,4.63,1.86,1.49,1155,178.2,54,0.662,,
7296,car,trim_2978,trim_1155,-2147.61,880.96,-1696.15,64.76,4.81,1.79,1.6,1477,170.2,25,0.89,,
7297,car,trim_1222,9857750395,-1508.2,-212.37,-375.67,-494.54,4.46,1.78,1.63,1251,146.5,27,0.684,,
7298,car,trim_4733,9843135289,-1500.41,1100.62,-2008.15,891.44,4.24,1.86,1.58,1266,175.1,37,0.819,,
7299,car,2970305489,trim_3202,-9.25,2563.53,-257.92,250.17,5.07,1.87,1.41,1490,162.3,36,0.717,,
7300,motorcycle,trim_735,trim_9124,-1515.53,967.08,2198.92,1254.91,2.05,0.67,1.06,167,148.3,58,0.787,,
7301,car,trim_3849,trim_1837,-601.39,-1070.61,-161.61,-904.4,5.02,1.82,1.41,1385,151.9,22,0.743,,
7302,car,9852465857,2960326230,-2370.05,-828.88,-1523.55,263.38,4.29,1.88,1.61,1420,147.6,50,0.659,,
7303,car,trim_1293,trim_1106,-1291.43,312.71,-1472.94,62.48,4.69,1.68,1.51,1267,155.0,46,0.686,,
7304,car,11491310681,trim_964,-336.8,-1128.02,-824.52,-107.4,4.07,1.92,1.38,1892,141.4,39,0.686,,
7305,car,trim_8339,trim_3946,-279.93,669.5,1922,281.06,4.62,1.62,1.41,1512,159.2,61,0.897,,
7306,car,trim_1112,trim_2192,-1507.71,138.28,-907.55,557.02,4.87,1.69,1.47,1701,149.3,52,0.735,,
7307,car,trim_2500,trim_5658,-275.85,1468.31,-2170.72,-1292.4,4.74,1.74,1.54,1472,148.4,34,0.838,,
7308,car,trim_8793,trim_1908,683.51,689.37,-156.52,-1145.59,4.77,1.63,1.47,1643,171.1,66,0.828,,
7309,car,trim_2953,trim_4512,-1719.76,1478.65,1792.14,753.47,4.73,1.86,1.65,1799,154.2,64,0.712,,
7310,car,2960312458,trim_2111,-1033.08,320.86,230.82,-147.59,4.99,1.87,1.62,1149,157.9,67,0.903,,
7311,car,9857750395,trim_840,-375.67,-494.54,-1272.48,114.28,4.64,1.77,1.49,1213,161.3,55,0.894,,
7312,car,trim_4611,trim_1399,-431.38,899.44,-2110.74,-492.19,4.56,1.92,1.49,1394,165.5,43,0.758,,
7313,car,trim_3465,trim_6497,439.69,-629.06,262.12,-45.17,4.06,1.83,1.61,1706,155.5,47,0.685,,
7314,ambulance,9168861177,9168911139,-1024.72,-781.15,-1848.59,-1009.96,5.59,2.28,2.77,3251,125.2,48,0.633,a_1409201613_c,Yashoda Hospital
7315,car,11775194481,trim_3137,165.41,-1542.92,403.97,-411.24,4.81,1.82,1.51,1588,156.6,73,0.777,,
7316,car,trim_2749,trim_8731,-2063.52,518.39,-227.82,1109.69,4.29,1.64,1.54,1519,150.2,35,0.811,,
7317,car,trim_3647,trim_3246,-760.67,-876.33,357.88,54.05,4.35,1.64,1.51,1630,178.3,23,0.86,,
7318,car,trim_5772,4225172202,-1191.3,-1463.39,1006.9,-593.72,4.71,1.63,1.54,1582,144.1,17,0.912,,
7319,car,9844004269,trim_3503,-2425.85,578.53,-116.24,-318.1,4.17,1.92,1.4,1858,162.0,54,0.836,,
7320,motorcycle,trim_6965,trim_1513,1447.05,869.97,-1121.45,-959.55,2.16,0.77,1.13,226,126.5,68,0.76,,
7321,car,12144133556,trim_2765,994.84,402.68,-1882.63,730.18,4.97,1.78,1.38,1628,162.1,62,0.755,,
7322,motorcycle,9168951462,9168966417,797.8,-1005.68,1056.02,1208.55,1.93,0.74,1.31,221,105.8,16,0.9,,
7323,motorcycle,trim_9321,trim_9066,-2352.27,1353.41,-1682.17,773.08,1.85,0.73,1.27,235,126.4,62,0.821,,
7324,car,4225172240,trim_2994,43.17,-416.39,-1977.01,1106.09,4.77,1.66,1.6,1393,177.1,39,0.707,,
7325,truck,trim_3162,9854981042,498.84,376.9,2100.86,-481.1,10.48,2.42,2.64,8309,82.5,72,0.767,,
7326,car,trim_9056,8819311729,-1730.16,1429.03,2247.97,-1538.9,4.27,1.83,1.47,1604,166.4,65,0.762,,
7327,bus,trim_926,trim_5429,-1109.06,181.68,1861.24,-686.21,11.21,2.59,3.06,11115,98.1,54,0.766,,
7328,motorcycle,trim_3409,11491162933,291.95,183.1,-187.16,-1091.99,2.12,0.88,1.26,233,115.6,60,0.793,,
7329,car,9852378902,9843168323,-2018.12,-899.74,-1570.93,750.75,5.06,1.65,1.62,1820,142.1,48,0.818,,
7330,car,trim_41,trim_2055,92.88,673.6,1627.55,1517.79,4.77,1.91,1.58,1312,147.0,54,0.84,,
7331,car,trim_6442,trim_7735,1822.8,329.21,-633.46,145.66,4.07,1.94,1.65,1464,173.0,53,0.808,,
7332,car,9843651266,trim_4949,2197.77,631.49,-1388.01,1344.34,4.11,1.92,1.57,1285,160.9,64,0.665,,
7333,car,trim_612,9852371323,-2376.2,332.28,-1714.27,-687.83,4.04,1.93,1.57,1284,158.4,74,0.824,,
7334,car,9857682450,trim_4160,-324.81,-1059.87,920.09,404.52,4.18,1.63,1.5,1371,159.8,54,0.863,,
7335,motorcycle,trim_3345,9168850589,-210.19,-242.85,-1471.94,569.86,2.09,0.7,1.3,120,104.2,71,0.836,,
7336,ambulance,4224980815,11909810100,-2030.74,386.09,2289.16,-987.46,5.63,2.25,2.59,4321,129.7,43,0.559,a_352730718_c,Hospital (amenity a_352730718_c)
7337,motorcycle,trim_7903,trim_8964,-74.44,925.64,92.25,-1395.97,2.09,0.89,1.16,244,152.6,71,0.801,,
7338,car,5170868606,trim_711,1643.76,-356.27,-1329.42,825.72,4.16,1.77,1.52,1591,160.2,48,0.819,,
7339,car,trim_3606,trim_2157,-574.68,-804.66,2023.43,1020.24,4.94,1.73,1.59,1607,160.4,36,0.748,,
7340,car,2960336678,trim_2883,-1653.15,-212.42,-2200.99,684.95,4.06,1.9,1.44,1063,157.0,77,0.792,,
7341,car,2960361467,trim_6827,-1507.19,-820.4,-2318.68,206.01,4.97,1.7,1.51,1237,156.8,48,0.871,,
7342,car,trim_3330,trim_4073,246.81,12.62,-414.2,1193.32,4.64,1.65,1.55,1200,175.8,34,0.687,,
7343,car,trim_8235,4223620633,-2322.61,-753.01,-2571.9,-684.24,4.81,1.66,1.48,1726,140.2,25,0.703,,
7344,car,trim_5997,9843135294,2368.69,-1351.19,-2010.61,839.19,4.17,1.89,1.63,1391,176.3,70,0.797,,
7345,car,9168946306,trim_2267,1944.62,100.11,-195.68,-450.85,4.69,1.73,1.48,1349,158.3,19,0.771,,
7346,car,11173453974,2962860506,-922.41,-247.42,-153.75,-1147.67,4.79,1.66,1.44,1860,143.4,45,0.885,,
7347,car,4227798257,9859655301,2529.96,21.14,-383.61,-259.4,5.05,1.84,1.6,1309,148.8,40,0.703,,
7348,truck,trim_3431,trim_1248,-293.57,476.05,-1659.12,-386.83,11.95,2.59,3.68,8223,99.5,78,1.01,,
7349,car,trim_6943,5170798241,2191.21,1302.76,121.21,58.92,4.09,1.82,1.55,1465,175.7,39,0.869,,
7350,car,2960361537,5170800073,-1133.74,-587.23,2127.53,543.83,4.18,1.89,1.44,1455,142.6,64,0.66,,
7351,car,9859748028,9857157158,-177.55,-687.29,1789.47,-190.79,4.49,1.72,1.48,1356,171.1,47,0.792,,
7352,car,trim_3985,9852391727,1216.14,875.97,-2049.8,-1025.58,4.59,1.8,1.39,1298,160.3,51,0.827,,
7353,car,trim_4055,9843084740,1150.77,-373.01,-2244.68,713.06,4.48,1.81,1.62,1407,147.4,37,0.766,,
7354,car,trim_3992,trim_370,-357.14,-438.58,-2264.49,182.27,4.06,1.94,1.4,1588,158.5,56,0.771,,
7355,car,trim_2193,2960312463,-909.57,561.59,-1265.54,112.44,4.42,1.69,1.39,1836,167.6,41,0.73,,
7356,car,trim_1908,trim_740,-156.52,-1145.59,-1374.79,976.9,4.03,1.79,1.62,1375,142.1,30,0.767,,
7357,car,trim_5180,9852961432,1501.24,166.25,-2268.92,188.75,4.75,1.75,1.37,1294,151.5,29,0.757,,
7358,car,trim_7608,trim_5034,-444.64,-555.58,2372.4,-536.74,4.36,1.88,1.56,1233,153.7,36,0.809,,
7359,ambulance,4224980815,trim_1518,-2030.74,386.09,-1221.02,-923.32,6.15,2.04,2.52,4232,133.8,41,0.648,a_352730796_c,HOD Ghaziabad - House Of Diagnostics
7360,motorcycle,trim_6282,2960312545,-339.91,-845.85,-1222.05,-154.3,2.08,0.81,1.25,221,136.3,27,0.721,,
7361,motorcycle,trim_824,trim_5694,-1285.97,173.61,741.49,-203.65,2.3,0.8,1.12,182,159.4,39,0.742,,
7362,car,trim_4008,12124037281,-493.83,778.93,-837.02,-957.73,4.96,1.81,1.51,1874,152.9,64,0.754,,
7363,car,trim_4240,trim_8593,1976.48,155.69,-165.44,-1503.13,5.02,1.74,1.45,1841,156.0,28,0.67,,
7364,motorcycle,trim_7264,4227798397,-2263.6,-790,2428.31,346.78,1.96,0.74,1.09,238,137.4,22,0.754,,
7365,car,12130798615,trim_7248,-818.08,168.79,-2290.57,-924.9,4.39,1.9,1.65,1435,166.3,39,0.81,,
7366,car,5170639291,trim_755,2077.28,-184.69,-1103.97,908.06,4.02,1.79,1.43,1648,148.6,20,0.909,,
7367,car,trim_537,trim_3725,-1516.78,-1298.34,-848.27,-1009.61,4.47,1.69,1.53,1806,159.8,33,0.845,,
7368,car,trim_1709,12124348723,-163.6,-1466.32,2264.95,544.27,4.46,1.85,1.38,1543,164.8,79,0.956,,
7369,car,trim_9054,trim_5126,-1742.72,1252.64,1180.81,-321.11,4.91,1.62,1.38,1345,166.8,30,0.758,,
7370,car,trim_210,trim_2831,370.31,-319.47,-2315.21,1235.71,4.6,1.61,1.6,1166,153.1,58,0.768,,
7371,car,11168770280,trim_5656,-88.43,632.64,-2083.2,-1189.65,4.02,1.67,1.5,1789,159.4,23,0.875,,
7372,car,trim_530,2960361539,-1633.01,-1109.58,-1138.96,-582.57,4.73,1.72,1.45,1594,140.6,29,0.837,,
7373,car,trim_6903,trim_963,-2093.2,1136.41,-795.26,-149.8,4.64,1.92,1.37,1292,147.5,49,0.686,,
7374,motorcycle,9843552441,9168854810,1743,494.18,2063.22,1117.41,1.97,0.72,1.33,207,108.0,37,0.822,,
7375,car,4225324637,trim_6548,891.27,-73.08,602.62,-1073.83,4.71,1.63,1.4,1272,171.8,34,0.733,,
7376,car,trim_6032,trim_7914,-1225.38,1202.61,-1513.16,402.61,5.0,1.69,1.35,1360,142.9,33,0.685,,
7377,car,trim_2707,trim_6871,-2217.84,654.58,-2493.31,-362.72,4.46,1.8,1.62,1740,166.9,77,1.007,,
7378,motorcycle,12139772180,trim_5992,1913.5,-1433.41,2339.18,-1338.34,2.05,0.81,1.13,201,140.5,29,0.68,,
7379,truck,9857115611,9859738789,-2291.21,-1029.28,-526.05,-1168.33,10.45,2.57,3.44,5147,91.8,78,0.885,,
7380,car,trim_3061,12088380172,-32.73,578.56,-1825.01,620.58,4.58,1.72,1.65,1178,165.5,40,0.832,,
7381,car,12109637076,11045481115,2231.56,1118.59,604.03,416.44,4.85,1.78,1.42,1035,142.8,25,0.777,,
7382,car,11983071278,trim_1228,1137.42,1250.39,-1419.72,-256.16,4.22,1.86,1.47,1075,155.7,77,0.946,,
7383,car,9843433154,9852465850,1166.37,613.1,-2167.61,-847.22,4.46,1.71,1.42,1861,177.2,28,0.875,,
7384,motorcycle,9857249956,trim_1343,-1841.08,-526.04,-2073.93,-204.26,1.86,0.71,1.4,209,123.5,52,0.895,,
7385,car,4227695045,trim_6689,2646.23,1274.01,1048.96,1207.46,5.01,1.82,1.42,1731,146.7,46,0.653,,
7386,motorcycle,trim_8174,2960299915,2017.24,-778.69,-2228.7,1256.03,2.13,0.85,1.32,111,120.8,46,0.697,,
7387,truck,9168946295,9857196233,1638.24,244.4,-2613.38,216.41,11.33,2.48,3.73,9953,89.1,75,0.757,,
7388,car,4227797970,trim_7395,1596.92,-560.23,-70.04,289.77,4.33,1.6,1.53,1440,143.3,24,0.651,,
7389,car,trim_4278,trim_4528,1938.58,-343.68,-576.77,857.06,4.26,1.82,1.56,1885,163.0,68,0.768,,
7390,car,trim_9656,11158364768,-1280.01,985.98,-363.94,-1253.36,4.92,1.8,1.46,1342,175.9,61,0.802,,
7391,car,trim_7628,trim_1005,231.32,3.86,-672.02,-61.1,4.73,1.87,1.48,1190,175.6,44,0.69,,
7392,bus,12918589248,trim_9360,-752.81,602.53,922.39,407.95,11.75,2.46,3.1,9000,76.4,53,0.834,,
7393,car,trim_5386,trim_6447,1310.5,432.3,1796.65,351.29,4.1,1.69,1.6,1689,175.4,22,0.722,,
7394,car,trim_5103,trim_1091,1624.75,-452.91,-987.02,-354.37,4.36,1.6,1.36,1116,148.0,16,0.945,,
7395,truck,trim_1876,5170791990,-350.11,-1007.2,-1677.25,642.71,8.94,2.35,2.72,13468,80.7,22,0.655,,
7396,car,trim_2586,trim_3187,1657.82,1322.04,423.13,-1134.41,4.36,1.74,1.41,1460,157.3,71,0.887,,
7397,car,trim_5212,trim_1491,1926.87,-251.15,-937.98,-1204.17,4.7,1.64,1.42,1432,152.1,79,1.003,,
7398,motorcycle,trim_7931,trim_6951,-1271.58,-1389.88,2189.27,1299.88,1.91,0.74,1.2,252,119.0,17,0.779,,
7399,car,3840470135,trim_7056,393.88,1535.71,-2337.62,672.98,4.42,1.68,1.58,1168,145.5,47,0.802,,
7400,car,13852443495,9858060964,-1490.92,-1232.53,601.45,529.22,4.53,1.87,1.51,1080,177.9,28,0.719,,
7401,ambulance,9859618307,12901265235,-924.07,-526.04,-513.21,-1019.45,5.51,2.29,2.56,3286,157.8,24,0.649,a_4562908189,Hospital (amenity a_4562908189)
7402,car,trim_5252,trim_3502,2118.95,-43.8,-120.52,-320.68,4.92,1.61,1.42,1475,158.9,55,0.69,,
7403,ambulance,2960326747,trim_3471,-1581.18,-14.65,-407.5,-0.68,5.87,2.21,2.49,4340,124.1,48,0.672,a_7018033056,"Chandra Laxmi Hospital, Maliwara Chowk"
7404,truck,trim_8401,trim_4274,-1329.2,-450.19,2052.01,-269.79,9.21,2.38,3.53,12678,86.0,80,0.892,,
7405,car,trim_6501,9857246299,249.68,11.1,1798.05,-14.35,4.55,1.66,1.51,1302,142.8,22,0.662,,
7406,car,9168953517,trim_1302,1919.05,-441.52,-1391.99,150.48,4.1,1.69,1.52,1764,154.4,27,0.865,,
7407,car,trim_3355,9843408915,640.54,673.1,2310.31,1162.01,4.62,1.74,1.51,1429,141.3,33,0.883,,
7408,motorcycle,2960336766,9843185620,-1297.76,200.53,-1400.63,1121.9,1.81,0.8,1.3,219,128.4,51,0.691,,
7409,car,trim_6983,trim_3210,2401.59,588.27,202.21,290.64,4.94,1.82,1.35,1660,142.8,21,0.876,,
7410,car,trim_2390,trim_6511,-60.68,1362.81,-154.84,-216.61,4.25,1.82,1.41,1641,155.4,34,0.686,,
7411,car,trim_9342,11909810155,1033.87,955.96,2072.45,-500.64,4.48,1.66,1.48,1327,144.9,78,0.944,,
7412,car,trim_6472,trim_3663,1669.21,214.35,-1081.01,-1365.42,4.89,1.68,1.55,1766,179.0,32,0.765,,
7413,car,9843336875,11491678301,1260.64,1543.93,107.64,998.45,4.33,1.92,1.55,1420,175.5,49,0.881,,
7414,car,trim_6612,trim_115,2115.21,-600.76,-420.24,585.7,4.11,1.68,1.42,1050,168.3,52,0.886,,
7415,car,9843368469,trim_7520,-1689.53,588.33,-1021.18,-983.55,4.75,1.75,1.56,1277,164.3,24,0.821,,
7416,car,trim_8683,9852465858,590.39,581.53,-2304.01,-937.52,4.17,1.78,1.63,1049,169.0,73,0.919,,
7417,motorcycle,trim_6329,2960299840,1988.43,1047.18,-2059.92,-1130.74,2.01,0.72,1.07,225,144.4,34,0.887,,
7418,motorcycle,trim_3329,2960361574,251.46,14.45,-1354.83,-468.39,2.05,0.79,1.33,245,155.6,23,0.843,,
7419,car,4225352116,trim_1912,-541.26,2514.58,-298.73,-1156.94,5.07,1.7,1.44,1572,152.4,58,0.716,,
7420,car,trim_2308,trim_3504,640.58,920.37,-97.39,-306.76,4.2,1.95,1.4,1130,156.4,23,0.756,,
7421,car,trim_8383,9858060925,-432.18,-308,441.48,-339.09,4.27,1.79,1.59,1108,168.5,56,0.856,,
7422,car,9843336858,5170798242,1091.11,1804.04,136.08,-21.42,4.61,1.75,1.51,1129,171.9,68,0.801,,
7423,car,12098330071,trim_8504,-1271.84,1339.45,-119.13,-1086.23,4.5,1.85,1.53,1616,162.3,44,0.762,,
7424,car,4225077485,trim_9536,-1865.44,1180,-724.62,-1365.49,4.71,1.79,1.45,1651,177.0,26,0.843,,
7425,car,trim_7757,9168883566,-505.82,-355.06,-1521.24,-1374.53,4.53,1.65,1.56,1808,161.2,72,0.725,,
7426,car,4227743866,trim_2028,-1205.34,1154.77,1557.35,37.53,4.24,1.82,1.6,1236,157.8,68,0.872,,
7427,car,5170849701,trim_4714,-1609.58,639.8,-223.36,-933.67,4.23,1.89,1.57,1099,156.7,59,0.889,,
7428,car,trim_7530,2970305374,-1061.82,-893.1,-1038.33,979.58,4.24,1.71,1.49,1353,141.8,38,0.887,,
7429,car,trim_8103,2970305125,-956.55,794.23,2070.23,-1109.44,5.04,1.85,1.49,1566,163.5,57,0.827,,
7430,motorcycle,11059063632,4225170881,-2521.74,96.89,1277.79,-845.77,2.17,0.72,1.27,248,100.0,59,0.8,,
7431,car,12124045424,trim_2095,-849.54,-984.22,2479.9,1132.26,4.8,1.68,1.6,1257,167.3,50,0.692,,
7432,car,trim_1515,9168934131,-1244.14,-914.94,2283.82,1370.89,4.57,1.72,1.61,1862,153.7,31,0.713,,
7433,car,4225324897,4227798441,2425.51,1105.19,1396.96,435.11,4.6,1.65,1.37,1474,169.1,32,0.894,,
7434,car,12109637074,trim_3309,2090.27,1091.02,-53.93,-206.31,4.07,1.69,1.58,1324,152.1,33,0.83,,
7435,truck,trim_8337,5170639292,-424.65,859.26,2078.02,-191.64,7.7,2.39,3.17,8878,95.9,33,0.761,,
7436,car,4224981108,trim_536,-2402.91,1219.89,-1837.8,-1337.88,4.49,1.83,1.54,1248,173.3,66,0.733,,
7437,truck,trim_6409,trim_7030,2394.03,607.91,-2382.27,666.82,11.99,2.33,3.65,12074,77.0,32,0.728,,
7438,car,trim_6551,trim_5144,523.18,-1196.21,2198.64,353.37,4.31,1.95,1.64,1411,178.7,35,0.841,,
7439,car,trim_1470,5170798255,-1429.21,-878.7,271.31,-248.21,5.05,1.64,1.37,1329,151.5,66,0.663,,
7440,car,9852465850,trim_272,-2167.61,-847.22,137.49,-526.47,4.18,1.77,1.39,1153,141.5,52,0.877,,
7441,car,trim_5670,trim_2620,1303.16,-474.2,-1527.92,691.48,4.85,1.83,1.52,1177,143.6,37,0.679,,
7442,car,9852348509,9857331055,-1395.71,-505.21,-1967.88,-714.57,4.67,1.86,1.6,1110,179.4,69,0.87,,
7443,truck,trim_6455,trim_6872,2035.85,225.34,-2493.97,-357.76,9.91,2.42,3.6,9049,77.2,67,0.738,,
7444,motorcycle,11168934280,9858060966,350.16,139.52,598.03,520.11,2.12,0.73,1.06,224,116.3,65,0.651,,
7445,car,trim_1470,4224981087,-1429.21,-878.7,-2490.77,889.83,5.02,1.66,1.46,1348,172.7,78,0.985,,
7446,car,trim_3599,trim_3531,-265.11,277.85,1197.66,-587.7,4.61,1.88,1.51,1863,158.8,25,0.853,,
7447,car,9859736961,9857647464,-2.1,72.67,-1016.92,-1193.66,4.76,1.92,1.47,1316,151.6,31,0.708,,
7448,car,9168881193,11158364721,2082.1,582.75,267.24,-531.92,4.76,1.84,1.5,1047,168.8,52,0.73,,
7449,car,trim_8974,trim_3625,-1749.42,560.31,-393.22,-467.23,4.97,1.88,1.41,1721,169.8,18,0.81,,
7450,car,trim_4154,2960299892,-543.59,1116.39,-1820.43,750.12,4.67,1.63,1.42,1658,149.0,76,0.907,,
7451,car,trim_8297,9852257573,1799.37,526.12,-2340.28,229.54,4.08,1.78,1.56,1145,158.5,72,0.733,,
7452,car,4227743945,9853181597,-948.5,2132.37,822.14,-1464.56,4.31,1.6,1.41,1027,170.2,77,0.88,,
7453,car,trim_8327,trim_8626,-360.51,-1248.1,212.57,-1212.87,4.71,1.7,1.35,1527,146.1,18,0.751,,
7454,car,trim_7365,2970305125,2004.2,-456.56,2070.23,-1109.44,4.61,1.68,1.65,1253,172.7,80,1.015,,
7455,car,12096814571,trim_9528,1008.22,105.99,1668.42,967.89,4.49,1.69,1.44,1067,179.4,32,0.729,,
7456,car,2960326186,9855014944,-1097.34,-166.68,1086.58,-633.84,4.79,1.87,1.46,1130,149.1,42,0.711,,
7457,car,trim_478,trim_8384,-2141.78,203.99,-415.22,-329.96,5.09,1.73,1.38,1431,164.0,21,0.721,,
7458,motorcycle,2960336692,trim_4074,-1596.14,-406.35,984.36,-68,2.07,0.67,1.07,169,97.5,56,0.886,,
7459,car,trim_7205,trim_8277,-1463.07,238.26,-1333.23,-984.33,4.9,1.72,1.49,1363,150.2,49,0.779,,
7460,car,9843368462,trim_743,-1938.11,925.84,-1300.8,983.26,4.12,1.83,1.53,1433,171.4,44,0.789,,
7461,car,trim_1355,trim_7850,-2384.11,-221.82,1412.81,926.32,4.06,1.66,1.36,1097,151.2,33,0.679,,
7462,car,trim_331,trim_2387,-147.17,655.42,-309.63,1317.77,4.38,1.61,1.64,1866,160.5,51,0.766,,
7463,car,trim_5286,trim_4623,1823.01,-161.28,-638.28,681.94,4.57,1.82,1.55,1825,150.3,66,0.81,,
7464,motorcycle,2960312508,trim_2826,-1268.56,-230.87,-2349.71,1116.3,2.12,0.65,1.2,143,106.4,35,0.88,,
7465,car,2960336684,trim_4033,-1652.94,-357.4,769.03,54.1,4.75,1.67,1.54,1149,149.6,43,0.765,,
7466,car,trim_4358,trim_9478,1149.16,733.3,696.78,-78.41,4.55,1.65,1.56,1300,145.3,56,0.657,,
7467,car,9859655309,trim_6742,132.57,-985.73,-330.09,873.73,4.94,1.82,1.51,1136,156.4,67,0.76,,
7468,car,trim_1169,9857647501,-1815.71,106.25,-653.22,-1183.94,4.87,1.77,1.5,1655,175.5,80,0.918,,
7469,car,trim_5042,11158364770,1913.65,-117.7,-285.03,-1364.04,4.01,1.82,1.6,1452,164.1,32,0.65,,
7470,car,trim_1432,9843127279,-2442.37,-422.33,-2135.95,528.37,4.77,1.67,1.54,1385,162.5,64,0.738,,
7471,car,12124070266,trim_8214,2380.83,966.87,-1809.61,1038.2,5.04,1.81,1.58,1218,158.6,18,0.848,,
7472,car,trim_4934,trim_5921,264.13,-1200.67,-952.99,884.71,4.77,1.86,1.63,1007,148.7,25,0.853,,
7473,car,trim_3768,9855373898,-271.81,-726.67,2249.31,-1303.5,4.71,1.69,1.61,1487,143.5,42,0.668,,
7474,car,trim_7934,9852893335,-1182.63,-1458.63,-1702.46,-1189.13,4.83,1.84,1.41,1603,152.1,57,0.813,,
7475,motorcycle,trim_2386,11909790568,-314.55,1316.88,2451.72,-1051.51,2.19,0.73,1.19,151,154.1,24,0.899,,
7476,car,9852318739,trim_1008,-1512.26,545.84,-789.54,13.44,4.33,1.91,1.61,1406,141.1,41,0.697,,
7477,car,trim_2342,trim_2795,1422.96,1485.06,-1834.2,428.53,4.75,1.78,1.39,1630,163.9,45,0.811,,
7478,car,trim_6816,trim_5702,130.11,715.13,1139.55,-381.99,4.29,1.85,1.58,1534,170.3,70,0.713,,
7479,car,9852961446,trim_8620,-1359.85,-434.22,224.15,-1179.23,4.2,1.8,1.52,1232,172.1,16,0.817,,
7480,car,trim_5577,trim_4616,2190.42,393.74,-373.93,934.43,4.87,1.85,1.52,1459,168.3,53,0.709,,
7481,car,trim_4278,trim_5235,1938.58,-343.68,2192.31,-719.08,4.9,1.71,1.59,1447,152.4,45,0.728,,
7482,car,trim_5680,11187660587,1442.39,-569.59,1916.77,774.63,4.65,1.82,1.4,1140,156.1,58,0.686,,
7483,car,9857350826,trim_4678,-1775.33,32.27,335.52,-1408.68,4.24,1.86,1.62,1567,146.4,22,0.759,,
7484,car,trim_8103,trim_8934,-956.55,794.23,-144.36,653.36,4.61,1.72,1.38,1039,168.1,44,0.734,,
7485,car,trim_5883,11586812694,-2173.33,-1308.78,-30.47,-16.23,4.22,1.86,1.54,1764,158.5,54,0.722,,
7486,car,trim_8593,trim_168,-165.44,-1503.13,334.9,-1002.25,4.87,1.78,1.39,1680,171.8,18,0.786,,
7487,motorcycle,11056361044,trim_5824,1279.78,487.91,-682.14,705.48,1.96,0.78,1.18,247,112.8,72,0.772,,
7488,bus,trim_8960,trim_5366,58.81,-1366.53,1753.6,-296.35,11.12,2.45,3.38,10392,86.3,61,0.661,,
7489,motorcycle,trim_2808,5171030825,-2040.81,441.46,-2244.45,486.27,1.88,0.86,1.33,198,97.7,46,0.861,,
7490,car,trim_2152,trim_5388,1896.16,812.93,1376.76,434.46,4.87,1.89,1.63,1723,156.3,31,0.766,,
7491,car,5170868611,trim_8538,1539.33,-300.83,-1721.54,-1463.89,4.52,1.69,1.56,1556,172.9,80,0.95,,
7492,motorcycle,4227798237,trim_9634,1618.98,-15.44,-1772.78,685.9,1.9,0.71,1.34,124,152.6,39,0.768,,
7493,car,9843135295,2970305328,-1975.21,720.53,1499.98,245.79,4.51,1.85,1.59,1084,161.3,51,0.787,,
7494,car,2970305373,trim_4542,-1022.09,979.05,-592.58,944.82,4.94,1.73,1.52,1488,151.4,22,0.792,,
7495,car,trim_8427,2962837692,-475.69,-712.06,-141.69,-1301.25,5.06,1.72,1.45,1464,160.4,57,0.867,,
7496,car,4225324658,trim_2089,1543.94,82.27,2530.63,857.49,5.08,1.61,1.4,1729,178.3,73,0.92,,
7497,car,trim_5487,2960312483,2263.88,235.31,-1328.17,-4.42,4.38,1.61,1.58,1576,148.0,48,0.844,,
7498,car,2962861559,trim_376,-582.8,-1590.49,-2153.12,66.14,5.07,1.75,1.64,1753,167.4,62,0.816,,
7499,motorcycle,9857625493,trim_4957,-1112.41,-1431.4,251.53,-1473.78,2.01,0.66,1.36,144,125.0,64,0.738,,
7500,car,trim_4398,4225172283,1503.29,838.78,-94.6,-107.15,4.02,1.85,1.56,1857,142.8,52,0.75,,
7501,bus,6202106508,4225352025,1844.69,-924.92,-1005.68,1555.23,12.13,2.51,3.46,9234,99.0,37,0.869,,
7502,motorcycle,trim_5801,2960366922,-2114.87,-720.01,-1665.41,-487.06,2.2,0.88,1.07,136,112.2,19,0.73,,
7503,car,12124279328,trim_7652,-1273.32,-1030.17,233.32,-179.82,4.48,1.81,1.5,1398,152.5,54,0.767,,
7504,car,457280273,11013719605,645.2,-411.79,-2085.55,-1122.66,4.01,1.95,1.41,1290,173.6,21,0.669,,
7505,car,trim_2925,trim_1495,-1847.4,1359.51,-1267.42,-1215.74,4.54,1.81,1.49,1254,161.9,20,0.924,,
7506,car,9168951503,trim_2026,825.89,-1353.65,1541.53,89.87,4.93,1.87,1.42,1793,168.0,51,0.771,,
7507,car,trim_737,9859738811,-1434.62,970.9,-811.56,-644.58,4.83,1.61,1.48,1655,159.7,64,0.874,,
7508,car,trim_3912,4225077471,1720.42,259.83,-1946.2,1144.6,4.23,1.9,1.59,1778,149.9,25,0.833,,
7509,motorcycle,trim_9025,trim_1547,1147.52,-302.1,-999.51,-914.95,2.22,0.8,1.35,131,147.1,73,0.928,,
7510,motorcycle,trim_2085,trim_9650,2544.55,772.22,-1340.51,1271.8,2.28,0.82,1.29,150,94.9,68,0.701,,
7511,car,9843084741,trim_5908,-2228.18,705.24,-1721.72,-1467.27,4.27,1.61,1.51,1253,159.0,57,0.706,,
7512,bus,trim_2148,trim_4706,1880.06,907.72,307.19,-1494.61,9.16,2.57,3.58,11753,89.1,46,0.791,,
7513,car,trim_3178,11491502781,-175.34,318.42,307.18,-1520.06,4.97,1.9,1.38,1666,154.1,56,0.798,,
7514,motorcycle,trim_4590,2960299836,-781.95,780.39,-2097.6,-804.73,2.01,0.66,1.29,230,141.6,79,0.943,,
7515,car,trim_2898,trim_1118,-1840.68,918.34,-1603.14,179.27,4.9,1.62,1.4,1055,174.4,40,0.698,,
7516,car,9852318746,trim_8656,-1476.27,490.52,379.52,-1402.28,4.24,1.93,1.39,1730,170.8,39,0.85,,
7517,car,trim_8066,trim_8286,-1582.71,-1470.78,1453.03,575,4.24,1.88,1.5,1303,146.5,30,0.702,,
7518,car,trim_3963,5170849702,-437.23,919.18,-1230.18,992.74,4.57,1.89,1.48,1287,146.0,44,0.686,,
7519,motorcycle,9858060954,trim_7714,-240.95,503.89,170.8,-809.93,2.29,0.7,1.1,128,118.9,16,0.991,,
7520,car,trim_1382,trim_1610,-2193.72,-608.35,-1370.08,-688.43,4.05,1.64,1.59,1287,149.7,66,0.865,,
7521,car,2970305323,trim_9374,-238.98,109.71,2457.67,-1213.76,4.2,1.88,1.65,1262,164.5,78,0.784,,
7522,car,9852378898,trim_4350,-1985.58,-812.38,1405.88,285.43,4.32,1.73,1.37,1323,145.5,48,0.688,,
7523,car,trim_7531,trim_2560,-423.66,-1342.48,2542.48,769.3,4.44,1.92,1.53,1321,159.4,54,0.679,,
7524,bus,trim_4602,trim_6271,-747.88,848.44,-552.3,-759.31,9.05,2.46,3.51,8295,79.7,79,0.922,,
7525,ambulance,trim_842,12124068326,-1358.69,58.19,-874.05,-1055.48,5.65,2.04,2.43,3730,140.9,70,0.601,a_7018342523,"Lokpriya Hospital, Ghaziabad"
7526,car,11491284392,9843385450,-443.56,-1101.53,-2084.78,1211.56,4.12,1.78,1.61,1786,173.8,72,0.787,,
7527,car,trim_475,trim_1248,-1936.42,250.51,-1659.12,-386.83,4.61,1.88,1.35,1082,141.6,20,0.908,,
7528,car,trim_8454,5170798225,1782.23,617.33,73.53,346.31,4.41,1.92,1.49,1720,147.4,68,0.729,,
7529,car,2960312593,trim_1356,-431.93,-271.03,-2412.27,-223.77,5.02,1.82,1.57,1271,171.2,19,0.823,,
7530,car,trim_4249,trim_4374,1399.94,733.62,2226.33,880.32,4.5,1.95,1.5,1088,152.7,63,0.806,,
7531,motorcycle,8838171106,2970305479,-878.96,-317.13,-731.82,2275.63,2.09,0.77,1.18,253,152.7,31,0.866,,
7532,car,trim_242,trim_9523,1243.93,453.4,1686.1,874.12,5.02,1.78,1.5,1266,146.3,36,0.65,,
7533,car,trim_5604,2960326618,1914.64,-145.47,-2121.59,-240.97,4.52,1.67,1.47,1010,152.1,39,0.883,,
7534,ambulance,trim_7670,trim_6552,-637.34,-490.38,539.44,-1218.62,5.74,2.23,2.45,3076,145.5,20,0.546,a_7018342625,Vardhman Medicare
7535,car,trim_2230,trim_8975,421.06,-697.88,-2151.08,702,4.65,1.85,1.45,1460,147.7,77,0.788,,
7536,car,trim_697,trim_3988,-1436.6,638.78,1673.73,953.21,4.45,1.6,1.36,1644,144.4,50,0.799,,
7537,car,trim_798,4227798210,-1042.6,78.72,1138.08,-67.13,4.24,1.68,1.38,1512,175.4,20,0.907,,
7538,car,trim_6910,9859566833,-1905.41,881.96,728.01,-197.32,4.8,1.62,1.49,1080,154.4,68,0.802,,
7539,car,trim_7438,11983071281,-2433.98,489.76,1132.74,1263.78,4.19,1.68,1.6,1323,145.3,45,0.887,,
7540,car,trim_1410,trim_3272,-2107.94,-603.61,18.12,-386.38,4.78,1.9,1.5,1170,179.1,43,0.781,,
7541,truck,9859738780,12099965336,-1238.06,-981.72,-493.72,1214.9,10.57,2.38,3.02,12422,78.5,61,0.724,,
7542,car,4225077403,9843418616,-2198.76,934.26,1937.18,1249.78,4.41,1.72,1.58,1362,160.8,36,0.697,,
7543,truck,trim_9534,trim_6730,-773.75,-1327.03,-525.15,1042.13,6.43,2.54,3.66,6792,96.3,16,0.952,,
7544,ambulance,12165533318,trim_3314,-1921.36,351.71,-96.69,-303.43,6.31,2.17,2.44,3440,121.1,39,0.659,a_7018738271,Krishna Hospital and Trauma Centre
7545,car,trim_4642,9168850613,-1397.6,1126.57,-1533.34,209.95,5.06,1.64,1.53,1364,160.8,72,0.924,,
7546,car,trim_8202,trim_3947,-1091.12,853.87,1905.61,298.91,4.17,1.85,1.5,1663,151.3,49,0.728,,
7547,car,trim_9214,trim_9425,2031.41,286.46,-545.93,-974.88,4.42,1.76,1.41,1800,171.9,77,0.993,,
7548,car,12128949194,trim_1889,2024.16,837.06,-423.04,-1037.72,4.66,1.66,1.63,1067,145.8,30,0.776,,
7549,car,trim_8071,2960358800,-1581.66,-1535.27,-2039.18,-398.69,4.1,1.66,1.56,1317,150.9,51,0.729,,
7550,car,5170655689,11143290268,1944.56,-62.88,1383.73,771.02,4.18,1.69,1.59,1097,168.8,54,0.863,,
7551,car,trim_4137,9859595984,-566.89,833.7,292.97,-1153.45,4.22,1.61,1.48,1652,145.7,55,0.664,,
7552,car,trim_3746,trim_2650,-633.99,-640.48,1902.37,-1465.29,4.39,1.69,1.43,1190,165.3,23,0.709,,
7553,car,trim_7323,trim_6571,-1298.32,-1154.58,781.85,-1282.2,4.46,1.63,1.58,1230,147.4,32,0.751,,
7554,car,trim_5460,trim_5287,2064.25,4.59,1776.03,-178.44,4.49,1.92,1.64,1030,154.0,24,0.705,,
7555,car,12144024512,trim_3512,1154.84,1187.81,-186.5,369.14,4.95,1.92,1.37,1727,173.5,35,0.76,,
7556,car,4227743854,trim_267,-1206.66,1106.64,218.01,-333.4,4.39,1.69,1.4,1628,143.5,76,0.933,,
7557,car,trim_3259,trim_4053,927.38,-547.29,1025.51,-310.6,4.26,1.8,1.5,1879,177.8,43,0.693,,
7558,car,4224981048,12109637075,-1887.57,738.13,2100.52,1093.77,4.54,1.67,1.63,1026,157.7,31,0.832,,
7559,car,trim_5932,9850223961,167.64,-1502.68,-677.89,2343.25,4.1,1.89,1.46,1206,156.1,72,0.959,,
7560,car,trim_8072,11015839402,2104.49,-873.82,-919.56,-77.38,4.93,1.86,1.52,1171,159.2,56,0.684,,
7561,motorcycle,trim_2709,trim_9646,-1923.76,506.18,-1325.5,1168.93,1.95,0.85,1.23,208,142.6,56,0.681,,
7562,car,trim_5993,trim_7122,2205.99,-1470.3,-2436.6,204.72,4.07,1.84,1.55,1317,161.6,67,0.878,,
7563,car,trim_5699,trim_9267,898.41,-271.15,-2045.65,1076.34,4.77,1.7,1.55,1045,165.8,44,0.805,,
7564,car,4227798376,9843050545,1946.63,303.01,-2209.1,576.63,4.13,1.65,1.37,1810,177.8,78,0.788,,
7565,motorcycle,9852378898,trim_8917,-1985.58,-812.38,2458.33,-1008.52,2.16,0.77,1.28,259,122.9,76,0.835,,
7566,car,2960336800,5170793557,-1169.12,-249.85,72.3,363.37,4.15,1.85,1.49,1003,141.9,46,0.791,,
7567,motorcycle,4224981037,trim_377,-1924.12,714.55,-2048.94,140.43,2.27,0.81,1.2,144,98.7,32,0.795,,
7568,motorcycle,11015845018,trim_4853,-996.75,393.12,243.94,-1166.34,2.26,0.86,1.21,127,117.7,79,0.899,,
7569,car,trim_8581,trim_1469,-247.75,-1031.23,-1424.41,-879.98,5.04,1.62,1.47,1892,142.0,50,0.787,,
7570,car,11491243643,trim_7998,-581.01,-1246.93,24.26,1014.03,5.08,1.89,1.58,1487,151.5,55,0.716,,
7571,car,trim_9018,9854981073,1088.16,165.96,1915.63,-435.5,4.38,1.92,1.57,1672,160.4,53,0.863,,
7572,car,5170655686,9168834903,1852.27,-17.86,-1846.26,1017.74,4.47,1.95,1.57,1285,146.9,58,0.871,,
7573,car,4225077418,trim_1243,-2261.29,989.34,-1452.49,-345.74,4.46,1.93,1.48,1875,177.9,59,0.742,,
7574,ambulance,10206503396,trim_2548,1469.07,101.66,1771.97,653.43,6.34,2.03,2.61,3578,128.5,39,0.472,a_7019130160,Apex Multi Speciality Hospital
7575,motorcycle,2970305126,trim_3370,2023.51,-1091.05,-83.11,568.05,2.28,0.89,1.24,188,91.7,66,0.714,,
7576,car,trim_4358,trim_996,1149.16,733.3,-612.59,-142.64,4.74,1.75,1.56,1442,159.4,16,0.872,,
7577,motorcycle,12130995841,9858060954,-1029.97,232.46,-240.95,503.89,2.05,0.86,1.36,138,154.2,46,0.726,,
7578,car,4225219738,trim_3989,-987.76,-1100.63,1862.46,988.34,4.2,1.73,1.41,1787,165.5,17,0.998,,
7579,car,9843521235,trim_4776,1414.7,532.81,1026.74,255.8,4.38,1.88,1.47,1428,178.5,38,0.732,,
7580,car,2962860489,trim_6857,-347.27,-1001.23,-2418.52,221.78,4.13,1.66,1.37,1231,168.4,50,0.891,,
7581,car,4227743769,9168834912,-748.66,-638.12,-1796.88,998.69,4.51,1.65,1.38,1569,152.5,30,0.85,,
7582,car,trim_3507,trim_412,11.14,-195.01,-2053.93,140.18,4.8,1.93,1.49,1409,147.7,39,0.894,,
7583,car,trim_512,9843057349,-2090.89,-946.97,-2299.9,1283.39,4.1,1.9,1.55,1710,157.4,60,0.884,,
7584,car,trim_6765,3887997663,-548.72,270.89,1569.82,1226.46,4.73,1.76,1.44,1729,161.6,37,0.866,,
7585,car,trim_9112,trim_5505,1692.32,-59.81,2403.36,561.22,4.7,1.73,1.42,1778,165.2,63,0.799,,
7586,car,12129059266,trim_429,2481.23,395.03,-2267.22,182.49,4.61,1.94,1.55,1277,142.5,52,0.796,,
7587,car,trim_3304,trim_619,-72.33,-98.41,-2229.59,503.6,4.82,1.81,1.6,1285,152.9,29,0.698,,
7588,truck,trim_7394,4227743934,-74.11,306.39,-951.94,2034.25,10.52,2.32,3.37,10197,79.7,30,0.864,,
7589,car,5170894034,11909810124,-1042.71,-1584.51,2450.23,-920.85,4.2,1.88,1.45,1501,155.7,42,0.7,,
7590,car,trim_6173,9852405452,-1582.94,-498.21,-2432.86,-334.78,4.37,1.63,1.63,1492,168.5,40,0.777,,
7591,car,4227743701,trim_7784,-917.29,-1279.35,-548.1,-1293.1,4.3,1.82,1.43,1471,174.5,73,0.846,,
7592,car,trim_4047,trim_6021,766.39,51.57,-1428.08,1205.84,4.68,1.76,1.5,1559,145.6,74,0.926,,
7593,ambulance,12278350540,9859736959,2329.45,-1328.29,37.92,82.05,5.8,2.3,2.83,3867,151.8,48,0.463,a_7019995876,Manipal hospital
7594,car,trim_2934,trim_3175,-2094.88,1116.29,-393.16,177.6,4.6,1.93,1.42,1099,179.1,59,0.763,,
7595,ambulance,trim_6834,4225324659,-2019.42,335.94,1890.96,95.62,5.65,2.27,2.47,2729,131.7,37,0.612,a_7019995882,Mittal Hospital and Diagnostic Centre
7596,motorcycle,trim_2571,trim_2238,1674.26,1152.66,-78.99,-443.96,1.86,0.78,1.23,226,148.2,57,0.713,,
7597,car,trim_4556,12131201624,-940.94,1319.5,-760.98,149.03,4.35,1.63,1.63,1074,145.5,62,0.794,,
7598,car,trim_6368,9857249953,2309.37,843.52,-1873.44,-515.31,4.46,1.67,1.52,1676,169.8,48,0.687,,
7599,car,4224981118,9852961428,-2330.15,1331.51,-1438.02,-1212.67,4.65,1.62,1.49,1023,155.0,22,0.823,,
7600,truck,4227743812,5170655698,955.19,647.27,2276.92,-23.78,11.45,2.44,3.39,11594,77.1,45,0.801,,
7601,car,2960299858,trim_7665,-1404.32,-1172.12,-108,25.32,4.58,1.88,1.47,1305,142.5,49,0.81,,
7602,truck,11198935222,trim_6668,-1980.16,-659.56,1309.06,230.09,8.45,2.43,3.24,12844,87.2,60,0.728,,
7603,car,trim_3905,trim_3368,1658.11,314.68,1183.09,-927.01,4.08,1.61,1.52,1356,145.0,56,0.784,,
7604,car,trim_4751,9168911153,-464.4,-1028.54,-1532.55,-217.45,4.3,1.7,1.5,1729,160.3,47,0.853,,
7605,car,trim_7253,trim_2622,-2120.17,-1071.44,-1103.84,742.08,4.27,1.92,1.48,1014,159.5,74,0.916,,
7606,motorcycle,9168861171,trim_9682,-429.85,-380.61,-1631.39,330.89,2.23,0.77,1.34,187,143.1,50,0.715,,
7607,car,2960361589,trim_806,-1372.27,-665.33,-871.78,566.76,4.76,1.71,1.45,1519,149.9,80,0.895,,
7608,motorcycle,trim_9522,trim_4411,1687.02,869.21,2204.05,748.21,2.0,0.67,1.09,253,136.6,72,0.825,,
7609,car,trim_7097,trim_1955,-2023.83,337.12,566.31,1267.45,4.22,1.85,1.5,1599,167.5,59,0.791,,
7610,car,5170823236,trim_5002,1268.55,454.04,1124.33,1455.19,4.74,1.77,1.39,1195,152.0,31,0.874,,
7611,car,11161018542,trim_8348,2202.14,-1482.44,121.06,741.25,4.76,1.7,1.63,1573,158.8,46,0.765,,
7612,car,4227798092,9843050547,1770.66,-483.77,-2215.54,577.75,4.95,1.88,1.5,1430,149.1,24,0.746,,
7613,motorcycle,2970305325,457278266,-189.26,121.93,720.9,407.77,1.89,0.72,1.24,201,106.5,77,0.868,,
7614,car,9857647450,trim_2233,-1004.96,-1117.2,281.19,-617.11,4.41,1.68,1.5,1471,171.5,74,0.778,,
7615,car,trim_1346,trim_5698,-2219.18,-211.43,893.82,-269.17,4.37,1.66,1.45,1274,144.7,60,0.846,,
7616,car,trim_3564,9168934134,850.65,-838.98,2146.02,851.64,4.48,1.62,1.46,1204,160.5,16,0.932,,
7617,car,trim_6353,4227797916,2245.84,1151.44,2304.84,-906.62,4.19,1.87,1.35,1564,168.6,66,0.673,,
7618,car,11586812703,9843135293,-18.92,-28.22,-2022.82,837.61,4.6,1.86,1.52,1684,153.5,16,0.9,,
7619,ambulance,11143288409,trim_9561,1220.92,862.35,-418.85,-569.75,5.99,2.05,2.49,3522,121.3,60,0.468,a_7020926045,Heera Lal Hospital and Heart Care Centre
7620,car,trim_6975,9855373896,2164.92,604,2349.15,-1300.92,4.62,1.75,1.64,1532,168.3,30,0.653,,
7621,car,trim_5054,trim_1863,1936.38,-336.57,-511.79,-618.22,4.15,1.69,1.38,1200,146.4,26,0.73,,
7622,car,9843336866,9859738798,1393.43,1503.68,-497.96,-1229.77,4.69,1.71,1.56,1188,142.6,49,0.809,,
7623,car,trim_2819,11206931704,-2235.63,708.77,2226.76,107.27,4.01,1.6,1.54,1006,152.0,73,0.867,,
7624,car,trim_1911,11006730402,-268.14,-1126,2029.09,-524.41,4.08,1.8,1.51,1646,173.6,69,0.914,,
7625,car,trim_9531,trim_7088,-890.33,-1241.09,-2407.52,511.82,4.77,1.94,1.43,1334,172.3,26,0.872,,
7626,car,9852465875,trim_547,-1872.94,-1551.54,-1391.7,-322.59,4.38,1.67,1.52,1185,158.1,30,0.777,,
7627,car,5170630788,trim_6620,2200.46,340.44,1793.25,-24.52,4.9,1.74,1.39,1889,163.9,69,0.934,,
7628,car,12124282219,9852465893,-1105.88,-1000.85,-1532.49,-1421.39,4.77,1.62,1.49,1300,162.2,27,0.722,,
7629,car,12143652430,trim_4572,-901.51,-1169.13,1645.43,174.68,4.71,1.69,1.45,1810,146.2,28,0.729,,
7630,ambulance,trim_7770,trim_875,-909.51,-525.73,-1315.86,-302.68,5.64,2.2,2.85,3102,152.4,79,0.667,a_7021222684,"Ganesh Hospital, Ghaziabad"
7631,car,9843084747,trim_985,-2321.24,827.93,-695.28,-197.79,5.04,1.77,1.52,1858,143.4,60,0.739,,
7632,car,trim_1988,trim_5519,-292.19,-105.81,2455.04,201.68,4.51,1.67,1.46,1727,163.2,74,0.957,,
7633,bus,9852331986,trim_1543,-406.27,762.52,-1010.9,-950.44,12.18,2.51,3.3,13272,73.0,69,0.939,,
7634,car,trim_4767,9859655302,-1602.49,1225.03,-301.1,-373.81,4.71,1.68,1.58,1194,163.8,54,0.835,,
7635,car,trim_1859,4225351662,-390.34,-677.49,-928.92,697.84,4.64,1.72,1.5,1027,142.1,56,0.691,,
7636,motorcycle,trim_3737,trim_8020,-450.43,-817.46,720.52,632.7,2.07,0.88,1.09,233,155.2,27,0.711,,
7637,car,2970305373,trim_1707,-1022.09,979.05,-126.9,-1465.56,5.03,1.94,1.57,1204,142.9,71,0.76,,
7638,car,2960299900,11909810093,-2207.8,1308.63,2355.26,-975.1,4.63,1.68,1.45,1606,170.7,51,0.802,,
7639,car,trim_8979,trim_6207,-2164.92,717.52,-1320.27,-941.29,4.88,1.62,1.43,1418,147.5,58,0.859,,
7640,car,trim_1232,3004576894,-1466.87,-199.17,656.2,772.43,4.96,1.69,1.35,1707,172.7,68,0.749,,
7641,car,trim_387,9857583764,-2255.9,261.58,-1388.94,-1150.74,4.29,1.68,1.53,1421,178.9,67,0.702,,
7642,car,9843662926,9857996492,2518.56,727.57,-604.71,-270.57,5.0,1.61,1.53,1249,173.7,80,0.947,,
7643,car,9168850610,trim_8039,-1481.18,239.96,-1068.94,487.9,4.16,1.81,1.52,1101,140.0,34,0.853,,
7644,bus,trim_6593,11006815357,1770.63,-634.04,2087.17,-493.67,9.22,2.46,3.01,12010,82.5,69,0.873,,
7645,car,trim_183,trim_7633,354.92,129.04,237.9,-181.81,4.37,1.94,1.53,1331,159.8,58,0.746,,
7646,car,9857647482,trim_83,-737.01,-1082.11,347.55,-737.03,4.08,1.68,1.42,1304,173.3,44,0.861,,
7647,car,trim_9572,trim_5967,1295.89,-1436.01,198.2,987.63,4.26,1.65,1.57,1582,171.2,42,0.742,,
7648,motorcycle,trim_3445,2962837695,-246.18,-20.94,-130.56,-1303.44,2.0,0.72,1.3,234,101.7,70,0.742,,
7649,car,trim_5057,trim_6294,2290.99,-993.73,-392.7,-941.53,4.49,1.91,1.58,1210,143.8,56,0.873,,
7650,car,trim_9092,trim_5717,1578.68,-347.91,-1550.74,790.63,4.74,1.92,1.48,1672,148.0,76,0.935,,
7651,car,9857847224,trim_8280,207.63,-170.7,1839.15,-711.43,4.97,1.68,1.44,1676,141.6,37,0.816,,
7652,car,trim_6330,9168883582,1977.36,1100.17,-685.47,-1269.8,5.08,1.7,1.48,1242,174.9,64,0.817,,
7653,car,trim_2921,2960299911,-1798.16,1304.18,-2249.95,1334.43,4.4,1.62,1.39,1669,176.6,56,0.839,,
7654,car,4225324597,trim_7985,1235.45,-419.44,-597.33,1106.53,4.12,1.65,1.54,1292,153.3,53,0.715,,
7655,car,trim_2662,trim_2511,1558.79,-1639.75,408.93,1446,4.22,1.61,1.57,1331,140.0,39,0.713,,
7656,bus,trim_5897,trim_5157,-1702.34,-1504.71,2314.4,541.95,9.17,2.43,3.58,11043,93.5,41,0.747,,
7657,car,11909810199,trim_220,2372.55,-1155.63,422.74,-43.55,4.42,1.67,1.53,1758,166.0,64,0.757,,
7658,car,12124070351,trim_7998,2169.15,712.58,24.26,1014.03,4.06,1.86,1.58,1244,176.9,68,0.89,,
7659,car,11015540343,9168934140,2250.46,-1249.26,2308.33,858.99,4.45,1.73,1.45,1085,166.5,35,0.824,,
7660,car,2960326218,6928966672,-1103.23,-369.02,-1653.95,-1549.34,5.08,1.78,1.41,1712,163.1,32,0.878,,
7661,car,10264220071,9852938610,2139.61,-812.22,-1240.04,-747.67,4.33,1.71,1.65,1037,152.4,37,0.854,,
7662,car,11498998331,2960336709,601.93,418.22,-941.53,469.33,4.16,1.79,1.41,1439,163.2,51,0.717,,
7663,car,2960361535,trim_5916,-1079.14,-597.93,-1762.51,-1261.23,4.07,1.91,1.45,1477,176.1,77,0.889,,
7664,car,8838171076,trim_5459,-1079.45,-428.16,2053.56,81.49,5.03,1.85,1.6,1814,164.4,54,0.725,,
7665,car,trim_179,11161018542,229.98,78.75,2202.14,-1482.44,4.92,1.64,1.47,1366,167.3,37,0.824,,
7666,car,trim_9032,trim_4508,-1259.33,1149.69,-783.5,1470.26,4.54,1.88,1.64,1523,173.6,80,1.017,,
7667,car,11143288405,12816120849,1502.01,831.28,-413.35,-280.41,4.48,1.91,1.61,1426,145.1,41,0.831,,
7668,car,trim_2156,trim_3957,1920.78,682.08,1766.15,479.94,4.85,1.84,1.36,1619,158.3,52,0.787,,
7669,motorcycle,9843813729,trim_9027,2143.64,732.68,-1509.59,1252.86,1.96,0.68,1.06,122,115.8,55,0.765,,
7670,car,trim_8784,trim_3564,-59.99,-909.8,850.65,-838.98,4.29,1.73,1.42,1611,167.9,50,0.778,,
7671,car,9852436581,trim_3082,-2390.34,-833.38,491.46,-126.38,4.06,1.88,1.59,1200,174.2,79,1.003,,
7672,car,9852976125,trim_778,-1597.77,-417.96,-1149.94,-501.37,4.49,1.78,1.52,1346,142.7,46,0.849,,
7673,car,11245412648,trim_3622,-2210.59,816.41,-466.78,-545.16,4.9,1.73,1.37,1634,171.5,62,0.763,,
7674,car,trim_3868,9860068754,1079.35,-241.46,826.62,-1357.99,5.04,1.66,1.56,1362,141.5,74,0.965,,
7675,car,9854981070,12144093195,2095.77,-582.61,799.63,321.99,4.43,1.94,1.56,1469,178.2,37,0.665,,
7676,car,trim_6230,trim_4622,-1523.53,-1286.1,-639.12,686.87,4.63,1.82,1.39,1134,152.4,40,0.814,,
7677,car,9852348495,9852348504,-1380.2,-81.51,-1449.88,-444.53,4.91,1.85,1.37,1465,170.8,67,0.844,,
7678,car,4224981023,5170822719,-1911.14,681.2,818.9,318.45,4.48,1.72,1.41,1120,177.5,42,0.815,,
7679,car,4227695032,trim_8613,-148.67,1049.56,-653.37,-1181.59,4.32,1.7,1.56,1072,155.8,45,0.701,,
7680,car,trim_5630,9857682484,-78.72,1148.41,-862.49,-685.84,4.8,1.82,1.39,1673,141.6,43,0.857,,
7681,car,trim_3000,trim_2651,-2074.05,889.22,1902.51,-1460.29,4.01,1.93,1.41,1105,163.6,77,0.97,,
7682,car,trim_5577,11307701558,2190.42,393.74,1431.78,-1541.17,4.09,1.79,1.64,1678,174.7,73,0.893,,
7683,bus,trim_3800,trim_7654,-597.22,-919.38,202.92,-170.01,11.67,2.59,3.22,8498,97.1,34,0.674,,
7684,car,trim_1415,trim_5345,-2726.71,99.63,1835.84,-1299.71,5.02,1.81,1.39,1518,144.7,26,0.769,,
7685,car,trim_1255,trim_5314,-1524.06,-399.98,2263.92,-75.03,4.56,1.63,1.55,1024,154.0,17,0.928,,
7686,car,4227798154,trim_3353,1926.39,-234.27,-241.61,-584.91,4.07,1.65,1.46,1333,153.2,62,0.699,,
7687,car,trim_493,4225172201,-1737.3,955.85,1039.66,-611.02,4.01,1.91,1.56,1628,172.6,18,0.741,,
7688,car,trim_8209,4227743696,-2455.22,975.16,328.37,-1321.22,4.83,1.7,1.39,1546,174.1,62,0.792,,
7689,car,9168861186,4227798187,-1138.08,-912.42,2267.19,-126.71,4.68,1.75,1.59,1401,175.8,27,0.661,,
7690,car,trim_7668,trim_7519,-69.2,108.76,-1210.63,-798.03,4.02,1.63,1.58,1633,165.2,16,0.856,,
7691,car,5170868605,trim_4421,1660.69,-365.56,964.7,-112.03,5.09,1.66,1.46,1274,148.0,79,0.97,,
7692,car,trim_4634,trim_4464,1323.32,-1453.83,1743.03,829.36,4.23,1.75,1.6,1359,171.6,65,0.769,,
7693,car,trim_6987,trim_3731,2403.38,863.6,-406.7,-722.18,4.11,1.66,1.6,1198,160.3,48,0.729,,
7694,ambulance,9852391730,trim_8089,-2125.75,-726.85,-1261.29,-1372.95,5.88,2.06,2.83,2954,144.8,78,0.616,a_7021267999,City Central Hospital
7695,car,trim_6931,4225352008,1499.49,1041.39,-1027.69,1345.66,4.9,1.68,1.48,1663,168.8,64,0.824,,
7696,car,trim_1207,trim_4941,-1696.46,-126.86,-1635.2,1252.33,4.64,1.8,1.37,1315,143.8,19,0.895,,
7697,motorcycle,trim_8797,trim_917,-178.36,-231.7,-1217.67,-125.53,2.23,0.88,1.24,122,143.0,63,0.7,,
7698,car,trim_1693,4227798431,103.63,-1415.51,1861.38,417.17,4.63,1.83,1.46,1595,170.9,41,0.806,,
7699,car,trim_7472,trim_3735,1961.56,-999.47,-430.35,-775.46,4.79,1.66,1.42,1335,150.9,51,0.81,,
7700,motorcycle,trim_4091,trim_2369,1461.38,533.36,-1543.92,-1172.85,2.15,0.73,1.39,217,137.8,17,0.783,,
7701,car,trim_3727,trim_2975,-1266.07,-1115.95,-2295.59,1008.57,4.29,1.78,1.47,1856,152.5,74,0.939,,
7702,car,trim_2506,trim_7337,153.45,1535.48,910.09,58.26,5.0,1.84,1.43,1638,166.1,50,0.801,,
7703,car,4225172217,11031789567,1051.96,-505.17,-617.88,-97.91,5.01,1.75,1.58,1556,162.5,68,0.807,,
7704,car,457278264,trim_2040,738.02,143.2,1495.21,-339.09,4.78,1.73,1.57,1173,142.2,56,0.728,,
7705,car,trim_7122,trim_5853,-2436.6,204.72,2331.4,-799.17,5.07,1.88,1.57,1556,152.3,38,0.86,,
7706,car,9859493782,9852465857,416.98,-452.12,-2370.05,-828.88,4.57,1.67,1.45,1074,146.3,66,0.858,,
7707,car,trim_3706,trim_5830,-996.35,-913.24,-827.69,662.5,4.07,1.83,1.4,1395,164.2,39,0.678,,
7708,motorcycle,trim_4736,trim_8535,-1166.27,1093.31,-1015.69,873.82,2.15,0.79,1.2,135,99.0,67,0.727,,
7709,bus,9852168757,trim_6334,-2449.56,495.07,1949.17,1252.21,11.96,2.42,3.11,12972,78.9,17,0.957,,
7710,motorcycle,trim_3941,trim_6414,974.49,-54.79,2363.34,850.92,2.29,0.67,1.22,111,137.1,78,0.809,,
7711,car,trim_6092,trim_2880,-1809.63,867.9,-1804.55,490.56,4.53,1.82,1.51,1268,150.5,19,0.778,,
7712,car,2970305122,trim_5873,2048.22,-1120.22,-1667.55,374.14,4.73,1.93,1.48,1364,151.9,69,0.737,,
7713,car,9880891784,12918589242,1052.16,878.29,-802.32,604.51,4.75,1.69,1.56,1068,145.9,65,0.801,,
7714,ambulance,trim_8447,11061427358,1748.56,785.03,2024.6,613.64,5.82,2.2,2.51,2896,140.2,17,0.732,a_7022093963,Prime Hospital
7715,car,2960312537,9843592175,-1271.59,-68.64,2017.54,621.37,4.83,1.82,1.6,1815,142.6,68,0.896,,
7716,bus,trim_8424,trim_3054,-467.62,-847.58,-143.89,560.13,12.18,2.57,3.1,9085,70.3,53,0.809,,
7717,motorcycle,trim_877,9168861149,-1301.54,-341.05,-1353.23,-55.19,2.05,0.79,1.24,150,95.6,33,0.87,,
7718,car,trim_8594,2960361579,-97.22,-1488.71,-1398.68,-503.62,4.16,1.83,1.39,1450,152.3,19,0.745,,
7719,car,trim_6375,4227798150,2334.97,687.76,1717.52,-249.53,4.23,1.65,1.48,1018,148.3,39,0.849,,
7720,car,trim_4505,trim_196,-932.33,1443.54,716.92,276.38,5.09,1.92,1.59,1450,141.5,49,0.885,,
7721,car,9852465894,trim_1327,-1521.65,-1409.36,-1017.1,-287.85,4.56,1.88,1.57,1125,163.3,70,0.801,,
7722,car,4227798343,trim_8586,2573.74,214.7,-220.08,-1466.89,4.12,1.84,1.45,1879,172.1,17,0.923,,
7723,car,9852168741,4227695020,-2090.11,341.98,203.01,916.13,4.03,1.83,1.63,1180,152.6,79,0.908,,
7724,motorcycle,trim_6197,4225324861,-1348.7,-844.86,2518.37,918.64,2.07,0.78,1.36,145,122.8,62,0.71,,
7725,car,trim_6358,trim_810,2292.76,1312.36,-791.67,579.97,4.74,1.69,1.36,1882,172.3,47,0.899,,
7726,car,7222863951,trim_5559,-971.89,-1445.54,1769.21,-49.84,5.0,1.83,1.55,1665,179.4,41,0.863,,
7727,car,9843433160,trim_7569,1368.96,635.08,-438.8,-1095.2,4.02,1.8,1.51,1261,152.2,43,0.833,,
7728,bus,2960312592,trim_2354,-452.49,-288.83,-1848.68,-921.66,9.56,2.58,3.3,8537,97.4,76,1.004,,
7729,car,trim_26,9908613050,-1022.67,-1591.05,-654.57,-1265.34,4.86,1.73,1.58,1497,179.6,68,0.883,,
7730,car,trim_7290,trim_8005,-1600.37,-490.73,31.16,917.55,4.76,1.73,1.53,1358,177.9,61,0.829,,
7731,car,trim_2084,trim_4045,2545.28,767.28,772.08,177.09,4.53,1.91,1.57,1093,168.6,69,0.704,,
7732,car,11143538270,trim_7242,2153.86,344.4,-2434.78,-335.4,5.06,1.92,1.5,1708,166.2,57,0.734,,
7733,car,trim_9130,9857196229,1833.52,1247.96,-2577.31,40.25,4.78,1.64,1.43,1080,151.1,44,0.825,,
7734,car,4225351994,4225077460,-1005.16,983.64,-2278.94,1087.6,4.08,1.71,1.36,1274,149.0,37,0.689,,
7735,car,12109729956,9852348488,1987.04,1052.15,-1678.71,18.26,4.57,1.69,1.36,1572,179.0,31,0.794,,
7736,car,trim_3922,6925898190,1830.34,149.12,-2005.1,-1436.2,4.73,1.85,1.57,1602,144.1,55,0.888,,
7737,motorcycle,9843170046,4227798506,-1655.75,632.68,1395.48,1505.05,2.16,0.66,1.31,126,134.3,66,0.835,,
7738,motorcycle,trim_4091,trim_6321,1461.38,533.36,1941.47,1327.49,1.85,0.77,1.1,139,139.6,61,0.73,,
7739,car,trim_3235,trim_3708,564.01,294.63,-455.11,-1080.58,4.61,1.7,1.48,1122,168.8,56,0.884,,
7740,car,trim_6623,9854981021,4.5,-1494.71,1759.92,-586.66,4.39,1.77,1.39,1333,144.8,26,0.746,,
7741,car,trim_5798,trim_6676,-1995.15,-817.17,946.33,137.32,4.47,1.71,1.53,1428,175.1,71,0.895,,
7742,car,trim_5972,trim_6581,231.35,1018.27,542.51,-1222.56,4.05,1.8,1.49,1223,157.9,60,0.858,,
7743,motorcycle,4224980827,trim_7238,-2179.08,406.59,-2299.81,-94.95,2.02,0.86,1.3,126,137.9,40,0.863,,
7744,car,trim_8347,2960300013,-70.63,684.7,-1558.88,689.07,4.97,1.63,1.4,1322,153.4,33,0.896,,
7745,car,trim_3809,trim_5142,-1093.74,-1201.67,2205.95,301.92,5.07,1.8,1.4,1796,166.0,76,0.919,,
7746,car,trim_2022,4225219828,1514.44,180.61,-457.84,-532.16,4.72,1.82,1.6,1306,170.9,74,0.899,,
7747,car,trim_2872,trim_2301,-1914.21,469.1,2695.38,1184.39,5.06,1.68,1.58,1703,160.8,64,0.686,,
7748,car,9852378899,trim_4918,-2031.72,-886.03,-1608.49,1126.27,4.08,1.67,1.51,1821,159.0,75,0.994,,
7749,car,trim_2499,11187660596,-217.44,1420.97,1901.73,811.44,4.33,1.82,1.48,1234,153.8,43,0.718,,
7750,car,457278263,trim_2041,732.23,-10.1,1492.65,-343.39,5.04,1.91,1.44,1366,147.2,57,0.662,,
7751,car,trim_4615,trim_7014,-379.56,966.84,-2373.76,753.88,4.5,1.65,1.61,1358,170.4,50,0.765,,
7752,car,trim_6306,trim_4730,-1078.18,-1542.45,338.74,-1386.15,4.37,1.85,1.42,1284,145.0,68,0.68,,
7753,car,9852290907,trim_2718,275.94,1127.43,-2302.51,706.68,4.82,1.7,1.49,1771,166.7,32,0.708,,
7754,motorcycle,trim_6273,trim_6177,-561.23,-779.93,-1759.14,-678.22,1.89,0.77,1.13,183,148.3,61,0.758,,
7755,car,2970305120,12123907739,2061.11,-1137.08,-753.04,-475.81,4.45,1.67,1.59,1769,166.2,23,0.805,,
7756,motorcycle,9854981051,trim_9293,2006.36,-422.96,-1630.23,1218.49,1.84,0.82,1.33,242,96.7,70,0.822,,
7757,car,12526741197,9857332625,1238.86,1676.53,2497.29,-593.03,4.58,1.82,1.39,1837,153.4,29,0.814,,
7758,car,trim_9031,6928966667,-1264.38,1173.1,-1558.17,-1557.89,4.02,1.6,1.44,1183,169.5,45,0.866,,
7759,car,2962838434,9852976123,-153.12,-953.26,-1580.34,-422.55,4.12,1.62,1.55,1424,171.6,73,0.887,,
7760,car,trim_512,trim_6615,-2090.89,-946.97,2195.94,-121.83,4.99,1.84,1.58,1330,140.8,74,0.899,,
7761,car,trim_8916,trim_151,2152.14,-788.6,404.68,-741.86,4.4,1.77,1.58,1138,143.4,34,0.784,,
7762,car,trim_5325,trim_2021,2266.68,233.08,1498.19,254.86,5.05,1.81,1.44,1711,161.0,31,0.839,,
7763,car,11491066042,trim_7768,-308.39,-1495.77,-977.78,-522.55,4.59,1.77,1.56,1694,158.2,54,0.677,,
7764,car,trim_6549,trim_3806,563.52,-1136.65,-754.9,-797.05,4.46,1.61,1.4,1830,165.3,72,0.787,,
7765,car,11983071281,trim_781,1132.74,1263.78,-1324.78,-462.19,4.56,1.63,1.51,1572,179.9,32,0.839,,
7766,car,trim_3197,6202106488,244.36,594.76,1623.96,-712.54,4.95,1.7,1.51,1452,175.5,19,0.92,,
7767,motorcycle,2960299861,trim_4553,-1256.22,-761.63,-941.64,1286.35,1.87,0.89,1.32,174,145.7,35,0.689,,
7768,car,12124253950,trim_5039,2070.18,729.41,1928.01,-65.53,4.89,1.7,1.51,1210,147.0,61,0.676,,
7769,car,5170679559,trim_1664,-1309.49,773.56,-2271.24,4.61,4.13,1.89,1.59,1542,168.6,68,0.794,,
7770,car,trim_5041,9859525124,1911.51,-95.56,-514.84,308.32,4.02,1.83,1.44,1274,161.9,20,0.791,,
7771,car,4225219759,trim_1594,-650.24,-1036.16,-1436.69,-491.23,4.09,1.78,1.41,1588,153.8,49,0.759,,
7772,car,trim_2062,trim_8878,1314.98,1462.05,2469.32,-918.88,5.1,1.74,1.51,1483,169.0,57,0.872,,
7773,car,trim_1169,trim_8657,-1815.71,106.25,509.45,-1536.73,4.8,1.74,1.35,1873,173.0,52,0.845,,
7774,car,9857647474,trim_6833,-723.39,-1251.15,-2024.34,335.08,5.03,1.67,1.36,1611,144.3,77,0.868,,
7775,car,trim_4240,trim_2712,1976.48,155.69,-1906.32,419.39,4.91,1.67,1.59,1273,176.7,77,0.81,,
7776,car,trim_6494,4227798098,264.09,-41.78,1615.01,-479.76,4.4,1.64,1.45,1728,160.3,18,0.771,,
7777,car,trim_3452,trim_2510,1333.72,-790.75,534.25,1263.95,4.64,1.95,1.53,1009,144.4,37,0.745,,
7778,car,11491162938,trim_2515,-200.67,-1076.33,428.98,1326.47,4.75,1.6,1.63,1092,163.3,73,0.91,,
7779,ambulance,trim_3457,trim_8104,-1343.29,-416.9,-939.47,796.35,6.45,2.17,2.65,3111,154.5,20,0.586,a_7025117453,Pannalal Shyamlal Hospital
7780,car,9857647515,trim_9053,-562.64,-1413.58,-1726.54,1429.12,4.72,1.89,1.6,1814,177.5,75,0.794,,
7781,car,trim_1831,trim_809,-75.37,-929.28,-796.6,579.15,4.53,1.67,1.44,1609,161.8,80,0.984,,
7782,car,trim_3573,11206931704,630.24,-728.86,2226.76,107.27,4.28,1.74,1.58,1256,173.2,42,0.803,,
7783,car,9852961443,4223620634,-1353.32,-439.62,-2452.75,-681.14,4.84,1.7,1.39,1441,163.7,44,0.652,,
7784,car,trim_1754,2960336743,7.66,-1490.84,-1417.47,369.2,4.14,1.7,1.41,1144,172.1,46,0.692,,
7785,bus,trim_4695,trim_1811,1264.44,103.62,-4.94,-1036.5,12.09,2.41,3.36,11294,81.5,36,0.684,,
7786,car,9852243282,trim_6558,-1300.22,771.69,513.56,-1113.69,4.27,1.75,1.37,1786,147.7,28,0.721,,
7787,car,trim_3787,trim_4018,-1301.87,-1155,1375.1,642.44,4.43,1.81,1.52,1135,154.3,42,0.891,,
7788,car,trim_9615,trim_1721,-328.88,-301.77,-182.01,-1348.51,4.7,1.82,1.44,1277,171.6,21,0.725,,
7789,car,trim_948,trim_2021,-655.14,-348.45,1498.19,254.86,4.37,1.67,1.44,1089,177.0,23,0.677,,
7790,bus,trim_3639,12098285450,-600.02,-973.35,-1496.87,1256.91,10.6,2.41,3.33,10592,87.8,62,0.715,,
7791,motorcycle,trim_2750,trim_5404,-2380.58,663.76,707.57,1472.8,2.26,0.66,1.12,170,111.2,26,0.725,,
7792,car,trim_8185,trim_4766,-1947.55,-1457.75,-1615,1220.9,4.5,1.89,1.61,1073,179.7,56,0.727,,
7793,car,trim_4865,trim_1457,786.13,640.99,-1625.47,-795.92,4.87,1.63,1.48,1456,168.4,78,0.955,,
7794,car,trim_3964,trim_9433,-438.05,924.11,1143,-381.1,4.87,1.81,1.37,1800,174.9,72,0.832,,
7795,motorcycle,2962860513,trim_3166,-251.13,-1126.29,632.61,161.93,2.24,0.78,1.32,159,146.1,26,0.82,,
7796,car,9168951459,trim_7973,652.14,-973.71,-1003.78,396.79,4.65,1.84,1.39,1774,157.3,70,0.899,,
7797,car,5170630784,trim_2181,2214.63,245.31,-39.15,-739.51,4.96,1.69,1.64,1473,146.0,51,0.756,,
7798,car,11491475011,trim_4714,261.06,-1108.61,-223.36,-933.67,4.44,1.72,1.54,1060,156.5,59,0.653,,
7799,car,9843433156,trim_8757,1231.16,746.45,-1964.72,-1490.84,4.97,1.91,1.58,1012,166.2,67,0.687,,
7800,car,2962837656,4225172240,-154.76,-1225.13,43.17,-416.39,4.77,1.9,1.36,1418,158.1,45,0.725,,
7801,car,trim_2635,2960300005,-1156.46,682.56,-1505.49,969.96,4.02,1.78,1.47,1172,177.7,68,0.878,,
7802,car,trim_3241,trim_5687,-243.9,544.31,2099.77,-1196.1,4.15,1.94,1.36,1403,158.3,37,0.673,,
7803,car,trim_7902,9857682434,89.31,759.55,-466.91,-934.87,4.63,1.69,1.57,1667,169.8,56,0.793,,
7804,car,6928966665,trim_51,-1569.47,-1472.77,88.37,256.26,4.43,1.87,1.52,1055,142.6,32,0.74,,
7805,bus,trim_4360,4227798386,1227.09,745.8,1973.24,330.52,9.36,2.42,3.18,12153,96.2,52,0.694,,
7806,car,trim_3654,trim_4949,-1279.66,-1236.09,-1388.01,1344.34,4.35,1.82,1.48,1815,144.5,29,0.841,,
7807,car,trim_6446,4227743827,1819.25,329.18,-1338.17,904.2,4.42,1.6,1.6,1396,143.7,32,0.899,,
7808,car,5170798240,trim_4236,116.5,85.83,1932.66,202.68,4.3,1.93,1.5,1815,154.7,26,0.651,,
7809,car,11499317438,trim_4035,-225.16,1110.19,-252.12,-689.41,4.22,1.8,1.37,1218,152.5,59,0.703,,
7810,car,11499313286,4227798217,-393.84,1013.55,2042.34,-53.03,4.12,1.77,1.57,1130,157.3,80,0.824,,
7811,car,trim_2065,trim_1531,1033.46,1415.2,-1073.01,-1138.04,4.81,1.77,1.65,1508,143.6,41,0.747,,
7812,car,trim_7645,9843168323,198.77,-125.33,-1570.93,750.75,4.73,1.78,1.53,1222,173.9,72,0.872,,
7813,car,trim_8114,trim_8386,-560.1,776.59,-465.91,-405.81,4.43,1.68,1.62,1603,145.3,25,0.773,,
7814,car,2960361569,trim_7911,-1459.76,-614.66,-1377.51,427.73,4.93,1.67,1.5,1196,143.7,57,0.836,,
7815,car,9857583759,trim_4548,-1312.6,-1086.23,1276.45,-369.78,4.36,1.79,1.59,1251,147.4,31,0.893,,
7816,car,trim_275,9843398602,171.43,-476.85,1560.74,1135.17,4.6,1.94,1.4,1473,171.3,28,0.715,,
7817,car,9843687279,9859748037,2252.95,839.52,-179.78,-736.94,4.91,1.62,1.55,1829,151.3,47,0.702,,
7818,car,trim_293,2970305117,-82.55,-443.2,2158.32,-1247.36,4.35,1.85,1.55,1799,147.7,51,0.723,,
7819,car,trim_5218,9861682127,1200.75,-106.43,-1484.43,-1146.36,4.67,1.66,1.65,1463,166.0,30,0.854,,
7820,car,trim_2073,trim_3716,1067.78,773.03,-573.37,-807.94,4.98,1.89,1.53,1624,163.9,50,0.833,,
7821,car,2960361540,trim_6179,-1137.58,-574.33,-1661.91,-703.59,4.59,1.86,1.47,1900,146.4,43,0.75,,
7822,car,trim_5474,trim_3237,2377.31,44.59,548.08,411.4,4.11,1.93,1.49,1462,142.5,43,0.722,,
7823,car,12596352742,trim_2068,841.66,115.48,983.52,1405.92,4.47,1.91,1.53,1064,151.5,16,1.022,,
7824,car,trim_4039,trim_2832,740.72,496.86,-2313.67,1240.46,4.11,1.7,1.45,1176,159.5,20,0.71,,
7825,car,trim_2856,9857826582,-1897.97,630.35,98.79,-274.98,4.79,1.63,1.59,1008,155.8,53,0.659,,
7826,car,9843992519,9852405455,-2262.57,1124.07,-2369.58,-326.26,5.1,1.66,1.54,1529,162.9,64,0.851,,
7827,car,11983071274,9852371325,1125.96,1265.58,-1683.88,-567.42,4.25,1.93,1.38,1692,154.6,75,0.861,,
7828,car,11909810154,trim_6468,2078.8,-495.52,1590.3,483.2,4.22,1.79,1.5,1033,176.6,19,0.87,,
7829,car,trim_6361,trim_2933,2182.92,824.93,-1529.85,945.84,4.41,1.65,1.58,1009,149.7,42,0.823,,
7830,motorcycle,12124070351,trim_6068,2169.15,712.58,-1466.63,236.59,2.24,0.68,1.13,195,147.8,29,0.838,,
7831,motorcycle,11586812705,trim_4984,-23.19,-32.47,1701.89,-391.07,2.2,0.8,1.15,204,114.8,80,1.027,,
7832,car,trim_5690,4225324646,1948.56,-1013.19,1058.74,14.28,4.09,1.66,1.38,1890,143.0,21,0.788,,
7833,car,2960312518,trim_9533,-1278.62,-399.92,-836.81,-1283.92,4.0,1.81,1.52,1833,155.5,63,0.8,,
7834,car,trim_3509,trim_8615,6.86,-175.81,-319.03,-1142.91,4.25,1.74,1.38,1243,142.3,28,0.725,,
7835,motorcycle,9843437524,9168946298,2177.92,1353.68,1597.22,256.54,2.25,0.87,1.33,169,118.2,35,0.852,,
7836,motorcycle,4224981029,9852961423,-1962.96,701.68,-1405.19,-1185.89,1.95,0.77,1.06,182,132.0,58,0.693,,
7837,car,trim_8844,9857987897,2485.22,-1145.48,-377.71,328.1,5.03,1.69,1.53,1491,157.7,45,0.792,,
7838,car,trim_3238,trim_7248,-260.15,610.94,-2290.57,-924.9,4.05,1.74,1.44,1624,153.0,75,0.757,,
7839,car,11173445524,9859736949,-1585.23,-385.99,46.03,114.33,4.38,1.92,1.45,1681,156.7,59,0.724,,
7840,car,trim_9680,trim_6252,-1619.21,335.28,-579.31,-1234.24,4.78,1.75,1.51,1568,148.9,51,0.726,,
7841,car,4225172470,trim_712,344.48,620.76,-1325.69,828.82,4.86,1.91,1.45,1521,177.5,24,0.789,,
7842,car,trim_920,trim_3847,-1274.75,-175.84,-584.12,-1044.49,4.44,1.89,1.54,1681,148.4,41,0.73,,
7843,car,7121512682,trim_6101,208.61,2240.51,-1089.53,643,5.08,1.63,1.38,1813,150.4,28,0.746,,
7844,car,trim_7050,9857249969,-2431.14,1248.8,-1796.22,-673.83,4.86,1.79,1.4,1839,153.6,68,0.682,,
7845,car,3887993354,trim_4608,1680.26,1168.74,-405.39,1124.06,4.62,1.86,1.41,1790,165.8,75,0.942,,
7846,car,9857196231,trim_3055,-2659.46,159.15,-114.69,565.16,5.07,1.67,1.54,1133,156.4,21,0.689,,
7847,motorcycle,trim_974,trim_5717,-721.5,-165.06,-1550.74,790.63,2.12,0.67,1.29,176,140.0,27,0.705,,
7848,car,9850223962,trim_8574,-841.06,1826.31,137.89,-1426.36,4.96,1.64,1.39,1035,160.0,55,0.658,,
7849,car,trim_9608,trim_2490,-636.93,146.28,103.13,1153.88,4.64,1.89,1.45,1652,141.7,47,0.666,,
7850,car,trim_2347,trim_9613,-2204.98,-635.61,-340.92,-284.14,4.35,1.79,1.61,1143,161.0,34,0.696,,
7851,motorcycle,9843127280,2960336733,-1521.53,564.53,-1316.23,386.2,1.99,0.68,1.07,185,148.5,65,0.662,,
7852,car,9843437539,trim_6158,2521.52,1369.05,-1340.39,-696.09,4.45,1.68,1.6,1857,143.6,65,0.899,,
7853,car,trim_1567,11302966227,-1228.04,-533.72,882.25,1041.75,4.67,1.65,1.48,1155,160.0,63,0.861,,
7854,car,trim_7077,trim_1592,-2139.78,791.93,-1424.42,-623.74,4.51,1.91,1.43,1838,169.9,16,0.931,,
7855,car,trim_5443,2960299861,1651.5,-409.25,-1256.22,-761.63,4.9,1.78,1.38,1541,145.0,34,0.752,,
7856,motorcycle,3353401662,trim_3245,-1127.18,-1514.56,-288.18,411.73,1.97,0.76,1.11,216,153.5,71,0.828,,
7857,bus,11031789567,9168951498,-617.88,-97.91,864.33,-1298.06,11.87,2.46,3.49,13692,91.0,75,0.875,,
7858,car,7222863949,trim_609,-1040.38,-1407.55,-2465.03,223.73,4.56,1.62,1.4,1485,160.4,36,0.732,,
7859,motorcycle,trim_7960,trim_789,-454.99,916.23,-886.32,-149.21,2.0,0.76,1.1,154,153.1,61,0.722,,
7860,car,4227798429,9168861166,1949.77,415.98,-1034.97,-83.99,4.4,1.62,1.48,1364,155.2,38,0.852,,
7861,car,trim_4626,trim_4698,-840.17,908.46,1190.61,148.61,4.4,1.75,1.58,1299,153.4,24,0.716,,
7862,car,trim_5547,trim_8353,1133.68,1435.03,-188.55,366.27,4.65,1.68,1.43,1890,163.8,60,0.707,,
7863,bus,trim_2168,trim_8724,719.43,-204.92,-353.78,658.1,11.02,2.57,3.06,11881,80.9,47,0.662,,
7864,car,9852168747,trim_6042,-2054.88,362.13,-1552.23,585.02,4.79,1.73,1.59,1237,148.3,45,0.817,,
7865,motorcycle,trim_4496,2960299870,-762.9,1348.21,-1590.73,128.85,2.01,0.68,1.09,153,115.5,26,0.778,,
7866,ambulance,trim_6748,trim_2339,49.96,593.71,-2156.58,1493.95,5.93,2.14,2.55,3323,146.7,76,0.585,a_7025924014,Rizvi Surgical Centre
7867,car,9857750393,trim_466,-392.89,-507.81,-2181.05,12.7,4.5,1.73,1.57,1270,172.6,21,0.803,,
7868,car,trim_2310,12109637076,653.59,849.85,2231.56,1118.59,4.57,1.64,1.59,1589,171.2,45,0.718,,
7869,motorcycle,9843119615,trim_4629,-1556.28,1038.74,1787.59,-881.48,2.13,0.8,1.34,116,93.4,55,0.866,,
7870,car,trim_8108,2962837659,-861.2,807.86,-146.63,-1227.61,4.39,1.62,1.57,1386,147.7,79,1.026,,
7871,car,11015711797,4227743656,-1020.87,707.27,402.45,-1524.67,4.65,1.71,1.58,1209,151.1,67,0.691,,
7872,car,2962838436,4227743928,-154.91,-948.1,-982.33,1971,4.35,1.78,1.49,1888,147.7,19,0.935,,
7873,car,4227743708,trim_2419,1454.79,-1203.36,-327.19,1402.71,4.43,1.92,1.42,1639,142.9,76,0.764,,
7874,car,trim_1057,trim_4757,-865.66,134.87,-1559.79,1035.77,4.03,1.9,1.41,1046,172.7,51,0.667,,
7875,car,9168850582,trim_5681,-1686.15,778.1,1291.79,-480.84,5.0,1.82,1.48,1039,155.5,37,0.882,,
7876,car,trim_3674,12107569871,-716.32,-658.7,430.87,-100.7,4.52,1.75,1.48,1751,165.8,79,0.795,,
7877,car,trim_9109,trim_1839,1821.93,90.85,-162.06,-867.17,4.55,1.7,1.4,1310,165.9,20,0.9,,
7878,car,9852465875,trim_8251,-1872.94,-1551.54,-179.14,-775.42,4.58,1.65,1.63,1620,147.4,31,0.68,,
7879,motorcycle,trim_3088,trim_6244,-370.32,139.23,-1362.5,-1336.09,2.2,0.86,1.25,242,142.5,21,0.796,,
7880,car,11140291067,trim_4405,-2079.08,-323.91,2135.36,767.89,4.18,1.65,1.47,1574,156.5,51,0.737,,
7881,car,trim_4415,9853262769,2374.19,782.11,1240.65,423.27,4.04,1.82,1.58,1633,163.7,53,0.851,,
7882,car,trim_1115,9843408912,-1422.46,222.77,2217.63,1298.65,4.93,1.65,1.35,1056,149.1,57,0.846,,
7883,motorcycle,2960299841,trim_3007,-2038.59,-1157.92,-1917.15,1157.33,2.21,0.88,1.38,241,114.1,43,0.688,,
7884,car,4224981118,trim_4454,-2330.15,1331.51,1734.71,122.93,5.02,1.78,1.61,1182,173.0,21,0.681,,
7885,car,trim_3926,4225077508,1851.54,127.63,-1815.76,1322.39,4.93,1.77,1.44,1575,176.6,70,0.738,,
7886,car,trim_7360,11777944689,1982.42,-494.73,687.38,707.36,4.36,1.8,1.44,1590,172.8,50,0.77,,
7887,car,trim_7635,4227743930,277.92,-202.52,-1245.82,1993.33,4.7,1.83,1.56,1379,169.1,79,0.959,,
7888,car,4225172443,2970305453,-299.34,506.47,-188.83,2107.41,5.09,1.84,1.54,1481,170.7,49,0.817,,
7889,car,trim_6818,12143983137,319.71,749.86,1089.16,605.5,4.72,1.92,1.54,1302,158.2,17,0.84,,
7890,car,6928966900,11775194482,-1626.62,-1310.92,113.05,-1610.93,4.1,1.94,1.54,1412,163.4,27,0.676,,
7891,car,trim_3530,trim_997,1193.36,-585.16,-615.53,-138.6,4.69,1.84,1.42,1686,160.9,42,0.803,,
7892,car,trim_9353,12130429768,865.09,803.06,-1422.62,786.77,4.04,1.75,1.38,1078,164.4,63,0.856,,
7893,car,trim_9374,trim_5674,2457.67,-1213.76,1381.61,-505.55,4.38,1.69,1.58,1785,149.5,17,0.923,,
7894,car,2970305132,9852436598,1912.13,-947.86,-2305.62,-842.81,4.92,1.74,1.54,1527,176.0,51,0.89,,
7895,car,2962861572,10187672626,-644.07,-1491.58,-16.05,953.65,5.09,1.86,1.52,1504,146.2,33,0.854,,
7896,car,trim_7479,trim_9208,-1333.07,229.39,1585.93,828.84,4.88,1.9,1.52,1888,167.6,70,0.747,,
7897,car,6928966893,5170791983,-1732.56,-1441.61,-1659.68,709.26,4.26,1.84,1.49,1430,166.3,59,0.678,,
7898,motorcycle,trim_8334,trim_6084,-371.73,760.44,-1903.05,1001.38,1.91,0.79,1.27,160,111.1,26,0.897,,
7899,car,trim_6579,trim_389,954.17,-1214.08,-2228.41,203.39,4.43,1.81,1.57,1259,148.8,53,0.715,,
7900,car,2960312590,9852348501,-536.65,-345.31,-1492.7,243,4.53,1.76,1.61,1261,147.6,37,0.689,,
7901,motorcycle,2960312482,9168861174,-1427.72,19.67,-742.22,-584.18,1.94,0.79,1.21,226,158.5,57,0.876,,
7902,car,9843135291,trim_1776,-2003.79,893.29,126.66,-1332.62,4.34,1.67,1.51,1385,161.2,36,0.76,,
7903,car,trim_5846,trim_858,-899.62,879.07,-1157.75,-22.23,5.02,1.73,1.61,1419,162.2,24,0.661,,
7904,ambulance,11498996006,9843418612,572.66,231.17,2038.14,1271.41,5.62,2.07,2.54,3665,126.3,44,0.501,a_7027732228,"Brij Medical Centre, Ghaziabad"
7905,car,trim_9153,trim_6086,-1175.96,-193.86,-1844.45,919.44,4.41,1.84,1.43,1454,146.8,65,0.847,,
7906,car,trim_926,trim_3052,-1109.06,181.68,-241.05,542.32,4.17,1.72,1.56,1259,165.8,25,0.676,,
7907,car,9168850603,4219134363,-1342.19,408.7,415.69,-1839.88,4.93,1.77,1.51,1413,175.8,68,0.915,,
7908,car,trim_988,trim_7248,-718,-165.68,-2290.57,-924.9,4.4,1.84,1.44,1087,153.3,53,0.766,,
7909,car,11633748069,trim_997,2.77,255.03,-615.53,-138.6,4.81,1.86,1.59,1017,141.5,41,0.65,,
7910,motorcycle,2960361534,trim_5472,-1076.95,-595.19,2333.54,38.56,1.97,0.68,1.28,159,96.9,38,0.782,,
7911,car,trim_6619,trim_6474,1811.89,4.18,1558.64,291.64,4.31,1.71,1.6,1443,171.1,80,1.047,,
7912,motorcycle,trim_5733,9168881203,-2404.15,-746.19,2187.85,632.14,2.01,0.84,1.06,211,152.7,80,0.876,,
7913,car,2960326537,trim_2310,-1432.38,370.75,653.59,849.85,4.41,1.73,1.51,1726,142.8,67,0.827,,
7914,car,5170679566,trim_7783,-1344.13,795.05,-589.39,-1268.81,5.06,1.66,1.61,1028,162.2,30,0.702,,
7915,car,11423219229,trim_2866,-723.59,1874.13,-2170.8,997.95,4.86,1.64,1.5,1118,161.7,67,0.671,,
7916,car,trim_3594,4225172436,-276.96,349.22,-66.17,486.82,4.46,1.79,1.5,1690,171.2,79,0.936,,
7917,car,9857987914,5170633532,-138.43,37.89,2239.66,308.24,4.1,1.67,1.63,1117,156.3,38,0.72,,
7918,truck,trim_7777,trim_2495,383.91,-1356.56,-142.06,1432.36,6.18,2.59,3.64,8127,80.1,62,0.746,,
7919,car,4227798186,trim_8964,1002.32,-130.91,92.25,-1395.97,4.87,1.64,1.64,1669,178.9,47,0.873,,
7920,motorcycle,9861682117,trim_8850,-2147.98,291.39,2458.71,-1017.17,1.87,0.9,1.39,160,101.4,23,0.854,,
7921,car,trim_3699,5170815482,-864.95,-1058.04,-1049.81,-1569.27,4.39,1.8,1.41,1768,168.0,60,0.664,,
7922,car,11491066028,4227743760,-171.03,-1506.73,-692.12,-890.13,4.5,1.68,1.35,1162,175.2,65,0.878,,
7923,car,trim_8786,trim_7795,-651.02,860.43,482.94,-1171.88,4.38,1.92,1.57,1582,157.0,76,0.853,,
7924,car,trim_323,trim_1747,426.87,753.89,-58.08,-1392.96,4.28,1.78,1.51,1122,168.4,80,0.913,,
7925,car,trim_7748,trim_233,-979.85,-519.9,966.29,379.36,4.07,1.68,1.58,1079,164.1,37,0.702,,
7926,car,trim_7339,trim_2511,1281.74,150.61,408.93,1446,4.75,1.85,1.6,1252,178.8,53,0.732,,
7927,car,2962838289,13843996342,147.85,-1312.55,1304.8,-232.56,4.16,1.75,1.56,1002,174.4,73,0.933,,
7928,car,trim_2831,trim_9654,-2315.21,1235.71,-1351.72,1354.72,4.01,1.76,1.56,1262,165.9,32,0.84,,
7929,car,trim_9059,trim_8151,-1787.59,1263.22,-2458.88,-966.14,4.54,1.64,1.63,1334,162.9,35,0.83,,
7930,car,10308512103,4227798187,-1237.78,-1343.36,2267.19,-126.71,4.1,1.79,1.53,1285,143.5,71,0.894,,
7931,motorcycle,11491162932,trim_1666,-183.94,-1092.8,-581.2,-1684.79,1.97,0.68,1.4,242,135.8,64,0.878,,
7932,car,9843408906,trim_7240,2490.8,1386.94,-2351.07,-0.41,4.5,1.94,1.64,1802,151.2,67,0.846,,
7933,car,trim_4094,trim_5986,2260.14,1069.8,349.12,478.53,4.79,1.72,1.46,1282,142.5,50,0.708,,
7934,car,trim_7341,trim_6372,1793.15,351.22,2107.55,719.66,4.3,1.65,1.45,1008,161.4,24,0.67,,
7935,car,9168934133,trim_6171,2301.6,987.58,-1698.52,-643.52,4.63,1.69,1.56,1753,174.4,17,0.942,,
7936,car,trim_603,trim_8961,-2210.25,1283.65,78.15,-1384.08,4.41,1.69,1.4,1270,146.1,35,0.84,,
7937,car,trim_2543,9852378899,-760.02,1346.17,-2031.72,-886.03,4.72,1.85,1.48,1153,159.2,53,0.844,,
7938,car,trim_7247,trim_3786,-2219.78,-827.33,-1315.05,-1171.28,4.35,1.81,1.56,1784,162.2,41,0.882,,
7939,car,trim_6156,trim_9098,-1551.38,-609.31,1774.43,93.24,4.18,1.63,1.52,1409,174.6,26,0.663,,
7940,car,trim_1856,trim_118,-314.19,-709.75,-691.17,538,4.49,1.75,1.41,1035,172.9,70,0.806,,
7941,car,trim_8505,trim_3851,-115.98,-1082.35,-615.94,-1095.46,4.71,1.93,1.45,1328,168.1,25,0.788,,
7942,car,trim_1705,trim_4611,-97.06,-1423.23,-431.38,899.44,4.91,1.72,1.6,1418,175.8,72,0.76,,
7943,motorcycle,trim_9687,trim_1007,1937.94,-644.06,-928.39,-83.54,2.0,0.78,1.27,193,145.4,60,0.68,,
7944,car,9855691378,trim_5668,1913.05,56.26,388.8,-1115.26,4.03,1.83,1.53,1804,156.2,72,0.779,,
7945,car,9168850580,9857583760,-1696.96,790.86,-1310.78,-1085.41,4.59,1.6,1.51,1004,143.7,78,0.973,,
7946,car,trim_6472,trim_1748,1669.21,214.35,-36.38,-1364.56,4.54,1.7,1.35,1072,144.9,62,0.759,,
7947,motorcycle,trim_1882,trim_8212,-411.06,-1113.46,-2482.77,972.89,1.92,0.81,1.39,230,91.8,50,0.786,,
7948,car,9853276950,trim_4904,1655.71,249.29,-1390.14,1341.34,4.77,1.83,1.41,1542,171.5,44,0.858,,
7949,car,2960336766,trim_73,-1297.76,200.53,556.55,-757.85,4.97,1.69,1.38,1257,156.2,66,0.729,,
7950,car,trim_8171,trim_7107,1950.24,-621.18,-1269.34,1244.92,4.1,1.72,1.38,1103,152.8,72,0.884,,
7951,car,trim_5665,trim_3022,587.25,-706.24,-1398.34,1364.61,4.73,1.86,1.43,1606,143.9,24,0.697,,
7952,car,trim_1755,trim_5726,-168.97,-1503.8,-1473.71,683.4,4.97,1.6,1.52,1065,140.1,68,0.859,,
7953,car,trim_5738,3004576913,-2402.96,-741.33,647.5660602306848,816.2788518475362,5.09,1.68,1.56,1598,164.7,78,0.811,,
7954,car,trim_6048,n_9708,-1513.21,557.96,1308.4913959594169,-472.66016536556515,4.95,1.75,1.64,1053,171.7,65,0.893,,
7955,car,trim_4306,trim_4508,1717.56,693.84,-783.5,1470.26,4.38,1.94,1.46,1409,170.1,33,0.784,,
7956,motorcycle,2960361477,trim_3165,-1414.02,-876.13,509.9,280.58,1.82,0.86,1.31,139,100.8,60,0.895,,
7957,motorcycle,trim_3028,trim_2277,-1246.33,1408.17,1404.9,936.75,2.0,0.78,1.38,194,149.5,56,0.654,,
7958,motorcycle,4225324896,3840470113,2312.86,1084.76,-166.66,1586.7,2.26,0.84,1.07,259,124.8,46,0.749,,
7959,car,trim_5615,trim_8626,2486.5,-670.28,212.57,-1212.87,4.45,1.95,1.49,1061,165.2,21,0.74,,
7960,car,9168965295,trim_3785,968.62,157.64,-1318.09,-1175.24,4.55,1.67,1.62,1734,152.4,41,0.876,,
7961,car,4225324896,trim_485,2312.86,1084.76,-1795.45,1205.5,4.53,1.93,1.37,1287,157.2,17,0.893,,
7962,car,trim_36,trim_3199,-892.29,565.8,258.49,518.18,4.62,1.82,1.45,1820,147.5,78,0.96,,
7963,car,2960361583,13997721308,-1370.91,-577.75,1918.98,-659.95,4.49,1.64,1.63,1616,176.0,57,0.793,,
7964,car,12107569871,9854981045,430.87,-100.7,2046.93,-449.4,4.33,1.72,1.61,1204,168.4,31,0.687,,
7965,car,13968415822,trim_337,-1624.02,332.01,-1301.79,577.44,5.1,1.91,1.52,1101,150.2,36,0.772,,
7966,ambulance,5170798229,trim_4576,73.41,470.38,1669.6,210.54,6.4,2.1,2.65,3220,144.1,57,0.525,a_7031610785,"Sunetra Eye, Laser and Dental Care Centre"
7967,motorcycle,trim_1238,9852333186,-1463.53,-200.56,262.58,864.43,2.07,0.85,1.38,179,102.9,49,0.679,,
7968,car,trim_727,9857625464,-1603.76,796.84,-1172.21,-763.28,4.65,1.81,1.43,1240,161.0,56,0.883,,
7969,truck,trim_8850,trim_1089,2458.71,-1017.17,-843.97,-223.07,9.52,2.32,3.0,9340,70.4,79,1.037,,
7970,car,trim_3955,4227797907,1806.58,412.87,2088.31,-987.24,4.03,1.95,1.52,1849,148.6,22,0.658,,
7971,motorcycle,trim_4152,11158326322,-600.22,1108.66,396.66,-1117.36,2.03,0.71,1.16,194,132.1,38,0.862,,
7972,car,12141479864,9852391723,-2152.66,872.12,-2109.18,-950.4,4.91,1.85,1.47,1447,142.7,37,0.738,,
7973,car,trim_8933,2962860495,-1515.67,-1277.18,-417.86,-1171.26,4.08,1.73,1.5,1651,178.1,58,0.71,,
7974,car,trim_7154,5170630787,-2322.66,285.68,2202.63,325.03,4.67,1.79,1.46,1535,148.8,30,0.853,,
7975,motorcycle,trim_7682,trim_7786,-656.83,-86.17,-547.27,-1296.49,1.94,0.8,1.19,135,146.3,40,0.892,,
7976,car,trim_7086,trim_1967,-2376.81,542.44,174.6,1201.56,4.08,1.72,1.38,1493,179.3,17,0.783,,
7977,car,trim_9111,trim_7267,1689.53,-63.96,-2255.55,-770.07,4.69,1.73,1.43,1289,163.8,78,0.991,,
7978,car,trim_1050,trim_4051,-831.64,75.64,902.79,-260.46,4.72,1.79,1.45,1580,169.5,40,0.899,,
7979,car,9857826582,2970305363,98.79,-274.98,103.88,845.75,4.98,1.83,1.55,1016,170.0,27,0.732,,
7980,car,9844249452,trim_6378,-2130.24,781.51,2164.95,607.69,4.89,1.92,1.63,1006,178.2,68,0.909,,
7981,car,2962838276,trim_8600,-140.49,-1478.87,-162.48,-983.92,4.42,1.66,1.5,1531,158.9,27,0.893,,
7982,car,2962838290,6928966908,150.23,-1309.17,-1729.01,-1342.77,4.65,1.89,1.37,1265,173.2,68,0.704,,
7983,car,trim_3028,9859748020,-1246.33,1408.17,452.25,-1238.28,4.61,1.84,1.57,1332,171.5,23,0.676,,
7984,car,9988275081,trim_9591,-323.06,873.32,-1265.97,-794.53,4.97,1.95,1.47,1097,156.6,36,0.811,,
7985,car,trim_1029,4227798483,-1005.64,101,2200.31,571.04,4.94,1.6,1.55,1366,179.9,21,0.848,,
7986,car,12096791262,trim_1263,1101.35,78.16,-1385.39,254.9,4.74,1.85,1.62,1507,169.3,68,0.789,,
7987,car,9168951503,trim_4069,825.89,-1353.65,-403.31,1126.95,4.02,1.62,1.49,1254,173.5,42,0.83,,
7988,car,11983071276,trim_1990,1137.34,1258.05,-224.44,-70.66,4.72,1.72,1.59,1437,170.1,59,0.662,,
7989,car,trim_37,9859738812,-890.26,561.23,861.2,-971.3,4.14,1.9,1.6,1247,166.3,44,0.656,,
7990,car,trim_814,trim_3903,-624.41,610,1610.9,357.23,4.29,1.84,1.6,1252,160.4,38,0.72,,
7991,car,trim_8578,9903339254,-248.26,-1032.3,-50.42,759.05,5.08,1.82,1.41,1377,145.9,76,0.93,,
7992,motorcycle,11983071057,trim_1825,1043.23,1263.94,-116.39,-882.32,2.2,0.8,1.09,216,105.6,51,0.835,,
7993,car,4225324665,5170849681,957.62,114.1,-1336.54,979.08,4.19,1.91,1.36,1513,154.7,17,0.924,,
7994,car,trim_6102,trim_6860,-1128.37,635.72,670.19,683.95,4.4,1.92,1.49,1255,161.6,80,0.902,,
7995,car,trim_6449,trim_5742,1775.17,374.26,-1781.98,-993.43,5.09,1.79,1.48,1220,179.9,46,0.807,,
7996,car,trim_7736,trim_8156,-621.91,154.01,1917.29,-630.06,4.07,1.73,1.42,1530,170.6,39,0.896,,
7997,car,12096799139,trim_1743,1097.52,231.33,-148.92,-1377.77,4.63,1.61,1.65,1644,156.0,29,0.741,,
7998,car,trim_6033,trim_2660,-1400.55,1128.43,1800.4,-1750.98,4.54,1.94,1.58,1144,166.8,42,0.896,,
7999,truck,trim_4895,4224980881,-1235.1,1281.8,-2187.65,553.06,9.75,2.38,3.31,12228,89.7,71,0.937,,
8000,car,trim_7428,trim_1039,-2434.1,-222.78,-834.48,218.26,4.01,1.68,1.36,1345,171.1,22,0.826,,
8001,bus,trim_4850,trim_75,-378.81,-913.63,577.56,-701.97,10.12,2.43,3.48,10435,71.1,66,0.668,,
8002,motorcycle,11865304951,trim_2916,-2205.6,-1293.39,-1731.83,1238.62,2.21,0.74,1.29,161,132.6,41,0.857,,
8003,motorcycle,trim_6157,3887993347,-1313.05,-661.14,1728.67,1162.79,2.11,0.75,1.13,257,147.2,38,0.797,,
8004,truck,12129317339,9857987898,1870.7,264.29,-87.68,352.89,7.56,2.52,2.94,10335,81.3,48,0.705,,
8005,car,4227798196,trim_3044,2110.72,-101.63,-426.88,264.67,4.64,1.77,1.4,1373,179.8,71,0.739,,
8006,car,trim_5121,trim_6242,2040.38,-233.31,-1283.53,-1232.93,4.49,1.9,1.57,1581,142.5,31,0.803,,
8007,car,trim_8616,trim_2799,-392.06,-1199.4,-1758.18,440.54,4.96,1.85,1.63,1577,162.0,24,0.753,,
8008,truck,5170798228,trim_1064,71.7,450.97,-942.02,56.5,9.51,2.47,2.76,12148,71.6,59,0.745,,
8009,car,2960326602,11498996008,-1847.41,32.53,369.61,374.46,4.18,1.64,1.49,1246,141.4,72,0.939,,
8010,car,9857583747,trim_1140,-1330.17,-697.95,-1066.22,485.83,4.99,1.66,1.49,1686,177.3,24,0.698,,
8011,car,trim_1916,trim_5297,-307.09,-1297.81,1848.16,127.22,4.97,1.74,1.44,1875,173.0,30,0.716,,
8012,car,11206944294,trim_2770,1801.48,-43.7,-2448.12,444.54,4.3,1.79,1.62,1759,143.3,75,0.829,,
8013,car,trim_3282,trim_8063,-486.73,243.38,-1752.95,-1386.16,4.97,1.78,1.64,1621,178.7,23,0.866,,
8014,bus,trim_3159,trim_7844,703.24,193.76,1993.19,1032.07,12.24,2.51,3.1,8666,97.0,21,0.692,,
8015,car,trim_4358,trim_5382,1149.16,733.3,2101.68,90.57,4.26,1.7,1.61,1877,144.6,16,0.843,,
8016,motorcycle,trim_8153,9859736958,-1902.39,-1390.23,38.57,84.52,1.91,0.68,1.19,205,130.1,33,0.687,,
8017,car,trim_982,9859738796,-643.11,-271.52,-432.34,-1280.07,5.05,1.93,1.49,1667,163.9,78,1.012,,
8018,car,9843992522,11143615612,-2243.62,1213.06,2353.77,240.04,4.27,1.8,1.62,1200,176.1,17,0.808,,
8019,car,trim_9372,trim_3531,1504.13,170.29,1197.66,-587.7,4.6,1.71,1.39,1241,141.6,33,0.683,,
8020,car,4225172230,trim_2788,25.89,-446.71,-1947.11,745.4,5.05,1.86,1.47,1019,150.8,80,0.985,,
8021,car,trim_6618,trim_2920,2007.88,78.72,-1774.65,1280.11,4.76,1.81,1.54,1869,163.7,38,0.766,,
8022,car,3840470138,trim_8629,487.78,1551.1,379.5,-1338.76,4.67,1.61,1.59,1241,152.6,39,0.654,,
8023,car,trim_9676,trim_3449,-1515.67,399.65,1516.57,-623.82,4.85,1.87,1.57,1897,145.3,37,0.855,,
8024,car,trim_9419,trim_2703,-660.85,-443.58,-2250.3,681.03,4.18,1.86,1.45,1519,147.6,78,0.852,,
8025,car,trim_5597,trim_5716,2115.71,345.24,-1548.5,795.1,4.29,1.63,1.41,1488,170.1,20,0.908,,
8026,ambulance,trim_87,trim_1774,698.92,-45.68,78.39,-1284.47,6.41,2.1,2.53,2785,120.4,58,0.689,a_7033516100,Sarvodaya Hospital and Research Centren
8027,car,trim_5600,9168881194,2195.8,355.55,2065.62,565.8,4.16,1.69,1.42,1691,175.6,38,0.893,,
8028,car,trim_2004,2960336803,-149.13,130.08,-1160.39,-251.28,4.43,1.93,1.64,1757,152.2,73,0.789,,
8029,car,trim_2108,trim_2427,261.08,-165.34,-636.97,1433.93,4.82,1.7,1.42,1794,149.3,64,0.884,,
8030,truck,trim_3117,trim_2975,-78.6,11.92,-2295.59,1008.57,7.1,2.41,2.79,15351,93.0,24,0.799,,
8031,car,5170849694,4225324725,-1575,860.73,1302.26,390.35,4.75,1.67,1.56,1236,152.0,34,0.843,,
8032,car,4227797929,trim_6334,1802.1,-744.44,1949.17,1252.21,4.86,1.7,1.55,1053,146.7,78,0.83,,
8033,car,trim_906,trim_1162,-1335.69,-58.82,-1709.53,26.19,4.56,1.93,1.54,1691,169.0,47,0.68,,
8034,car,trim_2569,9852333177,1692.7,1143.98,107.48,755.84,4.85,1.85,1.42,1712,172.5,59,0.723,,
8035,motorcycle,trim_387,9852465852,-2255.9,261.58,-2190.15,-842.19,2.21,0.88,1.34,111,101.1,71,0.902,,
8036,car,trim_2426,trim_2053,-452.84,1377.13,-642.97,1263.91,4.87,1.8,1.38,1430,178.2,16,1.011,,
8037,car,trim_2752,trim_7263,-2299.29,708.34,-2282.78,-766.21,4.78,1.77,1.54,1694,179.6,39,0.896,,
8038,motorcycle,trim_7670,2960312441,-637.34,-490.38,-960.36,-536.21,1.8,0.66,1.26,236,97.7,22,0.663,,
8039,car,9859748018,trim_5925,601.32,-999.07,-1056.78,-1379.5,4.62,1.66,1.58,1829,147.9,77,0.898,,
8040,car,trim_9521,trim_8457,1695.6,823.69,1887.03,635.09,4.98,1.64,1.5,1758,157.0,52,0.894,,
8041,car,trim_7428,5170798251,-2434.1,-222.78,204.35,-216.44,4.96,1.92,1.4,1253,145.6,61,0.881,,
8042,car,6294257367,trim_322,-2516.79,-861.13,431.78,754.81,4.41,1.68,1.49,1513,178.0,27,0.729,,
8043,car,trim_8019,trim_3870,695.16,776.22,1108.35,-230.51,5.07,1.66,1.56,1774,154.4,41,0.886,,
8044,car,trim_4760,trim_793,292.86,-1272.34,-996.83,11.79,4.25,1.62,1.46,1477,159.3,55,0.714,,
8045,car,trim_7656,trim_7138,-145.08,98.39,-2340.61,269.08,4.24,1.69,1.4,1262,176.3,67,0.685,,
8046,car,9843135289,trim_3141,-2008.15,891.44,1329.86,-791.11,4.66,1.78,1.4,1807,173.5,18,0.744,,
8047,car,9168883518,11909810176,-1608.26,-834.5,2346.55,-921.61,4.25,1.94,1.64,1867,157.4,23,0.801,,
8048,motorcycle,9857682501,2960299840,-752.47,-634.43,-2059.92,-1130.74,2.17,0.76,1.07,218,90.8,50,0.677,,
8049,car,trim_8550,trim_7984,-1532.76,-1312.61,-924.6,555.1,4.24,1.72,1.5,1731,154.8,38,0.701,,
8050,car,trim_394,9843437522,-2131.57,31.77,2053.44,1337.35,4.55,1.63,1.39,1495,172.4,31,0.838,,
8051,motorcycle,trim_3658,5170655693,-1231.84,-1274.1,2086.02,-47.77,2.28,0.82,1.27,127,95.9,51,0.76,,
8052,motorcycle,trim_7563,5170799981,-423.02,-1034.26,2154,519.71,2.08,0.87,1.05,144,130.6,29,0.83,,
8053,car,4227743874,trim_5737,-1188.69,1192.99,-2389.92,-682.89,4.37,1.77,1.52,1435,162.0,28,0.78,,
8054,car,trim_74,trim_6899,575.79,-706.65,-2259.67,1363.56,4.14,1.79,1.47,1728,148.0,66,0.696,,
8055,car,trim_6980,9857249942,2478.46,597.54,-1463.77,278.08,4.32,1.64,1.38,1900,166.8,41,0.826,,
8056,car,trim_3968,trim_4397,-451.75,1006.03,1498.36,837.98,4.62,1.65,1.46,1275,169.0,19,0.794,,
8057,car,trim_4317,4227797907,1511.06,789.71,2088.31,-987.24,4.86,1.74,1.56,1078,147.3,18,0.742,,
8058,truck,trim_1216,9168953548,-1646.25,-70.77,189.26,-1559.09,10.51,2.53,3.77,13179,97.4,70,0.838,,
8059,car,trim_2828,trim_275,-2340.19,1144.01,171.43,-476.85,4.92,1.8,1.58,1269,174.6,69,0.931,,
8060,car,trim_1273,trim_2883,-1262.82,415.52,-2200.99,684.95,5.07,1.81,1.6,1874,162.5,36,0.78,,
8061,car,9843368473,11909810180,-1670.36,547.71,2385.89,-861.68,4.24,1.67,1.56,1578,162.1,59,0.855,,
8062,car,1680194602,2970305132,-2052.1,173.95,1912.13,-947.86,4.35,1.88,1.5,1276,166.2,36,0.739,,
8063,car,7218290613,4225219789,2417.15,1425.06,-594.54,-857.33,4.35,1.79,1.61,1634,171.4,44,0.801,,
8064,car,trim_4176,trim_1658,1933.3,817.76,-2002.38,-49.05,4.24,1.94,1.41,1191,173.9,24,0.726,,
8065,car,9168850581,trim_4015,-1693.47,784.39,1586.8,823.92,4.73,1.94,1.37,1241,170.8,24,0.802,,
8066,car,5170868612,2960312472,1755.5,-420.34,-1245.23,35.96,4.45,1.63,1.53,1403,167.5,47,0.676,,
8067,motorcycle,11168960893,trim_9051,580.61,1099.58,-1748.33,1448.86,1.89,0.81,1.16,159,126.0,70,0.884,,
8068,car,2962861566,trim_3659,-650.31,-1607.9,-1105.89,-1353.77,4.13,1.84,1.65,1657,178.8,29,0.68,,
8069,car,9168883592,trim_4489,-593.05,-1464.17,-980.69,879.64,4.13,1.61,1.44,1303,146.4,54,0.81,,
8070,motorcycle,trim_8349,trim_7116,-25.26,715.8,-2383.28,269.75,1.86,0.89,1.32,253,157.1,21,0.882,,
8071,car,trim_6716,trim_4447,1030.33,1417.18,1334.99,630.86,4.12,1.62,1.54,1703,176.8,40,0.654,,
8072,car,trim_5549,9843556954,1126.33,1458.09,1895.12,540.59,4.38,1.77,1.37,1287,161.5,23,0.712,,
8073,car,trim_6036,trim_2314,-1494.43,1054.4,682.58,684.77,4.23,1.64,1.62,1527,165.6,74,0.759,,
8074,car,trim_8427,trim_4190,-475.69,-712.06,1723.66,-345.52,4.46,1.73,1.48,1853,157.4,35,0.789,,
8075,car,trim_1462,trim_3008,-1305.31,-898.18,-1798.42,1206.98,4.68,1.8,1.58,1526,168.5,59,0.757,,
8076,truck,9857583754,trim_7588,-1338.44,-1115.38,-514.61,-797.04,8.37,2.49,2.94,8566,99.7,29,0.733,,
8077,car,trim_9582,4225219832,-1332.59,-447.19,-408.06,-478.97,4.29,1.77,1.44,1053,141.2,64,0.851,,
8078,car,457278267,4225324874,702.81,554.95,2030.94,980.31,4.22,1.82,1.61,1352,151.2,44,0.841,,
8079,car,trim_6749,trim_5193,36.74,663.62,1580.28,-456.95,4.24,1.95,1.6,1006,152.3,60,0.844,,
8080,motorcycle,trim_3529,trim_8501,955.14,-452.4,-122.92,-1145.41,2.29,0.78,1.11,157,150.5,64,0.778,,
8081,car,trim_9588,9168850596,-1303.73,-901.22,-1560.91,565.02,4.75,1.79,1.59,1207,143.5,67,0.72,,
8082,car,trim_2619,trim_7086,-1412.01,632.16,-2376.81,542.44,4.55,1.79,1.62,1239,142.6,35,0.678,,
8083,car,6673295938,trim_6174,-700.47,580.98,-1581.49,-493.42,4.07,1.87,1.46,1784,165.0,79,0.926,,
8084,car,trim_5963,trim_4406,243.18,1009.42,2136.45,763.01,4.14,1.87,1.57,1177,140.6,43,0.816,,
8085,car,trim_2685,12096819276,-2223.73,-635.18,1138.6,-306.6,4.69,1.64,1.44,1317,152.5,35,0.777,,
8086,car,2960326606,7249090940,-1897.06,-10.09,268.47,1032.99,4.77,1.64,1.39,1030,163.6,17,0.995,,
8087,car,trim_129,trim_4279,170.75,-813.94,1934.49,-346.52,4.75,1.84,1.62,1633,147.9,16,0.975,,
8088,car,trim_9525,9843050539,1678.98,911.87,-2371.51,849.81,4.54,1.94,1.4,1152,144.9,29,0.691,,
8089,bus,9857682479,trim_4280,-572.59,-663.19,1800.7,-456.88,9.18,2.58,3.6,13756,94.8,55,0.65,,
8090,car,trim_5591,trim_5853,1788.17,-185.83,2331.4,-799.17,4.25,1.73,1.5,1698,179.7,29,0.72,,
8091,car,trim_7746,trim_6663,-979.06,-475.04,1114.81,-6.16,4.03,1.88,1.46,1723,167.5,41,0.655,,
8092,motorcycle,trim_7418,trim_3608,-2123.73,-1071.66,-653.21,-771.14,2.12,0.66,1.23,182,134.9,69,0.891,,
8093,car,trim_2926,5170798263,-1745.91,1002.2,91.15,656.31,4.97,1.68,1.4,1118,147.7,51,0.861,,
8094,car,trim_8912,9855691339,2285.95,-996.03,2500.13,416.78,4.9,1.84,1.49,1277,159.4,17,0.857,,
8095,car,trim_1531,9860055102,-1073.01,-1138.04,-1116.94,-1431.52,4.21,1.94,1.44,1088,162.8,30,0.839,,
8096,car,trim_6395,trim_1125,2088.58,593.03,-1429.76,376.02,4.8,1.63,1.51,1132,176.8,68,0.84,,
8097,car,trim_3286,trim_2786,-529.41,385.35,-2322.99,573.32,4.91,1.91,1.58,1572,169.8,69,0.726,,
8098,car,trim_3485,4225219747,462.34,-646.39,-472.84,-1061.99,4.21,1.77,1.49,1893,164.0,61,0.74,,
8099,car,10247991633,trim_8063,-422.11,585.37,-1752.95,-1386.16,4.96,1.7,1.51,1097,148.7,50,0.727,,
8100,motorcycle,4225351662,trim_5435,-928.92,697.84,2105.29,-877.33,1.91,0.88,1.15,199,158.5,38,0.662,,
8101,motorcycle,trim_1702,trim_584,-143.45,-1443.15,-1709.4,602.98,2.19,0.81,1.23,259,122.8,80,0.929,,
8102,car,9859639818,trim_8418,-443.62,-291.66,-365.89,-887.4,5.08,1.91,1.37,1162,156.2,61,0.672,,
8103,car,trim_1841,trim_3265,-179.48,-893.42,-131.8,347.31,4.06,1.89,1.4,1681,152.1,19,0.803,,
8104,car,9852414800,trim_5802,-2479.07,-810.08,-2118.82,-716.94,4.9,1.61,1.57,1793,175.6,29,0.848,,
8105,car,trim_4770,13737256533,-592.27,1465.84,-1731.1,612.82,4.39,1.67,1.64,1789,160.2,18,0.759,,
8106,car,2960300020,9857215634,-1033.08,773.4,-2386.1,-172.13,4.06,1.92,1.6,1265,150.3,32,0.68,,
8107,car,trim_6587,9843692464,781.42,-1285.86,2110.43,901.65,4.29,1.84,1.57,1163,144.0,19,0.784,,
8108,truck,trim_4664,trim_1387,-1563.99,1240.87,-2196.94,-494.45,8.36,2.35,3.23,6720,95.8,54,0.84,,
8109,car,12165533325,9852378909,-1293.56,452.7,-1953.61,-1023.86,4.53,1.65,1.49,1385,163.8,62,0.806,,
8110,car,trim_6356,11143538273,2302.33,1263.51,2141.05,139.93,4.05,1.69,1.42,1754,165.7,75,0.825,,
8111,car,9859601719,trim_619,-1033.64,-438.61,-2229.59,503.6,4.27,1.91,1.54,1558,164.8,22,0.77,,
8112,car,trim_1938,trim_1839,-443.85,-1433.24,-162.06,-867.17,4.05,1.76,1.44,1421,149.8,78,0.834,,
8113,car,trim_8785,trim_7176,1844.8,630.47,-2208.2,56.17,4.03,1.8,1.62,1522,166.6,27,0.78,,
8114,car,3887993322,12130800901,1486.66,1124.54,-1056.82,473.41,4.93,1.83,1.51,1291,142.6,48,0.823,,
8115,car,2960312588,11079279978,-572.25,-371.34,2029.59,500.54,4.95,1.73,1.57,1350,163.3,22,0.661,,
8116,car,9168881193,trim_6085,2082.1,582.75,-1900.09,997.35,4.77,1.91,1.42,1144,143.8,61,0.681,,
8117,car,trim_1286,5049369466,-1354.01,333.05,-12.81,-836.07,4.68,1.84,1.43,1757,155.7,73,0.901,,
8118,car,trim_2233,trim_3010,281.19,-617.11,-1741.48,1231.86,4.83,1.77,1.44,1697,140.7,62,0.883,,
8119,car,trim_7031,1680212832,-2383.79,662.05,-1715.81,679.09,4.72,1.79,1.44,1441,177.4,22,0.845,,
8120,car,9857987871,trim_84,-755.76,-504.33,287.82,-864.59,4.89,1.82,1.52,1625,154.5,72,0.888,,
8121,car,trim_2933,trim_1991,-1529.85,945.84,-220.03,-68.31,4.64,1.9,1.38,1560,142.6,78,0.794,,
8122,car,trim_4023,trim_8749,1232.04,794.88,-334.78,1457.49,4.93,1.74,1.53,1096,172.5,76,0.905,,
8123,car,trim_9655,trim_183,-1354.16,1372.82,354.92,129.04,4.62,1.91,1.52,1352,150.7,27,0.707,,
8124,car,4227798185,trim_3706,2158.47,-135.53,-996.35,-913.24,4.41,1.65,1.55,1664,172.8,23,0.808,,
8125,car,trim_8236,trim_6941,-2305.39,-757.6,2059.64,1274.52,4.82,1.72,1.36,1121,144.4,46,0.855,,
8126,car,4227798507,trim_2733,1263.83,1541.71,-2249.75,1219.1,4.82,1.72,1.52,1534,163.4,48,0.656,,
8127,car,trim_7008,9844249456,-2334.36,884.33,-2236.6,1432.31,4.97,1.94,1.43,1126,161.6,27,0.758,,
8128,car,trim_8975,trim_9543,-2151.08,702,-891.54,-1137.72,4.91,1.82,1.41,1342,144.9,18,0.796,,
8129,car,trim_9466,trim_8542,100.04,-1143.72,-788.78,805.4,4.37,1.82,1.49,1509,173.5,63,0.675,,
8130,car,trim_7436,trim_7792,-2035.29,399.51,572.34,-983.84,4.12,1.79,1.41,1629,148.6,19,0.844,,
8131,car,trim_7159,trim_1122,-1850.17,304.64,-1526.95,261.34,4.51,1.85,1.36,1848,157.2,32,0.719,,
8132,ambulance,4225172303,9857583734,-330.65,-12.37,-1105.95,-366.65,5.81,2.02,2.58,3875,153.8,23,0.65,a_7035329353,"Manav Hospital, Ghaziabad"
8133,car,trim_2216,trim_2854,2075.69,-1116.91,-1906.19,662.41,4.75,1.81,1.54,1512,162.9,51,0.865,,
8134,car,trim_915,9859596009,-1257.53,-17.47,-963.43,-446.64,4.88,1.86,1.56,1556,160.9,38,0.746,,
8135,car,4225170881,trim_8362,1277.79,-845.77,-1453.74,-349.11,5.01,1.95,1.59,1519,170.2,64,0.762,,
8136,car,9859601718,trim_9068,-1035.16,-436.94,-1694.87,747.6,4.72,1.73,1.65,1035,171.8,38,0.796,,
8137,car,2960361583,trim_3081,-1370.91,-577.75,490.83,-131.34,5.0,1.77,1.42,1531,178.1,60,0.837,,
8138,car,trim_6678,trim_8913,937.79,108.36,2274.61,-1000.93,4.13,1.74,1.49,1799,160.9,66,0.779,,
8139,car,2970305321,trim_5272,-273.69,96.95,2135.83,466.74,4.98,1.85,1.58,1112,164.0,39,0.661,,
8140,car,trim_1764,9859639832,-93.67,-1488.51,-553.43,-379.66,4.34,1.84,1.42,1256,157.8,48,0.676,,
8141,car,trim_1926,9855373894,-423.84,-1346.02,2295.77,-1271.62,4.83,1.75,1.41,1731,152.1,54,0.883,,
8142,car,trim_3948,trim_2012,1902.16,302.53,-406.92,2.93,4.04,1.66,1.36,1160,142.7,41,0.857,,
8143,car,4219134335,trim_4117,-25.03,-2261.24,977.8,446.29,4.84,1.91,1.43,1051,153.4,74,0.781,,
8144,car,9843556960,trim_3199,2538.41,856.2,258.49,518.18,4.35,1.66,1.61,1544,170.0,18,0.856,,
8145,car,9852465872,trim_799,-1845.6,-1502.92,-1054.34,97.15,4.06,1.95,1.49,1462,175.7,17,0.877,,
8146,car,trim_7433,trim_2930,-2327.44,-135.87,-1668.57,1017.13,5.02,1.87,1.41,1116,160.3,26,0.821,,
8147,car,2960299962,2970305130,-1588.19,511.01,1898.37,-964.52,4.22,1.95,1.45,1164,169.7,29,0.739,,
8148,car,trim_8761,2970305268,-4.92,-1382.75,68.64,-405.58,4.21,1.81,1.53,1455,143.9,19,0.716,,
8149,car,4225324623,2962837654,843.08,-167.16,-160.77,-1227.49,4.87,1.87,1.61,1751,150.8,24,0.702,,
8150,car,12109729956,trim_1388,1987.04,1052.15,-2202.07,-445.06,4.85,1.73,1.47,1477,178.2,80,0.989,,
8151,car,trim_6579,trim_502,954.17,-1214.08,-1659.85,626,4.67,1.81,1.55,1650,141.6,75,0.83,,
8152,car,trim_2574,trim_8119,1540.15,1036.5,-548.34,694.9,4.6,1.63,1.37,1481,164.6,27,0.752,,
8153,car,7222863946,12143948737,-1053.7,-1388.27,1046.4,955.67,4.96,1.85,1.51,1496,175.0,29,0.829,,
8154,car,2970305132,2960299981,1912.13,-947.86,-1388.15,743.8,4.12,1.94,1.38,1214,167.1,20,0.707,,
8155,motorcycle,9859493780,11056361039,416.79,-457.21,1245.11,475.04,2.21,0.72,1.37,247,143.8,41,0.699,,
8156,car,trim_9221,trim_7696,1589.06,439.96,-323.46,-60.45,5.04,1.89,1.37,1792,158.4,58,0.728,,
8157,car,11268542566,trim_7758,-1722.97,-1233.64,-501.69,-352.25,4.47,1.65,1.5,1888,162.1,68,0.814,,
8158,motorcycle,trim_2027,trim_8386,1543.04,85.1,-465.91,-405.81,1.86,0.77,1.11,118,137.1,34,0.873,,
8159,car,4224981008,trim_6777,-1860.32,622.06,597.95,420.13,4.34,1.69,1.53,1679,156.1,69,0.827,,
8160,car,trim_7026,trim_8016,-2355.78,753.51,-1129.97,-889.97,5.02,1.62,1.47,1130,172.9,18,0.817,,
8161,car,4225077475,trim_2186,-1780.18,1154.04,-344.6,-313.49,4.69,1.79,1.55,1822,141.7,44,0.735,,
8162,car,9852436584,trim_3899,-2195.81,-1005.5,1110.91,-6.52,4.49,1.74,1.36,1744,174.7,57,0.665,,
8163,car,trim_8079,11491162933,-496.08,1226.74,-187.16,-1091.99,5.09,1.84,1.58,1072,179.0,79,0.838,,
8164,car,11633748069,trim_4758,2.77,255.03,-1243.48,988.42,4.27,1.76,1.63,1827,150.0,26,0.665,,
8165,car,trim_6501,trim_9211,249.68,11.1,1978.04,225.75,4.78,1.82,1.63,1752,163.1,61,0.816,,
8166,car,trim_5093,9857115613,2186.32,60.06,-2317.26,-1057.29,4.12,1.6,1.5,1020,161.8,64,0.7,,
8167,car,11909810094,trim_6075,2353.17,-970.38,-1899.26,1000.39,4.13,1.61,1.45,1121,158.5,37,0.888,,
8168,car,1680194598,trim_877,-2144.98,48.7,-1301.54,-341.05,4.36,1.75,1.61,1868,146.9,26,0.864,,
8169,car,trim_4122,trim_9617,1764.88,924.88,-214.52,-468.44,4.78,1.87,1.62,1101,146.5,79,0.838,,
8170,car,9843437526,trim_4509,2182.08,1345.31,-939.18,1289.28,4.39,1.79,1.39,1175,161.0,35,0.686,,
8171,car,trim_6263,10308512104,-684.31,-1399.29,-1275.9,-1386.54,4.94,1.78,1.48,1860,146.7,43,0.746,,
8172,motorcycle,5170655707,trim_6726,2569.65,56.18,-416.22,1190.25,1.84,0.83,1.32,260,113.7,16,0.836,,
8173,motorcycle,trim_37,trim_5931,-890.26,561.23,163.63,-1499.71,2.13,0.89,1.33,251,152.3,38,0.734,,
8174,truck,trim_7096,9857465288,-2132.53,377.9,-1024.02,492.93,11.67,2.58,3.54,5568,86.1,66,0.834,,
8175,car,4227798198,9843437522,1306.56,-99.27,2053.44,1337.35,4.94,1.93,1.59,1717,160.1,34,0.661,,
8176,car,trim_9217,trim_4095,2034.7,286.55,2220.65,930.83,4.1,1.76,1.61,1761,179.8,38,0.804,,
8177,car,trim_6552,trim_689,539.44,-1218.62,-1171.49,570.57,4.09,1.92,1.42,1565,164.8,23,0.665,,
8178,car,9844004270,trim_9236,-2437.71,537.25,-720.88,99.69,4.29,1.87,1.37,1781,141.4,37,0.807,,
8179,car,trim_1639,trim_1826,-1588.26,-722.5,-80.14,-823.43,4.19,1.9,1.58,1320,179.3,55,0.847,,
8180,truck,trim_8983,trim_7182,-2247.15,682.54,-2027.22,268.91,6.92,2.46,3.56,10665,96.6,80,0.943,,
8181,car,3887997664,trim_3351,1568.01,1230.34,-287.73,-635.93,4.25,1.83,1.52,1455,168.1,37,0.734,,
8182,car,trim_547,trim_4493,-1391.7,-322.59,-832.39,1458.08,4.12,1.73,1.63,1420,166.4,27,0.704,,
8183,car,trim_6338,11006831119,1707.4,1018.85,2101.58,-785.1,4.2,1.89,1.44,1071,170.0,18,0.882,,
8184,car,4225172434,trim_4093,-100.22,492.42,1463.09,468.09,4.95,1.62,1.43,1719,153.7,36,0.751,,
8185,car,12124070199,11149744483,2540.64,732.25,-2206.56,-783.81,4.74,1.89,1.57,1437,166.8,29,0.826,,
8186,motorcycle,11909810166,9852331992,1967.13,-645.19,-468.75,754.3,2.19,0.7,1.05,119,106.2,69,0.923,,
8187,car,9859501406,12124068326,421.34,-760.12,-874.05,-1055.48,4.66,1.9,1.58,1595,158.2,56,0.852,,
8188,car,trim_3546,trim_2603,607.11,-180.5,1649.76,1382.07,4.4,1.68,1.46,1461,158.7,56,0.741,,
8189,car,trim_6943,11136055391,2191.21,1302.76,-1101.97,-1364.04,4.4,1.65,1.37,1003,159.5,27,0.731,,
8190,car,9852893335,9857249965,-1702.46,-1189.13,-1899.62,-560.05,4.91,1.8,1.4,1839,166.9,53,0.752,,
8191,car,trim_6649,trim_3324,1306.09,-309.51,-582.39,250.89,4.5,1.73,1.63,1498,154.1,63,0.829,,
8192,car,9168986420,trim_2153,-241.66,988.39,1897.07,808.02,4.5,1.75,1.44,1669,172.5,58,0.815,,
8193,motorcycle,trim_899,trim_2215,-1325.7,-123.14,2072.74,-1112.88,1.92,0.85,1.26,208,155.9,64,0.821,,
8194,car,2960326610,trim_8103,-2002.18,-23.99,-956.55,794.23,4.96,1.79,1.46,1515,145.5,57,0.806,,
8195,motorcycle,4227797908,trim_398,1991.78,-973.29,-2379.48,112.5,2.01,0.66,1.27,259,105.3,52,0.679,,
8196,car,2970305118,trim_3760,2073.49,-1154.78,-763.26,-1138.99,4.26,1.93,1.64,1095,166.5,22,0.836,,
8197,car,2960368344,trim_6510,-1927.29,-151.66,-60.45,-170.24,4.27,1.74,1.42,1538,162.1,54,0.798,,
8198,car,4227743917,trim_2467,-1514.11,1700.28,-2296.56,1033.53,4.58,1.77,1.64,1248,160.5,61,0.821,,
8199,car,11198935223,9168986436,-1987.48,-664.53,-454.34,753.88,5.1,1.88,1.4,1806,143.3,17,0.834,,
8200,ambulance,2960361528,trim_2272,-960.62,-768.61,734.51,822.32,6.41,2.2,2.58,4322,136.8,23,0.517,a_7035680845,Yashoda Super speciality Hospital
8201,car,trim_5073,trim_7037,2431.29,368.54,-2427.25,520.08,4.87,1.85,1.56,1229,169.0,64,0.838,,
8202,car,11307701558,4225324782,1431.78,-1541.17,705.85,700.72,4.15,1.62,1.37,1369,140.6,21,0.888,,
8203,bus,trim_4341,2960326231,986.77,-67.51,-1513.16,269.58,12.02,2.45,3.25,13330,88.8,59,0.673,,
8204,car,trim_4331,5170849693,-493.25,1224.67,-1567.15,877.11,4.11,1.69,1.55,1275,177.2,49,0.84,,
8205,car,11198955251,2960368352,-1887.66,-826.04,-1982.97,-128.93,4.44,1.79,1.52,1136,160.7,20,0.929,,
8206,car,trim_4404,9857750354,2111.41,876.34,-678.45,-605.99,4.28,1.82,1.61,1437,141.8,59,0.809,,
8207,car,2960336726,4225324689,-1446.82,107.76,1252.88,231.6,4.36,1.62,1.63,1862,144.4,47,0.676,,
8208,car,trim_6772,trim_8620,-599.81,131.3,224.15,-1179.23,4.18,1.89,1.63,1034,140.1,36,0.676,,
8209,motorcycle,trim_5041,trim_7690,1911.51,-95.56,-109.81,21.7,2.13,0.82,1.06,159,91.6,69,0.931,,
8210,car,trim_2789,4227743626,-1949.96,689.02,337.1,-1604.18,4.78,1.7,1.5,1834,177.7,31,0.844,,
8211,truck,trim_3729,12130429772,-1305.12,-1087.62,-1463.04,678.1,9.68,2.53,3.42,5605,90.3,45,0.883,,
8212,ambulance,9168951446,trim_1816,42.68,-555.45,-93.28,-953.48,5.74,2.18,2.62,4055,146.6,29,0.644,a_7035744523,Anand Nursing Home Orthopaedic Centre and Maernity Home
8213,car,trim_7704,2962861556,496.98,-241.64,-486.33,-1457.27,4.76,1.89,1.38,1021,163.4,52,0.721,,
8214,motorcycle,trim_4249,9857647474,1399.94,733.62,-723.39,-1251.15,2.03,0.78,1.12,127,102.9,19,0.819,,
8215,car,trim_7462,trim_6810,-2446,-664.29,-347.65,632.88,4.62,1.89,1.51,1830,178.1,43,0.754,,
8216,car,trim_8766,9859601728,-35.43,-26.78,-1018.14,-465.35,4.46,1.61,1.64,1784,155.1,16,0.846,,
8217,car,9859655315,2960312572,316.91,-1248.09,-461.51,-219.07,4.68,1.9,1.49,1094,159.3,36,0.749,,
8218,motorcycle,trim_1027,trim_4359,-1039.19,78.02,1222.15,745.01,2.16,0.87,1.22,225,95.0,60,0.834,,
8219,car,9168834914,12918589246,-1964.74,1082.23,-760.44,608.75,4.32,1.74,1.55,1496,157.0,45,0.668,,
8220,car,trim_2898,trim_6333,-1840.68,918.34,1968.91,1143.26,4.41,1.83,1.47,1341,159.4,72,0.873,,
8221,motorcycle,trim_1950,trim_4089,-577.85,-1684.69,1461.4,578.08,2.25,0.73,1.36,247,119.6,64,0.799,,
8222,bus,trim_3386,trim_79,12.01,-462.95,229.82,-789.06,12.19,2.44,3.01,11829,97.3,34,0.842,,
8223,car,12096791264,trim_8819,1086.29,38.18,-2349.9,1490.06,5.06,1.94,1.58,1370,177.8,71,0.853,,
8224,car,trim_7462,trim_703,-2446,-664.29,-1394.65,730.9,4.45,1.75,1.59,1734,142.0,75,0.889,,
8225,car,1680212832,trim_1577,-1715.81,679.09,-1162.4,-725.13,5.02,1.74,1.64,1235,170.5,79,0.938,,
8226,car,trim_4887,2960336730,265.59,-1291.7,-1385.36,254.96,4.47,1.83,1.44,1509,175.0,77,0.781,,
8227,car,trim_2198,trim_5230,-253.92,1325.31,2420.4,432.88,4.34,1.6,1.37,1091,154.8,78,0.968,,
8228,car,7222735464,trim_574,160.14,-1431.91,-1970.77,539.38,4.06,1.79,1.35,1619,158.9,55,0.803,,
8229,truck,trim_2353,trim_502,-1862.98,-910.25,-1659.85,626,7.09,2.38,2.95,5150,95.2,53,0.88,,
8230,motorcycle,2970305106,trim_513,2181.62,-1353.14,-2090.55,-951.96,1.86,0.7,1.07,228,145.6,32,0.699,,
8231,car,trim_1142,trim_1277,-1833.9,219.45,-1261.49,334.03,4.27,1.72,1.37,1336,143.3,41,0.841,,
8232,car,trim_2662,trim_9152,1558.79,-1639.75,-1661.87,-901.51,4.28,1.66,1.49,1066,171.9,65,0.877,,
8233,car,trim_4730,trim_7907,338.74,-1386.15,-600.89,-1223.87,4.34,1.82,1.59,1432,172.9,26,0.731,,
8234,car,trim_8866,trim_4532,2320.48,-904.32,-904.2,894.63,4.42,1.84,1.48,1403,179.7,68,0.747,,
8235,car,9859493779,trim_4042,418.75,-458.78,763.4,297.9,4.3,1.7,1.57,1578,172.7,44,0.716,,
8236,car,9843433156,trim_7400,1231.16,746.45,2439.94,-1092.68,4.65,1.72,1.56,1753,163.8,21,0.656,,
8237,car,2962860496,12129482870,-411.54,-1178.78,-1279.8,622.54,4.26,1.75,1.53,1573,156.2,71,0.949,,
8238,car,9871520677,12123881282,2412.14,613.55,-1600.35,-934.95,4.99,1.62,1.6,1546,165.3,27,0.837,,
8239,car,trim_5821,9843692465,-716.12,700.8,2111.68,904.79,4.69,1.77,1.64,1799,169.4,45,0.695,,
8240,car,trim_9516,trim_867,1713.12,730.75,-980.18,-153.72,4.79,1.73,1.52,1804,152.7,25,0.757,,
8241,truck,12109752105,trim_3498,1421.54,1274.9,128.55,9.39,10.18,2.59,3.0,6007,89.6,43,0.779,,
8242,motorcycle,trim_7171,4225172237,-1904.63,77.92,842.38,-419.76,1.88,0.69,1.32,167,113.8,45,0.854,,
8243,car,2962860461,trim_6264,-140.29,-1057.01,-706.43,-1425.78,4.68,1.82,1.6,1298,179.3,54,0.787,,
8244,car,trim_6680,trim_3827,957.19,312.54,-211.36,-626.07,4.35,1.73,1.55,1613,143.1,40,0.85,,
8245,car,9168834899,trim_3437,-1901.04,1065.34,-50.84,423.04,4.1,1.78,1.52,1789,164.5,75,0.971,,
8246,truck,trim_9245,trim_2183,-492.24,-231.22,-93.26,-659.72,10.8,2.48,2.61,10135,70.2,79,1.012,,
8247,car,trim_2804,trim_266,-2408.63,1225.07,213.58,-331.09,5.02,1.69,1.56,1664,179.4,70,0.726,,
8248,car,trim_1007,9852318749,-928.39,-83.54,-1418.56,503,4.06,1.94,1.64,1372,142.7,39,0.652,,
8249,car,4225077494,trim_6475,-2480.1,1213.81,1638.48,128.44,4.4,1.74,1.38,1364,165.8,39,0.863,,
8250,car,trim_1510,9843521233,-1148.49,-1019.72,1412.78,565.1,4.65,1.89,1.46,1243,172.4,37,0.682,,
8251,car,9885134825,trim_3173,-2463.52,-479.81,-443.09,141.74,4.58,1.67,1.45,1226,144.1,47,0.659,,
8252,car,2960336789,trim_389,-1190.01,360.3,-2228.41,203.39,4.63,1.66,1.62,1415,149.3,40,0.874,,
8253,car,trim_4210,4223620633,1161.91,653.73,-2571.9,-684.24,4.88,1.64,1.42,1039,168.4,44,0.656,,
8254,motorcycle,trim_7267,trim_8903,-2255.55,-770.07,2429.59,-884.17,1.96,0.67,1.32,136,132.7,53,0.762,,
8255,car,11909790565,11777944684,2431.05,-1063.89,698.89,795.28,4.87,1.75,1.38,1098,148.8,57,0.667,,
8256,car,5170849697,trim_5855,-1608.65,787.54,2358.77,-750.54,5.08,1.89,1.56,1426,160.3,76,0.966,,
8257,car,12144093195,trim_2952,799.63,321.99,-1716.09,1482.05,4.12,1.94,1.4,1154,152.2,78,0.915,,
8258,car,4225324674,trim_3688,1518.26,163.35,-1239.49,-1173.03,4.26,1.67,1.48,1311,166.3,73,0.923,,
8259,motorcycle,trim_6511,trim_5150,-154.84,-216.61,2216.65,491.09,1.98,0.68,1.1,215,100.8,32,0.88,,
8260,car,12130429765,trim_7757,-1575.65,733.47,-505.82,-355.06,4.48,1.83,1.49,1600,141.4,38,0.783,,
8261,motorcycle,trim_8730,trim_3921,-219.05,1116.93,1826.86,152.71,2.19,0.86,1.17,120,102.7,50,0.787,,
8262,truck,trim_4796,trim_2254,333.59,-1406.47,-618.45,153.44,9.3,2.37,3.4,6010,85.3,71,0.848,,
8263,car,9168966459,trim_8020,660.99,1750.49,720.52,632.7,4.04,1.65,1.45,1357,150.2,65,0.656,,
8264,car,4225324722,9843084747,1854.12,356.17,-2321.24,827.93,4.34,1.67,1.39,1546,142.0,59,0.887,,
8265,car,trim_7212,12099984754,-1820.04,-40.45,-462.1,1114.42,4.08,1.77,1.4,1840,140.1,71,0.886,,
8266,bus,11960342622,4225172422,-1765.36,-1560.92,-14.14,456.35,10.45,2.43,3.32,9059,93.0,58,0.653,,
8267,car,trim_5476,trim_2617,2420.15,50.76,-1367.37,666.51,4.43,1.9,1.38,1176,162.4,49,0.688,,
8268,bus,9857750365,trim_7966,-465.79,-691.22,-441.63,836.71,9.93,2.5,3.18,13870,91.4,36,0.895,,
8269,bus,trim_562,11006831117,-1608.04,166.17,2052.98,-719.77,12.0,2.44,3.2,12404,89.1,75,0.797,,
8270,car,4227798188,trim_412,1916.43,-126.99,-2053.93,140.18,4.1,1.68,1.55,1552,146.5,27,0.677,,
8271,truck,trim_9222,11001416256,-1289.13,596.3,-1951.05,-1441.73,9.06,2.56,3.75,15359,92.9,36,0.816,,
8272,car,4227798244,trim_5935,1823.98,-0.11,166.03,-1498.82,4.95,1.61,1.43,1476,153.7,74,0.949,,
8273,car,9857987899,trim_556,-84.54,352.76,-1515.83,-24.23,4.26,1.65,1.38,1387,175.1,31,0.887,,
8274,bus,trim_6803,trim_3822,1780.77,836.55,-192.99,-763.64,10.28,2.53,3.58,9422,75.7,64,0.668,,
8275,bus,trim_2916,trim_4696,-1731.83,1238.62,1233.61,116.26,11.77,2.49,3.44,13247,91.1,69,0.848,,
8276,car,9852318756,trim_1534,-1398.61,151.22,-1047.71,-1050.71,4.67,1.77,1.4,1378,154.7,76,0.948,,
8277,car,trim_1629,9852465872,-1572.44,-603.2,-1845.6,-1502.92,4.38,1.91,1.56,1086,145.5,17,0.95,,
8278,car,trim_186,trim_674,428.52,162.74,-1556.57,631.83,4.91,1.83,1.58,1357,160.9,37,0.732,,
8279,car,trim_8638,trim_8556,217,-1105.73,-1565.47,1284.92,4.85,1.82,1.43,1585,172.8,61,0.814,,
8280,car,trim_3152,trim_7491,502.04,111.9,-758.86,150.44,4.92,1.65,1.62,1822,157.4,46,0.89,,
8281,car,trim_9526,4227798194,1671.74,950.29,1911.85,-111.66,4.2,1.65,1.4,1173,173.3,25,0.882,,
8282,car,9168883578,trim_5195,-1365.67,-1339.95,1611,-476.87,4.74,1.67,1.39,1027,152.1,52,0.652,,
8283,car,9852391725,trim_5904,-2121.87,-948.12,-1760.69,-1507.1,4.3,1.68,1.44,1354,177.2,37,0.775,,
8284,car,trim_3805,trim_5781,-759.21,-794.51,-1492.4,-1221.75,4.88,1.9,1.5,1444,159.4,51,0.843,,
8285,car,trim_5362,4219222666,1736.98,-326.33,1901.46,-1499.73,4.51,1.66,1.36,1777,161.3,49,0.722,,
8286,car,2960361510,4224981045,-693.04,-1390.28,-2309.22,736.35,5.09,1.92,1.39,1497,146.0,63,0.793,,
8287,car,trim_4377,11080052823,2201.64,846.54,-2254.14,-76.14,4.61,1.8,1.57,1865,154.0,65,0.741,,
8288,bus,trim_5817,trim_5626,-581.78,600.26,-225.83,1167.59,10.72,2.55,3.54,12484,92.9,48,0.889,,
8289,bus,4227798397,trim_7227,2428.31,346.78,-2093.22,-949.59,9.01,2.56,3.41,12901,72.8,70,0.737,,
8290,car,trim_6346,9852330253,2025.57,842.89,-2091.6,184.14,4.67,1.64,1.52,1688,160.2,49,0.836,,
8291,car,9857249938,13852443490,-2045.39,-51.03,-1491.26,-1230.63,4.3,1.87,1.47,1259,152.9,67,0.891,,
8292,car,trim_6784,trim_2107,176.99,503.16,332.01,-201.67,4.73,1.72,1.56,1010,166.6,79,0.897,,
8293,car,trim_6680,trim_5854,957.19,312.54,2333.98,-794.89,4.88,1.71,1.65,1214,142.4,68,0.708,,
8294,car,trim_9596,trim_6679,-1287.67,-596.01,978.94,259.27,4.51,1.68,1.56,1753,173.0,55,0.898,,
8295,car,12278350544,9859736967,2332.07,-1344.64,7.96,206.89,4.85,1.7,1.44,1392,167.0,56,0.706,,
8296,car,trim_9460,trim_7869,-2479.67,-357.66,675.52,507.54,4.52,1.88,1.43,1266,153.2,75,0.827,,
8297,car,trim_2253,trim_9097,-621.35,157.51,1735.22,119.59,4.38,1.6,1.39,1658,153.2,63,0.816,,
8298,car,trim_4558,9857987893,-940.36,1343.7,-517.51,297.12,4.48,1.73,1.38,1342,152.6,16,1.007,,
8299,car,trim_9132,trim_1061,1712.32,1019.76,-788.48,107.08,4.67,1.71,1.37,1472,156.9,31,0.853,,
8300,car,4227743824,11909810172,-1332.34,848.14,2159.2,-702.31,4.61,1.93,1.37,1657,166.9,70,0.934,,
8301,car,trim_4027,2960326558,-491.45,1193.71,-1626.43,229.44,4.58,1.6,1.56,1339,159.9,34,0.69,,
8302,car,11168866172,9852893331,-426.09,923.51,-1730.55,-1340.13,4.81,1.81,1.65,1279,171.1,79,0.857,,
8303,motorcycle,trim_6770,4225077475,-535.06,173.11,-1780.18,1154.04,2.29,0.72,1.16,135,145.3,63,0.734,,
8304,car,trim_4502,trim_6845,1757.35,749.92,-2294.09,266.85,4.2,1.82,1.53,1211,159.6,56,0.851,,
8305,car,trim_3613,trim_6928,-805.13,-659.41,1395.45,1015.46,4.92,1.85,1.36,1186,143.8,23,0.722,,
8306,car,trim_7543,trim_2692,-724.51,-888.49,-2570.8,866.73,4.94,1.86,1.5,1562,165.6,77,0.943,,
8307,car,6202105979,trim_7965,1316.27,-501.54,-442.48,841.63,5.03,1.71,1.54,1817,160.4,59,0.764,,
8308,car,trim_7424,trim_3155,-2401.61,-1015.8,601.04,151.52,4.02,1.94,1.59,1423,163.8,76,0.85,,
8309,car,trim_5582,trim_9330,1654.4,-210.5,-1050.48,-1051.4,4.68,1.66,1.52,1887,161.3,29,0.805,,
8310,car,trim_1424,4225324684,-2552.46,-106.07,1937.24,198.13,4.31,1.95,1.43,1653,176.8,26,0.826,,
8311,car,trim_32,11499173752,-1045.54,1191.1,525.54,1262.5,5.09,1.73,1.37,1492,147.9,72,0.816,,
8312,car,trim_9678,5170637542,-237.55,679.83,1171.59,163.01,4.75,1.6,1.45,1776,155.9,34,0.838,,
8313,car,trim_5533,trim_6436,2345.44,-676.82,1917.87,482.11,4.78,1.63,1.57,1676,160.1,65,0.689,,
8314,car,trim_6907,12139823111,-2049.22,1077.55,1911.59,-1463.33,4.27,1.88,1.47,1851,168.9,62,0.659,,
8315,car,trim_5801,9859660232,-2114.87,-720.01,121.99,-950.11,4.26,1.85,1.39,1157,153.0,56,0.836,,
8316,car,9854977036,trim_4373,2466.45,-744.93,2245.8,907.63,5.09,1.86,1.46,1649,144.4,22,0.856,,
8317,car,4224981112,trim_4893,-2570.46,1246.62,-1270.44,1277.61,4.14,1.78,1.54,1137,144.5,29,0.873,,
8318,car,9853181600,trim_2232,1265.87,-1056.82,386.55,-677.95,4.16,1.73,1.63,1455,156.4,21,0.723,,
8319,car,9168861147,trim_2843,-1165.87,171.16,-2250.08,543.66,4.0,1.82,1.44,1560,178.0,19,0.741,,
8320,car,trim_2193,trim_8335,-909.57,561.59,-374.62,762.52,4.55,1.72,1.47,1441,160.7,33,0.772,,
8321,car,trim_7341,trim_8622,1793.15,351.22,235.69,-1196.32,4.41,1.64,1.46,1114,157.6,78,1.002,,
8322,motorcycle,5170815477,4225324613,-968.81,-1634.96,1071.71,-246.78,1.82,0.76,1.24,214,104.8,17,0.968,,
8323,car,trim_534,trim_1323,-1818.17,-1319.89,-1129.46,-326.58,4.57,1.93,1.64,1750,145.9,49,0.66,,
8324,truck,9168883579,trim_1194,-1429.05,-1454.16,-1763.19,-651.99,10.42,2.41,3.66,15500,73.4,43,0.719,,
8325,car,trim_4502,trim_2979,1757.35,749.92,-2144.03,877.47,4.42,1.89,1.52,1398,166.5,74,0.895,,
8326,motorcycle,7249093953,trim_9337,338.8,475.01,655.61,852.67,2.18,0.83,1.27,122,135.6,26,0.753,,
8327,ambulance,trim_691,5170798231,-1241.29,716.6,79.98,301.4,5.76,2.11,2.7,2934,137.4,44,0.617,a_7036050227,"Nagar Hospital, Ghaziabad"
8328,car,trim_1505,9858060924,-1184.84,-1101.87,416.03,-166.2,4.56,1.65,1.64,1453,165.7,74,0.836,,
8329,car,12109729943,9857647480,1787.93,1486.19,-733.04,-1082.75,4.16,1.73,1.54,1456,152.7,66,0.768,,
8330,motorcycle,9168951485,4227743919,525.34,-1191.17,-1440.2,1786.8,1.91,0.76,1.16,214,143.1,58,0.693,,
8331,car,11001379063,9859738809,-2345.42,-1048.79,-678.2,-1143.96,4.38,1.69,1.38,1888,147.9,41,0.68,,
8332,car,trim_8163,9860068754,2006.57,-553.09,826.62,-1357.99,4.13,1.85,1.44,1160,149.5,20,0.896,,
8333,car,trim_4054,4225077464,1146.39,-370.6,-2007.51,1091.9,4.05,1.71,1.44,1008,159.4,53,0.877,,
8334,car,9857826568,trim_6308,-99.44,-418.78,-1514.19,-1410.86,5.02,1.66,1.42,1895,178.3,58,0.782,,
8335,motorcycle,trim_837,12096819279,-1271.78,117.62,1092.09,-275.55,1.81,0.84,1.26,112,108.3,35,0.746,,
8336,car,trim_3683,trim_1935,-732.15,-1250.24,-451.58,-1378.19,4.74,1.63,1.57,1341,158.7,40,0.727,,
8337,car,trim_7881,trim_1056,-2438.41,-448.29,-869.74,131.97,4.4,1.91,1.45,1860,164.4,56,0.867,,
8338,car,10308512104,9855703018,-1275.9,-1386.54,1244.35,-7.76,4.77,1.63,1.39,1099,169.7,37,0.836,,
8339,car,trim_1485,trim_3300,-1185.6,-1098.72,-262.24,275.87,4.44,1.72,1.58,1731,152.9,36,0.669,,
8340,car,trim_7718,trim_2912,403.56,-738.32,-1756.12,443.34,5.02,1.91,1.52,1015,146.7,30,0.866,,
8341,bus,trim_4303,4227871604,1534.02,640.16,-819.03,1695.75,12.37,2.44,3.01,9476,81.3,31,0.744,,
8342,car,5170798230,9852938609,76.92,317.71,-1243.02,-732.55,4.02,1.86,1.44,1167,177.5,23,0.849,,
8343,car,12130698095,trim_5736,-1052.68,413.97,-2388.87,-678,4.21,1.6,1.36,1413,145.3,17,0.803,,
8344,car,trim_1522,trim_554,-1143.21,-949.77,-1469.29,-126.53,4.64,1.93,1.53,1051,157.2,16,1.016,,
8345,car,6735189824,trim_5579,2440.4,-796.77,1631.21,-252.37,4.56,1.65,1.54,1219,175.8,50,0.896,,
8346,ambulance,9885134827,trim_3461,-2458.11,-490.46,487.82,-497.46,6.18,2.27,2.63,4379,139.3,75,0.618,a_7173737316,DISTRICT MMG MALE HOSPITAL
8347,car,trim_3177,9168946311,-180.26,317.5,1704.17,-105.25,4.25,1.63,1.45,1733,147.6,41,0.864,,
8348,car,trim_6393,trim_1954,2007.69,657.79,596.14,1104.03,4.65,1.73,1.53,1314,154.4,54,0.877,,
8349,car,11983071279,trim_52,1135.55,1246.97,111.66,116.3,4.81,1.76,1.37,1492,153.7,59,0.773,,
8350,motorcycle,4227798338,12139823103,2529.57,209,2038.64,-1445.62,1.86,0.83,1.11,143,153.1,50,0.657,,
8351,motorcycle,9859748022,12109729945,452.52,-1247.19,1793.44,1490.55,1.9,0.71,1.13,247,140.4,63,0.828,,
8352,car,3887993335,trim_6034,1700.31,1151.2,-1407.98,1163.65,5.06,1.7,1.55,1554,172.1,70,0.705,,
8353,car,4224981101,11586812705,-2675.16,1168.89,-23.19,-32.47,4.27,1.77,1.52,1025,153.4,35,0.73,,
8354,car,4225324704,trim_9471,1362.55,300.1,536.02,-748.56,4.52,1.61,1.39,1417,159.4,38,0.675,,
8355,truck,9857647501,trim_914,-653.22,-1183.94,-1264.04,-66.97,11.13,2.53,3.1,10659,89.7,78,0.962,,
8356,car,trim_8541,9852405438,-779.92,783.37,-2302.6,-70.28,4.5,1.93,1.58,1306,141.9,42,0.67,,
8357,car,trim_6532,trim_3941,747.36,-786.91,974.49,-54.79,4.41,1.7,1.65,1861,157.4,36,0.73,,
8358,car,9859639827,trim_3433,-417.7,-195.6,-123.48,440.12,4.54,1.79,1.41,1132,148.6,58,0.699,,
8359,car,trim_4047,trim_3306,766.39,51.57,-63.9,-138.2,4.38,1.8,1.41,1192,179.1,45,0.884,,
8360,car,4227798385,9859525124,1131.66,325.84,-514.84,308.32,4.78,1.83,1.37,1032,167.9,58,0.661,,
8361,car,11237649539,2960326737,-1941.93,625.54,-1788.27,-204.46,4.62,1.88,1.4,1849,142.0,30,0.789,,
8362,car,9168883580,9859618309,-1373.47,-1407.65,-884.04,-524.13,4.57,1.8,1.36,1825,148.8,28,0.675,,
8363,car,9857157154,trim_6471,1843.55,-115.37,1577.81,305.5,4.98,1.68,1.36,1356,147.6,79,0.859,,
8364,car,trim_7022,9859747835,-2479.32,395.02,182.17,-1555.07,4.08,1.66,1.52,1002,145.3,80,0.815,,
8365,car,trim_9290,trim_3089,-1552.21,1141.77,-253.4,195.74,4.27,1.7,1.44,1733,164.2,16,0.96,,
8366,car,3840484487,trim_902,2245.83,715.03,-1322.63,-105.64,4.17,1.63,1.58,1398,169.3,80,1.031,,
8367,car,trim_3734,11909853721,-421.07,-755.3,2268.97,-996.21,4.29,1.74,1.35,1886,175.7,48,0.797,,
8368,car,5170637557,trim_2073,1320.91,56.19,1067.78,773.03,4.68,1.85,1.4,1159,174.8,22,0.848,,
8369,car,2962860531,9988275075,-453.89,-1312.33,-492.4,1176.56,4.83,1.77,1.61,1295,170.8,29,0.724,,
8370,car,13852443490,6735189832,-1491.26,-1230.63,2412.01,-555.04,4.24,1.63,1.62,1564,157.2,19,0.907,,
8371,car,9857750393,12643742015,-392.89,-507.81,653.345184335002,790.0505193740963,4.15,1.63,1.49,1221,152.9,61,0.84,,
8372,car,10259407486,11983071060,2447.53,-1063.23,1038.57,1309.17,4.97,1.86,1.48,1602,177.1,77,0.857,,
8373,car,2970305317,9854981083,-576.59,59.12,1865.49,-508.42,4.67,1.64,1.51,1345,173.0,39,0.726,,
8374,car,trim_9475,trim_9692,652.31,-377.82,2086.92,-1100.66,4.86,1.72,1.54,1103,164.6,67,0.751,,
8375,car,trim_1196,2970305332,-1764.11,-636.62,-793.85,376.99,4.37,1.86,1.64,1739,178.8,46,0.812,,
8376,car,9859595985,trim_2950,295.35,-1155.55,-1608.82,1591.18,4.13,1.66,1.49,1546,151.9,64,0.682,,
8377,car,2960336713,2962838266,-918.58,415.28,-278.65,-1471.82,4.09,1.89,1.6,1018,144.8,32,0.89,,
8378,car,trim_4160,trim_408,920.09,404.52,-2118.7,136.2,4.84,1.91,1.38,1251,177.0,56,0.702,,
8379,car,6925898192,trim_209,-1959.17,-1344.55,341.1,-378.86,5.04,1.87,1.37,1320,169.5,29,0.719,,
8380,car,9857647468,2960299905,-694.57,-1306.38,-2093.7,1688.99,4.95,1.65,1.48,1640,158.1,31,0.818,,
8381,car,5170787192,4227798095,1818.82,508.24,2274.73,-485.05,4.84,1.7,1.43,1823,168.8,44,0.682,,
8382,car,9168959353,2960299842,1313.26,-285.78,-2008.72,-1185.91,4.05,1.72,1.37,1836,172.1,53,0.682,,
8383,car,trim_3041,trim_4758,-456.63,383.99,-1243.48,988.42,4.67,1.74,1.47,1125,150.0,45,0.828,,
8384,car,4225324690,9168946302,1849.21,240.71,1683.82,115.52,4.17,1.75,1.4,1793,165.3,51,0.671,,
8385,car,4225219697,trim_3614,-877.93,-1465.03,-807.25,-654.89,4.76,1.6,1.45,1091,176.8,32,0.837,,
8386,car,trim_6170,trim_5687,-1686.72,-645.6,2099.77,-1196.1,4.67,1.74,1.55,1838,156.8,44,0.882,,
8387,car,trim_8887,trim_4607,2070.02,-651.38,-466.84,1113.61,4.91,1.63,1.61,1356,161.9,80,0.847,,
8388,car,4225077471,trim_1683,-1946.2,1144.6,-260.43,-1353.2,4.73,1.9,1.57,1766,179.1,79,0.875,,
8389,bus,6294258008,trim_8156,-1945.87,-1022.01,1917.29,-630.06,11.75,2.56,3.23,11194,76.1,75,0.77,,
8390,motorcycle,trim_2146,trim_3932,1872.85,949.89,850.46,-170.5,2.18,0.7,1.2,212,124.1,51,0.852,,
8391,motorcycle,trim_2313,trim_8778,681.81,689.71,31.49,-998.25,2.28,0.76,1.13,229,159.7,31,0.834,,
8392,motorcycle,trim_3456,trim_9280,1186.92,-926.9,-1668.61,1017.86,1.88,0.79,1.2,143,110.8,79,0.869,,
8393,car,trim_5049,2960336791,1922.14,-194.51,-1198.79,351.93,4.12,1.88,1.44,1627,143.3,70,0.863,,
8394,car,trim_5380,trim_736,2073.52,86.91,-1511.77,969.44,4.98,1.72,1.46,1755,164.3,29,0.733,,
8395,car,trim_3687,9843336861,-577.71,-662.87,1174.86,1618.05,4.4,1.95,1.46,1553,144.8,49,0.839,,
8396,car,trim_2402,9855014942,-573.62,1350.61,1558.99,-608.38,4.25,1.65,1.51,1054,157.5,80,0.906,,
8397,car,trim_3951,trim_2219,1853.66,356.72,2151.83,-1236.88,4.27,1.71,1.42,1250,147.2,31,0.706,,
8398,car,2960326536,2970305241,-1436.79,360.94,1534.33,-616.28,4.78,1.75,1.51,1624,166.4,79,0.845,,
8399,car,trim_4356,trim_4602,1079.98,720.19,-747.88,848.44,5.01,1.82,1.65,1047,163.1,47,0.867,,
8400,car,trim_6763,trim_7375,-520.65,291.48,2100.48,-579.23,4.54,1.79,1.54,1867,149.8,49,0.71,,
8401,car,trim_1481,2960336705,-1279.31,-1038.52,-962.35,392.53,4.05,1.91,1.38,1231,140.6,52,0.741,,
8402,car,trim_8191,trim_9058,-956.78,546.37,-1784.11,1266.81,4.65,1.84,1.5,1312,151.3,80,0.946,,
8403,car,11499043125,trim_8584,-851.45,965.97,-204.86,-1446.26,4.8,1.62,1.42,1837,155.4,46,0.758,,
8404,car,6928966660,trim_6049,-1546.42,-1488.9,-1515.91,561.89,4.9,1.79,1.61,1205,151.3,18,0.835,,
8405,car,trim_3781,2962838327,-573.28,-1115.7,-21.57,-1016.21,4.94,1.8,1.43,1328,145.5,24,0.732,,
8406,car,trim_2854,trim_7798,-1906.19,662.41,7.97,-1020.24,4.16,1.79,1.45,1646,153.0,51,0.756,,
8407,car,9857157137,9859525124,1160.48,20.08,-514.84,308.32,5.0,1.92,1.52,1422,164.0,16,0.984,,
8408,bus,5170815478,trim_8580,-982.24,-1624.21,-177.19,-1105.08,9.0,2.48,3.25,12315,95.3,62,0.82,,
8409,motorcycle,5170823234,12143947357,1229.64,453.03,735.59,937.38,2.26,0.83,1.34,228,146.6,78,0.808,,
8410,motorcycle,9857750374,9857750384,-98.34,-1062.27,-274.16,-676.99,1.81,0.69,1.19,216,156.8,24,0.805,,
8411,car,trim_7636,9857682489,347.19,-238.11,-793.54,-773.29,4.84,1.76,1.65,1012,157.3,45,0.729,,
8412,car,trim_337,2970305320,-1301.79,577.44,-291.75,88.59,4.12,1.83,1.61,1708,143.5,31,0.716,,
8413,bus,4223620636,trim_8506,-2233.33,-677.2,-82.9,-1044.69,11.06,2.46,3.48,8620,84.7,40,0.781,,
8414,car,trim_6408,4225172412,2389.85,613.2,-723.88,418.65,4.76,1.92,1.35,1886,164.5,40,0.73,,
8415,car,11491066026,4227798354,-232.37,-1412.09,2483.74,207.59,4.2,1.76,1.41,1063,172.3,44,0.687,,
8416,car,12088347354,trim_7518,-1860.8,645.86,-1145.44,-814.14,4.9,1.86,1.45,1123,158.7,76,0.847,,
8417,car,trim_6933,trim_3523,-2194.02,1351.01,1156.43,-671.49,4.45,1.69,1.63,1612,176.8,78,0.964,,
8418,car,12096791270,11187660591,1115.3,105.7,2112.52,685.88,4.33,1.64,1.49,1688,164.1,31,0.754,,
8419,car,4227797921,4227743663,2124.75,-840.04,379,-1489.69,4.67,1.84,1.52,1830,174.2,64,0.704,,
8420,car,trim_7238,4225324870,-2299.81,-94.95,2329.23,955.52,4.76,1.7,1.64,1734,178.0,21,0.731,,
8421,car,4225324621,2962860503,932.99,-180.76,-141.43,-1152.29,4.51,1.87,1.54,1606,165.9,23,0.719,,
8422,car,2960326225,9843692463,-1483.24,189.58,2110.04,894.1,4.77,1.87,1.56,1101,140.4,16,0.938,,
8423,car,trim_1541,trim_2530,-1015.87,-963.52,-1042.95,1189.02,5.02,1.88,1.4,1514,140.7,55,0.762,,
8424,car,4227798364,12141479865,1468.87,272.61,-2237.58,952.05,4.21,1.64,1.46,1623,157.0,63,0.842,,
8425,motorcycle,12143948732,trim_1788,1024.99,983.35,109.56,-1250.16,2.16,0.78,1.28,140,123.1,16,0.848,,
8426,car,trim_5176,trim_2914,2022.59,-939.27,-2071.46,972.21,4.81,1.85,1.58,1167,171.6,58,0.857,,
8427,car,2960326206,trim_2904,-883.9,-398.55,-2135.82,1057.01,4.05,1.72,1.44,1565,159.8,79,0.867,,
8428,motorcycle,trim_3615,2970305103,-842.48,-530.33,2207.1,-1378.41,2.07,0.77,1.31,172,92.1,74,0.8,,
8429,car,9859493781,trim_5975,416.2,-455.06,182.95,1070.08,5.02,1.78,1.36,1243,177.1,33,0.863,,
8430,car,4227798531,trim_8682,648.18,1812.64,464.66,558.27,4.76,1.64,1.61,1566,146.7,54,0.662,,
8431,car,trim_791,trim_5698,-929.02,-87.03,893.82,-269.17,4.61,1.83,1.57,1679,157.7,53,0.871,,
8432,car,11001379074,trim_114,-2490.4,-938.18,-415.32,586.56,4.34,1.88,1.36,1473,141.3,53,0.793,,
8433,car,2960326544,trim_6827,-1130.73,473.96,-2318.68,206.01,4.73,1.77,1.41,1016,146.0,62,0.811,,
8434,motorcycle,trim_2878,3840470141,-2120.19,1152.97,240.89,1658.36,1.93,0.7,1.4,221,115.1,19,0.951,,
8435,car,11080052827,trim_1153,-2285.9,-75.54,-1682.29,83.83,4.65,1.83,1.55,1351,163.9,16,1.004,,
8436,car,4224981045,12096814571,-2309.22,736.35,1008.22,105.99,4.31,1.89,1.45,1643,147.5,43,0.703,,
8437,car,2960300021,trim_7461,-1035.01,778.96,-1412.7,-1430,4.46,1.87,1.53,1173,151.9,33,0.796,,
8438,car,4227743961,trim_6738,-828.65,2429.48,-573.84,982.15,4.76,1.68,1.63,1778,145.2,62,0.793,,
8439,motorcycle,9843084747,trim_7618,-2321.24,827.93,235.39,-178.18,2.17,0.76,1.06,186,115.1,50,0.786,,
8440,car,4227743656,trim_4106,402.45,-1524.67,2330.16,732.56,4.62,1.65,1.43,1720,169.3,17,1.001,,
8441,car,trim_2492,trim_6618,-14.94,1136.93,2007.88,78.72,4.09,1.66,1.62,1435,151.9,42,0.704,,
8442,car,2960366914,trim_5160,-1542.9,-500.19,1744.56,-307.24,4.33,1.79,1.57,1749,163.5,51,0.698,,
8443,car,9168850582,trim_4140,-1686.15,778.1,-447.45,855.78,5.02,1.69,1.57,1777,156.8,53,0.773,,
8444,car,trim_6495,trim_1436,349.81,-7.83,-2369.57,-493.36,4.37,1.84,1.38,1857,162.8,31,0.706,,
8445,car,3887993277,9859738792,1564.29,1011.55,-579.57,-1242.87,4.75,1.89,1.36,1537,159.2,22,0.768,,
8446,car,trim_5051,trim_6310,1929.26,-252.1,-1895.48,-1064.24,4.82,1.61,1.4,1589,159.1,56,0.69,,
8447,truck,3887993354,5170823234,1680.26,1168.74,1229.64,453.03,10.34,2.39,2.54,9581,80.1,63,0.876,,
8448,car,9859736955,9843368475,34.46,106.76,-1661.33,514.16,4.09,1.64,1.39,1458,145.7,47,0.891,,
8449,car,5170783084,9843168323,1936.49,265.61,-1570.93,750.75,4.16,1.73,1.37,1113,173.1,20,0.685,,
8450,car,9857350826,3004576913,-1775.33,32.27,647.5660602306848,816.2788518475362,4.66,1.81,1.64,1833,160.9,76,0.823,,
8451,car,9843408901,9857115613,2487.31,1520.45,-2317.26,-1057.29,4.24,1.69,1.48,1331,175.5,41,0.748,,
8452,car,trim_8072,trim_9160,2104.49,-873.82,2333.07,714.4,5.06,1.62,1.4,1349,153.9,38,0.836,,
8453,car,2960326192,4227797909,-1012.34,-104.65,2287.32,-969.55,5.1,1.89,1.56,1353,170.8,23,0.687,,
8454,car,11015761883,trim_5698,-1256.03,542.66,893.82,-269.17,4.88,1.8,1.51,1263,159.0,32,0.89,,
8455,car,9859736959,trim_6044,37.92,82.05,-1554.54,582.93,4.22,1.92,1.37,1875,153.7,26,0.826,,
8456,car,trim_4407,trim_926,2138.71,752.97,-1109.06,181.68,4.26,1.94,1.54,1431,177.6,18,0.805,,
8457,car,trim_4672,trim_6253,380.46,-1355.93,-581.15,-1235.57,4.45,1.89,1.51,1493,142.1,51,0.878,,
8458,car,trim_6441,2960336684,1850.28,356.85,-1652.94,-357.4,4.66,1.89,1.45,1868,174.0,46,0.694,,
8459,car,trim_1830,9857625477,-78.6,-933.1,-1263.23,-1001.79,4.28,1.83,1.43,1888,165.1,70,0.921,,
8460,ambulance,trim_4329,trim_9119,796.88,358.46,456.52,-344.4,5.81,2.29,2.78,4494,120.2,26,0.652,b_1360703247,Hospital (building b_1360703247)
8461,motorcycle,11168960893,9855691380,580.61,1099.58,1961.54,81.51,2.01,0.75,1.17,140,99.5,26,0.784,,
8462,car,2962837706,3887993269,-27.37,-1462.56,1555.28,1009.76,4.12,1.65,1.44,1354,166.3,22,0.763,,
8463,car,trim_4487,9168897694,-958.39,791.5,-269.95,-999.93,4.59,1.82,1.5,1715,159.7,18,0.884,,
8464,motorcycle,trim_5072,12372946963,2429.46,364.19,-662.51,-438.8,1.88,0.9,1.11,132,134.5,16,0.835,,
8465,car,9859747835,9843437526,182.17,-1555.07,2182.08,1345.31,5.02,1.67,1.56,1473,175.0,74,0.918,,
8466,car,trim_2092,11499043133,2485.67,1111.46,-841.4,914.3,4.26,1.91,1.4,1403,143.6,73,0.88,,
8467,car,2960336710,12109729956,-943.7,472.5,1987.04,1052.15,4.05,1.71,1.53,1409,159.9,32,0.656,,
8468,car,trim_2837,6928966672,-2368.91,583.77,-1653.95,-1549.34,4.97,1.92,1.39,1262,168.3,74,0.749,,
8469,car,4227798262,12098320595,1612.16,28.7,-1739.3,1440.67,5.09,1.93,1.57,1699,154.9,68,0.846,,
8470,car,12098327704,9858060943,-1107.47,1103.86,532.74,286.39,4.24,1.86,1.39,1188,144.0,38,0.804,,
8471,truck,11198955256,trim_3934,-1879.1,-634.68,821.95,-48.12,7.12,2.52,3.26,13237,93.4,20,0.886,,
8472,motorcycle,trim_438,2960336802,-2468,0.99,-1162.84,-248.83,1.98,0.88,1.2,127,148.2,67,0.723,,
8473,car,trim_7735,12109752102,-633.46,145.66,1364.28,1273.62,4.36,1.78,1.55,1714,141.4,78,0.974,,
8474,car,9852770087,trim_2530,1907.96,-1784.82,-1042.95,1189.02,4.74,1.82,1.64,1324,175.4,79,0.843,,
8475,car,trim_7991,trim_8229,-1417.97,-1187.27,-2494.76,48.49,4.7,1.67,1.46,1137,154.3,72,0.757,,
8476,car,trim_8592,trim_5181,-198.87,-1483.97,1500.47,170,4.52,1.8,1.38,1242,146.4,48,0.893,,
8477,car,9859738791,trim_8343,-579.79,-1231.12,-519.62,626.15,4.98,1.63,1.56,1386,151.6,65,0.84,,
8478,car,trim_2860,11176547384,-2496.13,1306.54,-1458.66,-583.06,4.04,1.64,1.41,1799,159.8,37,0.869,,
8479,motorcycle,9857647492,5170637551,-1097.53,-988.14,1212.81,130.04,2.1,0.78,1.17,249,115.1,34,0.874,,
8480,bus,trim_2565,9859639832,1681.96,1169.44,-553.43,-379.66,9.49,2.57,3.54,10226,90.3,23,0.685,,
8481,car,trim_4362,trim_9277,1313.37,760.89,-1644.71,1117.66,4.44,1.8,1.52,1461,147.7,77,0.809,,
8482,car,trim_5665,trim_1631,587.25,-706.24,-1549.84,-612.65,4.03,1.81,1.48,1077,146.8,57,0.821,,
8483,car,11960342625,9168951436,-1494.51,-1251.13,419.94,-339.16,5.02,1.93,1.46,1295,163.9,51,0.737,,
8484,car,trim_5614,trim_8299,2487.23,-665.33,1791.64,558.32,4.19,1.89,1.51,1329,144.4,68,0.897,,
8485,bus,trim_3497,11491501689,-9.07,-63.15,285.38,-1225.48,9.28,2.59,3.22,11568,83.9,51,0.696,,
8486,car,trim_6190,trim_6615,-1364.38,-765.27,2195.94,-121.83,4.87,1.64,1.39,1145,167.6,37,0.777,,
8487,car,9857625497,4225351683,-928.17,-1010.78,-970.32,836.15,4.66,1.67,1.45,1554,156.5,51,0.739,,
8488,car,trim_1605,trim_7309,-1395.25,-505.6,-2467.11,25.13,5.07,1.68,1.47,1110,159.7,64,0.852,,
8489,motorcycle,trim_5344,trim_2179,1838.98,-1295.82,13.19,-817.65,2.04,0.86,1.19,204,136.5,75,0.992,,
8490,car,trim_2892,trim_2903,-1945.94,688.4,-1740.28,957.4,5.06,1.81,1.52,1155,142.0,32,0.742,,
8491,truck,9168850596,trim_7737,-1560.91,565.02,-1009.13,101.64,8.28,2.36,2.54,5873,93.1,76,0.767,,
8492,bus,trim_4821,9168883564,240.45,-1165.63,-1547.32,-1320.32,9.53,2.58,3.26,12198,73.3,76,0.814,,
8493,car,5170637570,trim_4709,1524.88,-96.2,-1583.23,1138.23,4.66,1.63,1.61,1022,176.9,36,0.808,,
8494,car,trim_2995,trim_3493,-1948.14,822.11,-70.62,-94.83,4.73,1.63,1.61,1818,145.8,21,0.673,,
8495,car,trim_2752,trim_916,-2299.29,708.34,-1212.97,-77.58,4.21,1.75,1.5,1745,159.3,54,0.69,,
8496,car,trim_8542,2960361486,-788.78,805.4,-1551.44,-1031.6,4.44,1.61,1.38,1100,146.1,54,0.856,,
8497,car,5170798243,trim_7117,139.32,-40.89,-2386.54,265.96,4.71,1.95,1.64,1410,177.6,36,0.714,,
8498,car,trim_335,5170799979,-497.93,596.34,2134.42,537.55,4.15,1.82,1.48,1566,173.5,54,0.821,,
8499,car,trim_4757,trim_7598,-1559.79,1035.77,-197.35,-948.97,4.29,1.73,1.59,1701,143.9,54,0.766,,
8500,car,trim_6991,11168934281,2417.28,792.43,119.27,116.37,4.57,1.86,1.36,1341,179.7,76,0.836,,
8501,car,trim_9210,11015845018,2284.13,32.02,-996.75,393.12,4.26,1.74,1.48,1256,144.5,42,0.877,,
8502,car,trim_6636,2970305360,2155.56,-787.77,-993.56,786.69,4.67,1.72,1.61,1417,154.2,47,0.899,,
8503,car,trim_4744,trim_6896,-680.49,-605.21,-2347.02,1485.98,4.35,1.85,1.61,1332,155.6,59,0.897,,
8504,car,trim_1599,9860055097,-1349.85,-468.66,644.03,-1484.16,4.21,1.78,1.52,1124,144.3,31,0.867,,
8505,car,trim_3108,trim_915,476.79,-234.36,-1257.53,-17.47,4.9,1.61,1.51,1863,144.1,39,0.799,,
8506,truck,trim_790,trim_7414,-889.04,-145.02,1913.98,217.74,6.21,2.38,2.61,14844,88.5,79,0.977,,
8507,car,trim_7809,9852168744,199.17,-1566.83,-2116.68,400.15,4.51,1.72,1.45,1775,171.7,65,0.695,,
8508,car,trim_1910,trim_2762,-263.46,-1124.84,-2309.57,690.18,5.0,1.93,1.35,1422,170.8,24,0.699,,
8509,car,trim_6535,trim_3469,844.26,-960.04,-352.94,-81.88,4.64,1.63,1.6,1749,171.1,38,0.891,,
8510,car,trim_7294,4225077424,-1661.13,-650.16,-1539.32,1007.09,4.67,1.85,1.37,1582,160.1,78,0.839,,
8511,car,9852976123,9884318199,-1580.34,-422.55,629.93,777.37,4.66,1.94,1.51,1319,164.9,38,0.818,,
8512,car,9903339257,9843418613,-15.83,738.85,2041.44,1275.12,4.58,1.66,1.58,1286,153.3,17,0.998,,
8513,car,trim_9154,trim_3380,-1097.3,-218.99,136.84,-522.99,4.47,1.68,1.36,1853,173.3,42,0.737,,
8514,car,trim_6177,2970305431,-1759.14,-678.22,266.05,1818.78,4.59,1.76,1.54,1311,145.3,38,0.83,,
8515,car,trim_6948,trim_8610,2227.41,1134.58,-681.17,-1395.4,4.22,1.75,1.53,1464,160.9,34,0.818,,
8516,ambulance,13968415817,9858066409,-1611.12,277.74,159.34,-1216.19,5.59,2.02,2.52,2762,146.4,27,0.658,b_352921089,Santosh hospital
8517,car,trim_1435,trim_7718,-2373.23,-489.96,403.56,-738.32,5.08,1.82,1.48,1200,143.9,21,0.808,,
8518,car,trim_9268,trim_2291,-1987.25,1124.54,2233.89,1099.62,4.77,1.77,1.46,1250,164.8,38,0.687,,
8519,car,trim_3977,trim_429,-474.64,1146.59,-2267.22,182.49,4.22,1.61,1.63,1743,146.5,40,0.687,,
8520,car,trim_3600,trim_5477,-264.28,272.92,2425.1,51.46,4.1,1.84,1.44,1687,162.4,22,0.755,,
8521,car,12278350541,11909847465,2332.78,-1344.59,2264.66,-992.59,4.04,1.94,1.61,1124,176.1,43,0.758,,
8522,car,trim_1333,trim_4728,-1674.92,-164.68,283.18,-1311.27,5.1,1.85,1.57,1545,169.4,36,0.695,,
8523,car,trim_2475,trim_9035,-188.06,1253.81,-1219.62,1155.28,4.27,1.66,1.59,1540,143.8,26,0.763,,
8524,car,trim_4123,trim_7832,1870.89,947.02,432.39,738.7,4.74,1.89,1.42,1029,144.3,24,0.667,,
8525,car,trim_5448,9857115608,2223.89,148.22,-2265.96,-1045.15,4.04,1.61,1.57,1497,163.5,30,0.677,,
8526,car,trim_7431,9854981025,-2318.34,-213.73,1771.48,-614.53,4.89,1.88,1.44,1714,168.9,33,0.713,,
8527,car,11245412649,10205548837,-2206.73,812.38,2299.62,-883.77,4.07,1.72,1.47,1174,154.5,55,0.856,,
8528,car,9858060952,trim_5579,-267.88,490.42,1631.21,-252.37,4.62,1.75,1.59,1414,157.4,69,0.72,,
8529,car,9859738804,trim_8583,-733.09,-1178.03,-305.44,-1493.23,4.62,1.89,1.58,1889,151.8,16,0.874,,
8530,car,9852961434,trim_1994,-2241.99,274.86,-80.36,8.26,4.16,1.65,1.61,1617,164.5,79,0.878,,
8531,motorcycle,trim_7825,trim_2619,2103.14,-1196.75,-1412.01,632.16,2.08,0.82,1.12,193,121.1,60,0.726,,
8532,motorcycle,2970305473,trim_8810,221.86,2219.77,726.4786947592181,264.3488528011561,1.98,0.7,1.21,176,158.0,75,0.888,,
8533,car,trim_5368,trim_7338,1762.94,-279.86,1309.24,-306.77,4.08,1.86,1.51,1348,175.5,42,0.827,,
8534,car,4225324620,trim_3060,754.38,-194.83,-75.8,571.85,4.35,1.75,1.51,1406,174.5,23,0.722,,
8535,car,trim_8619,9861682124,204.15,-1111.92,-1445.29,-1051.86,4.43,1.73,1.6,1550,153.1,76,0.997,,
8536,car,trim_8725,9168861142,-367.63,736.65,-1738.8,15.95,4.79,1.75,1.42,1721,175.8,59,0.663,,
8537,car,trim_2553,9843794917,2115.81,681.33,2310.14,1000.07,4.18,1.77,1.38,1535,176.4,32,0.705,,
8538,car,9857682455,trim_684,-302.48,-869.17,-1606.48,623.93,4.15,1.69,1.5,1177,151.7,34,0.806,,
8539,car,11176468176,trim_2358,-1034.38,-510.32,-1719.09,-1025.6,4.48,1.66,1.39,1657,141.2,59,0.704,,
8540,car,6928966889,9168883615,-1777.35,-1491.53,-615.91,-1725.49,4.88,1.76,1.4,1724,151.4,51,0.717,,
8541,car,4227797878,11104704530,693.43,-1585.56,2413.01,-542.69,4.07,1.72,1.41,1748,174.8,73,0.744,,
8542,car,trim_5293,trim_4660,1109.2,373.58,1633.56,-1030.91,4.88,1.79,1.36,1421,147.2,58,0.841,,
8543,car,12143652430,trim_4613,-901.51,-1169.13,-388.26,1011.29,4.71,1.69,1.53,1047,162.9,36,0.849,,
8544,car,trim_5580,9168897691,1633.63,-247.99,-328.5,-897.28,5.07,1.86,1.62,1315,176.3,37,0.779,,
8545,car,trim_6300,trim_9700,-254.68,-1030.18,1443,-572.7,4.85,1.68,1.4,1044,160.2,29,0.896,,
8546,car,trim_1618,9857625477,-1347.04,-471.28,-1263.23,-1001.79,4.41,1.74,1.44,1895,142.2,21,0.764,,
8547,car,9852318748,5170787193,-1420.21,501.18,1777.57,486.43,4.72,1.93,1.42,1714,162.2,54,0.772,,
8548,car,trim_6257,trim_7588,-530.08,-1084.58,-514.61,-797.04,4.34,1.66,1.59,1439,175.6,41,0.652,,
8549,car,trim_1717,trim_1559,-177.28,-1413.74,-1157.08,-550.42,4.92,1.84,1.5,1147,174.3,63,0.871,,
8550,car,trim_5402,trim_8935,2153.47,348.05,-142.14,637.2,4.72,1.63,1.64,1718,158.5,46,0.764,,
8551,car,trim_5873,trim_5238,-1667.55,374.14,1768.7,30.37,4.61,1.79,1.49,1116,178.9,16,0.992,,
8552,car,9857157137,trim_5153,1160.48,20.08,2063.11,-52.53,4.9,1.9,1.36,1174,163.1,19,0.906,,
8553,car,trim_692,trim_1276,-1243.38,721.14,-1259.44,338.58,4.95,1.65,1.57,1792,170.7,21,0.87,,
8554,car,trim_7614,9852893329,214.72,-334.54,-1622.25,-1311.2,4.35,1.72,1.61,1391,178.4,38,0.682,,
8555,car,12099984753,2960361442,-468.25,1150.12,-2603.16,-19.58,4.39,1.95,1.38,1099,163.0,69,0.768,,
8556,car,10205548836,trim_582,2287.4,-875.91,-1683.1,553.74,4.09,1.94,1.43,1468,146.4,28,0.825,,
8557,car,trim_6508,trim_3430,-30.9,-196.62,-126.2,443.2,4.83,1.94,1.62,1897,147.2,43,0.899,,
8558,car,trim_7216,trim_6267,-2071.31,-206.67,-611.47,-729.84,4.08,1.67,1.51,1842,160.8,73,0.861,,
8559,motorcycle,trim_3828,trim_3060,-598.95,-976.93,-75.8,571.85,2.05,0.77,1.08,115,130.7,21,0.82,,
8560,car,5170633533,trim_4685,2278.59,313.38,1582.48,-141.81,4.72,1.86,1.35,1833,165.1,39,0.741,,
8561,car,2960299884,trim_3889,-1990.48,665.84,916.91,186.19,4.1,1.81,1.48,1790,162.2,26,0.875,,
8562,car,trim_2008,trim_3308,-359.07,40.25,-57.92,-171.62,4.39,1.83,1.59,1558,140.7,17,0.829,,
8563,car,4227743918,trim_4708,-1139.78,1766.68,-1338.36,1239.62,4.51,1.71,1.51,1571,147.2,77,0.827,,
8564,motorcycle,trim_2717,trim_3020,-2348.58,703.36,-1492.45,1332.43,2.1,0.84,1.21,213,134.8,42,0.668,,
8565,car,9168881216,trim_3772,2016.38,624.16,-242.43,-663.38,4.57,1.82,1.41,1292,151.4,59,0.778,,
8566,car,trim_1050,11056361049,-831.64,75.64,1296.69,502.51,4.59,1.76,1.42,1167,159.0,55,0.708,,
8567,car,4225352008,9852405460,-1027.69,1345.66,-2446.8,-338.04,4.51,1.9,1.64,1171,170.2,48,0.687,,
8568,motorcycle,5170637556,trim_6732,1312.68,62.85,-472.64,1049.19,2.11,0.88,1.09,196,119.5,80,1.042,,
8569,car,9843992517,trim_4278,-2239.88,1201.96,1938.58,-343.68,4.97,1.63,1.62,1440,164.2,52,0.775,,
8570,car,trim_2952,trim_6192,-1716.09,1482.05,-1315.06,-785.47,4.19,1.73,1.53,1419,146.7,52,0.688,,
8571,car,9857350837,trim_2098,-1763.73,96.45,618.7,-106.75,4.56,1.74,1.56,1582,166.9,18,0.755,,
8572,motorcycle,trim_6211,trim_8239,-1439.24,-947.81,-2279.65,-764.46,2.25,0.71,1.23,112,102.6,33,0.874,,
8573,car,trim_1114,trim_8871,-1459.81,236.75,2467.38,-945.51,4.44,1.67,1.37,1515,149.1,59,0.797,,
8574,bus,trim_920,9858060970,-1274.75,-175.84,539.86,-208.68,9.54,2.5,3.18,13465,76.8,36,0.844,,
8575,motorcycle,trim_6423,2970305120,2294.64,563.6,2061.11,-1137.08,2.06,0.86,1.35,243,143.6,68,0.855,,
8576,car,2960358807,trim_1931,-2200.68,-445.68,-357.88,-1320.71,4.58,1.89,1.64,1675,143.7,65,0.701,,
8577,car,9168965283,trim_6817,1330.69,136.13,314.79,748.96,4.14,1.68,1.35,1548,152.3,33,0.834,,
8578,car,11777944683,9857826566,716.06,798.74,-24.54,-697.22,4.21,1.87,1.55,1184,177.8,35,0.692,,
8579,car,trim_6339,9858060977,1912.14,950.85,475.14,-320.37,5.04,1.79,1.57,1742,149.0,63,0.882,,
8580,bus,trim_42,11056361043,88.06,599.48,1269.94,487.81,9.05,2.51,3.42,9764,91.0,53,0.849,,
8581,car,trim_7160,trim_1598,-1849.31,299.71,-1424.89,-452.64,4.4,1.75,1.53,1006,176.1,67,0.883,,
8582,car,trim_5855,trim_2149,2358.77,-750.54,1880.9,902.79,4.27,1.82,1.49,1221,158.7,77,0.863,,
8583,motorcycle,11909810072,trim_7918,2429.57,-1044.48,-1587.14,388.79,1.92,0.77,1.12,232,133.2,64,0.664,,
8584,motorcycle,trim_9466,9843651263,100.04,-1143.72,2193.56,523.69,1.89,0.81,1.09,124,98.4,74,0.92,,
8585,car,10205548838,2960336679,2183.36,-928.56,-1651.17,-230.65,4.23,1.8,1.58,1023,177.5,52,0.7,,
8586,car,2960328332,4227743867,-1570.52,45.24,-1495.1,1153.46,5.03,1.69,1.38,1726,152.3,21,0.803,,
8587,car,9852318741,trim_1973,-1507.65,541.24,132.62,983.42,4.18,1.74,1.51,1840,167.5,30,0.814,,
8588,car,11909810155,trim_9360,2072.45,-500.64,922.39,407.95,4.06,1.85,1.59,1227,149.0,75,0.829,,
8589,car,9857987906,9857826594,29.96,160.37,226.24,-137.6,4.51,1.88,1.5,1881,177.9,32,0.741,,
8590,car,trim_562,12143947358,-1608.04,166.17,659.31,925.63,4.62,1.75,1.55,1492,162.4,25,0.667,,
8591,car,trim_2775,4227743701,-2351.36,364.73,-917.29,-1279.35,4.97,1.77,1.55,1773,158.2,43,0.871,,
8592,truck,11491683793,trim_4047,230.34,687.25,766.39,51.57,9.98,2.53,3.3,5470,92.3,63,0.738,,
8593,car,12096814568,trim_449,995.98,131.71,-2113.39,-489.79,4.31,1.69,1.63,1496,146.0,71,0.747,,
8594,motorcycle,trim_9061,11143272202,-1787.7,1266.69,1699.6,729.81,1.92,0.75,1.19,171,137.4,17,0.811,,
8595,car,trim_1081,trim_4131,-815.32,-385.28,2222.84,879.75,4.45,1.84,1.59,1285,154.8,25,0.866,,
8596,car,trim_7061,trim_410,-2099.03,748.18,-2091.92,137.84,4.38,1.87,1.46,1195,162.9,35,0.673,,
8597,car,trim_9122,trim_9443,2097.92,1108.55,-1348.37,473.88,4.02,1.92,1.54,1276,176.0,61,0.893,,
8598,car,trim_7978,trim_4993,-962.82,538.89,1605.22,-547.19,4.24,1.6,1.45,1248,178.7,44,0.834,,
8599,motorcycle,1680194602,2960361585,-2052.1,173.95,-1359.45,-606.52,1.95,0.72,1.13,156,143.3,77,0.915,,
8600,car,3887993328,trim_8688,1697.93,1147.47,-640.45,1249.87,4.56,1.77,1.62,1809,168.5,42,0.778,,
8601,car,trim_2110,trim_8254,234.15,-151.12,-233.44,-863.08,5.1,1.89,1.38,1523,144.8,62,0.759,,
8602,car,trim_1701,4225076175,-116.32,-1406.62,-2258.66,768.14,4.82,1.89,1.62,1895,152.1,19,0.81,,
8603,car,trim_5384,trim_7796,2188.22,101.72,-33.13,-926.93,4.24,1.85,1.62,1080,176.6,69,0.725,,
8604,car,9852257573,trim_1388,-2340.28,229.54,-2202.07,-445.06,4.28,1.88,1.59,1846,142.1,42,0.828,,
8605,car,2962837730,5170849705,-242.53,-1647.66,-1169.52,1000.96,4.88,1.73,1.38,1411,142.4,19,0.752,,
8606,car,3887993299,trim_8760,1538.69,1032.81,-31.89,-1414.85,4.96,1.82,1.53,1145,140.9,27,0.849,,
8607,car,trim_7806,trim_5022,201.07,-1521.98,2120,-610.22,4.35,1.63,1.58,1122,176.7,55,0.65,,
8608,car,trim_1350,9852436589,-2315.69,-216.14,-2090.42,-1094.98,4.68,1.68,1.39,1117,158.3,54,0.688,,
8609,car,4225324858,trim_5455,1429.19,910.95,2051.23,122.33,4.06,1.74,1.53,1850,166.3,18,0.82,,
8610,car,trim_5919,trim_3737,-983.71,881.53,-450.43,-817.46,4.62,1.88,1.63,1026,158.6,38,0.82,,
8611,ambulance,trim_3341,trim_8884,-248.45,-188.74,2074.88,-594.52,5.89,2.17,2.55,3173,135.3,38,0.486,b_353140064,Shree Parshvanath Digambar Jain Charitable Hospital
8612,car,trim_1936,trim_8586,-464.06,-1419.49,-220.08,-1466.89,4.74,1.64,1.61,1727,179.3,75,0.926,,
8613,car,9168881196,trim_3763,2062.77,611.72,-662.47,-1205.5,4.72,1.63,1.52,1455,173.6,51,0.892,,
8614,car,6674480292,trim_7529,-557.17,580.97,-1073.49,-923.86,5.0,1.8,1.54,1319,179.6,52,0.779,,
8615,car,trim_9240,trim_6039,-595.74,-81.43,-1626.28,747.34,4.14,1.73,1.6,1632,175.5,23,0.839,,
8616,truck,2960299901,12130798615,-2206.02,1317.57,-818.08,168.79,7.12,2.44,2.93,13252,97.2,25,0.719,,
8617,car,trim_6025,trim_1257,-1273.5,1315.51,-1002.05,394,4.62,1.61,1.65,1315,157.7,40,0.868,,
8618,car,trim_5260,9859738815,2478.34,5.1,602.1,-1010.6,4.59,1.63,1.46,1508,150.6,32,0.78,,
8619,car,9844004266,trim_579,-2377.32,742.6,-1667.57,501.7,4.51,1.83,1.61,1156,179.0,64,0.79,,
8620,car,trim_2407,9852338751,146.22,1477.53,-2046.99,-306.3,4.77,1.79,1.58,1492,177.9,74,0.746,,
8621,car,trim_9386,11499173754,-1353.35,440.55,224.48,1290.14,4.34,1.66,1.37,1813,145.3,27,0.833,,
8622,motorcycle,trim_4636,9880891789,-1377.68,979.3,2515.28,1136.64,2.12,0.78,1.13,203,124.8,66,0.808,,
8623,car,trim_1500,9857996502,-1236.06,-1172.55,-1183.23,377.31,4.62,1.88,1.41,1098,151.5,21,0.803,,
8624,motorcycle,9857750378,9857647463,19.75,-980.22,-1008.19,-1197.81,2.22,0.79,1.31,168,147.9,16,0.963,,
8625,car,trim_9210,trim_2453,2284.13,32.02,-2377.57,760.33,4.46,1.81,1.45,1018,144.7,63,0.707,,
8626,car,trim_6899,5170655693,-2259.67,1363.56,2086.02,-47.77,4.14,1.63,1.6,1786,150.3,31,0.804,,
8627,car,trim_6038,4227798473,-1189.29,944.3,2093,536.59,4.85,1.74,1.57,1681,167.1,73,0.81,,
8628,bus,11499043125,trim_1050,-851.45,965.97,-831.64,75.64,10.38,2.49,3.47,10499,77.1,26,0.692,,
8629,car,9852465883,trim_4305,-1829.8,-1468.13,1567.25,649.36,4.53,1.87,1.55,1527,146.1,65,0.788,,
8630,car,trim_2574,9852348510,1540.15,1036.5,-1381.65,-555.43,4.74,1.85,1.5,1425,153.4,66,0.673,,
8631,motorcycle,trim_9623,trim_8634,33.27,-824.08,276.11,-1195.34,2.23,0.81,1.07,256,104.9,57,0.67,,
8632,car,trim_8948,trim_6951,1134.52,1246.04,2189.27,1299.88,4.5,1.61,1.54,1263,171.6,62,0.683,,
8633,motorcycle,9899655655,trim_6408,-964.31,-35.18,2389.85,613.2,1.95,0.7,1.28,122,111.7,18,0.984,,
8634,car,trim_4393,trim_4514,2426.66,1029.55,1901.32,772.19,4.26,1.7,1.65,1759,168.8,57,0.752,,
8635,car,2970305102,trim_5130,2188.98,-1391.34,2479.9,-706.52,4.01,1.68,1.64,1784,153.6,71,0.937,,
8636,bus,trim_7241,trim_2660,-2439.59,-336.76,1800.4,-1750.98,10.47,2.58,3.17,13286,70.4,80,0.984,,
8637,car,trim_2597,12123899062,1625.47,1514.89,-1699.48,-1018.89,4.73,1.93,1.4,1830,152.1,77,0.843,,
8638,car,9857331054,4225172222,-1966.31,-712.02,-1139.47,-452.4,4.21,1.68,1.61,1848,165.0,37,0.728,,
8639,car,2960326196,trim_4864,-1007.83,-342.42,781.23,640.01,4.71,1.63,1.64,1248,175.7,20,0.774,,
8640,car,12124082194,trim_4829,-759.83,-800.99,-480.52,-575.46,4.96,1.86,1.37,1684,140.2,76,0.909,,
8641,car,trim_693,12109680688,-1295.69,829.69,1425.16,1313.17,5.03,1.63,1.53,1857,146.0,29,0.667,,
8642,car,trim_7843,trim_1920,2019.07,1037.38,-357.62,-1317.07,4.48,1.92,1.61,1746,147.5,22,0.834,,
8643,car,trim_3145,9852961421,595.29,14.3,-1397.5,-1172.15,4.43,1.64,1.53,1525,140.2,45,0.796,,
8644,car,9168861145,trim_1499,-1155.95,151.91,-1238.99,-1176.6,5.04,1.84,1.35,1670,164.6,20,0.919,,
8645,car,trim_2259,4225324698,-528.42,27.28,878.5,276.41,4.19,1.61,1.61,1708,156.5,36,0.675,,
8646,car,trim_7646,trim_9669,220.64,-121.07,-1620.03,385.18,4.62,1.77,1.45,1150,174.7,78,0.948,,
8647,car,2960299956,2970305370,-1269.43,512.88,-1009.3,911.55,4.59,1.73,1.62,1533,173.8,50,0.764,,
8648,car,9852318737,trim_3160,-1358.24,532,496.08,401.03,4.11,1.65,1.64,1772,140.8,68,0.837,,
8649,car,trim_2305,11777944687,564.55,1332.57,679.63,765.23,4.97,1.6,1.52,1431,144.2,54,0.703,,
8650,car,9884318197,trim_6125,657.61,694.27,-1293.94,-113.52,5.04,1.71,1.38,1192,151.1,31,0.73,,
8651,car,trim_1686,trim_5069,-160.24,-1227.21,2444.28,261.94,5.05,1.88,1.59,1139,179.9,20,0.731,,
8652,car,trim_518,9168946249,-1992.62,-1202.08,2021.79,390.22,5.05,1.76,1.6,1163,140.2,29,0.773,,
8653,bus,trim_555,trim_5162,-1513.79,-28.79,1591.74,-380.98,12.21,2.54,3.15,8787,82.1,57,0.842,,
8654,car,10187672618,9168986433,10.61,998.37,-315.62,869.63,4.51,1.92,1.46,1143,163.5,20,0.694,,
8655,car,9857196231,trim_9019,-2659.46,159.15,1107.25,197.85,4.87,1.95,1.48,1796,159.2,21,0.783,,
8656,car,trim_9363,trim_5498,1046.9,355.27,2427.76,336.42,4.6,1.79,1.39,1319,161.9,53,0.658,,
8657,car,trim_1358,9852938592,-2431.47,-225.1,-1489.26,-59.42,4.09,1.76,1.44,1361,141.7,47,0.865,,
8658,car,trim_2420,trim_288,-477.69,1514.55,56.4,-649.11,4.41,1.73,1.41,1369,174.4,48,0.715,,
8659,car,trim_5441,trim_488,1972.29,-242.38,-1772.57,1121.41,5.06,1.9,1.63,1312,160.2,71,0.944,,
8660,car,trim_5104,trim_575,1634.21,-439.04,-1983.08,653.15,4.95,1.93,1.43,1039,145.6,52,0.758,,
8661,motorcycle,11143288409,trim_1098,1220.92,862.35,-819.21,-383.84,2.1,0.77,1.23,174,145.1,32,0.864,,
8662,car,4227743801,trim_9425,868.46,299.72,-545.93,-974.88,4.73,1.61,1.5,1459,149.2,17,0.901,,
8663,car,12096814570,trim_8303,1004.04,107.94,632,-724.18,4.21,1.67,1.37,1894,172.8,69,0.725,,
8664,car,trim_1024,11983071278,-922.76,214.86,1137.42,1250.39,5.04,1.85,1.58,1810,145.5,79,0.854,,
8665,car,9857331041,9903339253,-2368.11,-588.69,-85.59,969.45,4.84,1.88,1.58,1156,168.3,47,0.842,,
8666,car,11198955256,4227798165,-1879.1,-634.68,1901.94,-203.35,4.09,1.84,1.53,1413,162.7,28,0.684,,
8667,car,trim_3733,trim_761,-419.04,-750.74,-1123.14,1031.13,4.69,1.85,1.61,1178,144.2,54,0.796,,
8668,car,trim_6315,trim_8056,1641.09,1400.54,2385.54,-1042.07,4.91,1.79,1.54,1442,169.7,52,0.764,,
8669,car,trim_2319,12397549325,731.37,287.9,1681.29,954.61,5.03,1.68,1.55,1792,154.9,69,0.719,,
8670,car,9843084745,trim_4548,-2343.44,716.07,1276.45,-369.78,4.29,1.6,1.42,1227,158.0,40,0.86,,
8671,car,trim_8649,trim_476,281.34,-1224.15,-1845.12,261.35,4.22,1.63,1.64,1261,152.7,54,0.783,,
8672,car,9932949303,11491683793,-1592.72,-1401.4,230.34,687.25,4.54,1.83,1.38,1169,154.9,77,1.009,,
8673,car,trim_7708,6928966912,468.71,-321.55,-1584.51,-1469.02,5.06,1.67,1.62,1058,140.5,65,0.692,,
8674,car,2960312522,2960312466,-1035.69,-447.62,-1217.48,88.81,4.53,1.81,1.61,1069,151.1,77,0.849,,
8675,car,trim_6117,trim_6270,-1395.28,149.42,-550.24,-754.75,4.91,1.74,1.46,1049,173.5,79,0.989,,
8676,car,trim_3222,11176439512,462.84,-284.54,-822.09,-665.25,4.82,1.87,1.42,1224,179.7,44,0.878,,
8677,car,2960312546,trim_4803,-1225.14,-156.77,-1226.76,1188.39,4.81,1.85,1.61,1416,154.9,70,0.889,,
8678,car,3887993286,11747124026,1391.1,1027.17,-648.55,854.8,4.66,1.89,1.53,1119,142.3,68,0.7,,
8679,car,trim_7021,trim_2273,-2477.62,399.69,1044.36,877.01,4.53,1.68,1.5,1102,151.1,78,0.807,,
8680,car,trim_4232,trim_4165,-73.36,709.97,1508.98,786.82,4.43,1.94,1.35,1506,142.0,71,0.871,,
8681,car,trim_6480,trim_3273,1694.96,-135.55,127.37,-480.83,4.2,1.88,1.61,1501,160.7,48,0.754,,
8682,motorcycle,trim_3239,trim_1745,-250.22,581.44,-85.02,-1426.72,2.06,0.73,1.31,122,140.9,40,0.721,,
8683,car,trim_1237,4227743973,-1465.53,-195.98,-1006.47,2649.39,4.78,1.63,1.39,1184,163.8,40,0.659,,
8684,car,6294258001,trim_9643,-2148.68,-757.53,-1320.68,1136.01,4.99,1.72,1.51,1127,162.5,16,0.802,,
8685,car,trim_433,7134890036,-2343.06,87.49,2245.79,-1059.59,4.42,1.71,1.51,1498,177.8,61,0.729,,
8686,truck,2960326186,trim_644,-1097.34,-166.68,-2205.35,426.54,8.53,2.56,3.66,12460,92.7,26,0.717,,
8687,car,2960336679,trim_4172,-1651.17,-230.65,-457.86,918.29,4.05,1.79,1.53,1864,170.9,24,0.693,,
8688,car,trim_7252,9855693599,-2123.96,-1068.17,1545.81,104.84,4.82,1.6,1.56,1617,148.7,70,0.904,,
8689,motorcycle,9853262757,11015711797,1394.54,189.08,-1020.87,707.27,2.3,0.73,1.21,166,131.1,61,0.843,,
8690,car,trim_3366,trim_8143,1048.07,-820.25,-2091.2,-1104.69,4.65,1.92,1.52,1883,146.5,56,0.652,,
8691,car,2960326537,trim_3982,-1432.38,370.75,865.88,816.16,4.32,1.94,1.59,1801,158.0,30,0.824,,
8692,car,trim_7447,9858060967,-2086.18,101.43,794.33,447.16,4.74,1.9,1.62,1562,162.0,61,0.872,,
8693,motorcycle,trim_8469,2970305349,2025.41,1023.25,-953.3,667.65,2.28,0.67,1.4,164,149.5,54,0.798,,
8694,car,4225172207,trim_5233,-215.9,-558.88,2172.58,-754.54,4.32,1.73,1.6,1341,153.9,61,0.861,,
8695,car,12098509911,trim_1285,1799.96,-317.34,-1375.83,342.06,4.74,1.81,1.57,1854,153.5,43,0.66,,
8696,car,5170637561,trim_670,1387.16,8.33,-1654.4,616.5,4.69,1.69,1.59,1523,179.4,23,0.652,,
8697,car,trim_1538,trim_4854,-1031.77,-1008.54,241.15,-1162.2,5.03,1.9,1.43,1147,178.6,54,0.699,,
8698,car,trim_3636,12096819274,-579.63,-932.47,1148.98,-296.71,4.23,1.93,1.35,1248,178.9,75,0.822,,
8699,car,trim_9630,9857331053,302.68,-1213.33,-1966.12,-709.47,4.39,1.69,1.55,1573,144.9,75,0.912,,
8700,truck,trim_4168,trim_915,-514.98,909.01,-1257.53,-17.47,11.01,2.34,3.34,14963,75.7,63,0.795,,
8701,car,trim_9153,trim_5572,-1175.96,-193.86,1681.75,-518.37,4.59,1.62,1.62,1368,151.8,53,0.801,,
8702,car,trim_5263,trim_4206,2185.93,98.87,1082.86,361.11,4.39,1.73,1.59,1552,160.5,48,0.696,,
8703,car,2960326186,9852436603,-1097.34,-166.68,-2232.41,-779.44,4.98,1.85,1.53,1665,172.4,80,1.031,,
8704,motorcycle,11302966226,9843521236,892.09,1058.24,1418.09,528.96,2.06,0.79,1.23,260,120.4,61,0.73,,
8705,car,trim_8157,2960336778,1930.58,-639.03,-1121.35,335.31,4.62,1.73,1.42,1221,157.1,70,0.904,,
8706,car,4225077441,4227798212,-1755.23,1044.19,1332.24,-66.13,4.03,1.89,1.37,1593,142.1,63,0.703,,
8707,car,trim_6949,9859738804,2235.69,1102.61,-733.09,-1178.03,4.71,1.76,1.5,1544,147.3,80,0.993,,
8708,car,9844249452,trim_3592,-2130.24,781.51,345.11,530.04,4.08,1.85,1.39,1463,171.1,50,0.718,,
8709,motorcycle,9168934137,5170783079,2353.94,912.99,1761.79,492.39,1.98,0.81,1.2,247,153.6,71,0.861,,
8710,car,2962838311,trim_2379,-103.45,-1156.11,-556.08,1273.18,4.56,1.77,1.64,1833,159.8,78,0.83,,
8711,car,5170798225,12918589240,73.53,346.31,-814.36,660.64,4.94,1.87,1.44,1732,179.0,38,0.775,,
8712,car,trim_3377,trim_5498,499.75,113.47,2427.76,336.42,4.39,1.71,1.58,1141,141.9,70,0.923,,
8713,motorcycle,trim_9104,trim_2219,1827.01,384.29,2151.83,-1236.88,2.05,0.73,1.26,167,114.9,21,0.841,,
8714,car,5170798255,2960336668,271.31,-248.21,-1576.51,-356.34,4.55,1.74,1.59,1351,175.4,70,0.857,,
8715,car,trim_8654,trim_1787,243.81,-1348.73,56.02,-1198.68,4.14,1.74,1.54,1801,165.4,72,0.942,,
8716,car,trim_6791,trim_4616,293.73,869.48,-373.93,934.43,4.15,1.88,1.63,1413,165.9,65,0.745,,
8717,car,trim_2546,11176413074,-742.46,1242.14,-1331.51,-260.74,4.85,1.88,1.58,1846,140.8,73,0.782,,
8718,car,trim_7500,trim_1855,-1349.74,-718.59,-275.11,-727.89,4.1,1.76,1.58,1678,179.5,33,0.892,,
8719,car,12124090600,trim_8721,2329.12,738.35,-941.62,1203.26,4.37,1.82,1.39,1336,145.2,49,0.888,,
8720,car,trim_6123,trim_3453,-1327.82,-120.52,1330.15,-794.26,4.91,1.63,1.53,1836,142.4,52,0.703,,
8721,car,trim_6233,4227743969,-997.74,-1095.82,-871.25,2526.3,4.69,1.91,1.49,1520,150.3,74,0.905,,
8722,car,5170679563,9854981033,-1328.06,782.03,1955.96,-482.69,4.9,1.66,1.59,1740,141.8,60,0.66,,
8723,car,trim_2173,trim_2398,709.97,-187.41,-594.29,1462.96,4.84,1.77,1.42,1521,166.4,38,0.676,,
8724,car,trim_8263,trim_72,-1475.38,-1120.58,554.75,-762.51,4.76,1.85,1.49,1666,158.5,19,0.841,,
8725,car,trim_2722,11491310681,-2279.95,555.66,-336.8,-1128.02,4.63,1.9,1.48,1223,162.0,23,0.682,,
8726,car,4227798147,trim_2490,1657.53,-257.53,103.13,1153.88,4.15,1.76,1.6,1092,158.8,61,0.818,,
8727,motorcycle,12098285449,2960361583,-1504.68,1256.08,-1370.91,-577.75,2.06,0.87,1.25,206,92.1,19,0.788,,
8728,car,trim_3273,trim_8306,127.37,-480.83,628.9,-725.63,4.64,1.92,1.59,1607,144.1,69,0.875,,
8729,car,trim_4942,trim_271,-1566.64,1281.71,56.4,-644.98,4.43,1.69,1.63,1035,160.1,31,0.674,,
8730,car,trim_1998,12129943954,-38.36,113.37,-1541.76,743.68,4.22,1.72,1.61,1759,160.6,63,0.828,,
8731,car,5170823221,trim_719,874.79,341.11,-1618.29,680.75,4.8,1.62,1.46,1593,148.7,80,0.975,,
8732,truck,9855014992,trim_4108,1637.75,-26.72,2321.21,776.31,10.55,2.5,3.08,12395,86.4,50,0.677,,
8733,car,trim_1599,7249093950,-1349.85,-468.66,352.44,482.28,4.52,1.76,1.57,1466,160.2,54,0.766,,
8734,car,9168946252,trim_6469,1944.8,476.66,1605.52,468.81,4.77,1.8,1.47,1149,171.1,41,0.726,,
8735,car,trim_5978,7222770488,353.85,479.99,192.5,-1645.71,4.72,1.84,1.5,1088,159.7,26,0.664,,
8736,car,4225172291,trim_7484,538.35,-77.8,-1320.85,261.49,4.17,1.67,1.51,1233,177.3,53,0.763,,
8737,car,trim_4755,trim_59,-1591.1,1034.19,155.22,-136.36,4.5,1.8,1.51,1363,150.1,78,1.021,,
8738,car,trim_2770,trim_1604,-2448.12,444.54,-1434.85,-494.28,4.27,1.66,1.47,1492,143.6,68,0.813,,
8739,car,trim_404,trim_6944,-2131.83,64.45,2192.26,1297.87,4.07,1.93,1.38,1436,167.2,43,0.67,,
8740,car,trim_3794,9857682460,-705.7,-859.03,-397.74,-825.56,4.14,1.9,1.51,1322,177.0,51,0.859,,
8741,motorcycle,trim_6845,9857996503,-2294.09,266.85,-1345.58,407.61,1.85,0.88,1.26,256,139.8,31,0.82,,
8742,truck,4225324653,trim_3093,920.97,53.77,-59.08,231.22,11.91,2.51,2.94,12470,94.0,59,0.824,,
8743,car,trim_2538,trim_7814,-781.46,1473.21,7.66,241.28,4.21,1.6,1.63,1816,160.7,26,0.837,,
8744,car,trim_1090,trim_3847,-998.05,-338.78,-584.12,-1044.49,4.88,1.87,1.6,1632,164.3,73,0.766,,
8745,motorcycle,12139772180,trim_991,1913.5,-1433.41,-559.78,-210.77,2.17,0.72,1.38,118,140.1,68,0.798,,
8746,car,trim_5990,trim_4853,2491.58,-1151.01,243.94,-1166.34,4.43,1.77,1.39,1534,161.9,29,0.888,,
8747,car,9859655316,trim_3086,375.12,-1332.61,-458.29,76.65,4.69,1.81,1.53,1478,159.3,79,0.986,,
8748,car,9857249963,trim_5033,-1886.71,-577.51,2338.37,-518.74,4.22,1.77,1.44,1575,167.7,43,0.759,,
8749,ambulance,4225324816,trim_714,1136.85,802.27,-1294.37,832.56,6.42,2.04,2.73,3234,152.0,46,0.699,b_9710,Hospital (building b_9710)
8750,car,trim_2230,trim_5913,421.06,-697.88,-1707.69,-1310.76,4.73,1.84,1.5,1508,177.3,40,0.701,,
8751,car,trim_9218,trim_7990,1818.59,164.87,-1422.18,-1189.96,4.46,1.63,1.41,1822,140.4,58,0.685,,
8752,car,trim_2972,trim_3497,-2179.26,1238.99,-9.07,-63.15,4.63,1.89,1.46,1189,179.0,74,0.852,,
8753,car,trim_2016,trim_3860,1486.72,313.79,-766.54,-1187.57,4.94,1.78,1.38,1596,151.7,78,0.984,,
8754,car,9857647477,12130698096,-627.79,-1121.48,-1094.55,443.64,4.29,1.68,1.52,1634,158.9,31,0.704,,
8755,car,11143195276,trim_4455,2305.24,609.4,1731.57,119.04,4.89,1.65,1.55,1234,165.3,37,0.88,,
8756,car,trim_1834,11499041119,-177.52,-1011.16,-941.58,1196.18,4.54,1.78,1.62,1399,142.0,25,0.683,,
8757,motorcycle,trim_7091,trim_9456,-2334.51,674.5,2021.43,376.15,2.26,0.86,1.34,117,105.7,46,0.812,,
8758,car,4225324644,trim_5463,1087.24,-4.03,1794.38,-27.98,4.09,1.65,1.64,1814,158.7,48,0.858,,
8759,motorcycle,11056361048,9168951487,1297.61,495.92,502.29,-1134.58,2.04,0.89,1.39,210,118.9,64,0.821,,
8760,car,trim_819,trim_9526,-1226.35,207.01,1671.74,950.29,4.17,1.66,1.5,1362,158.0,47,0.672,,
8761,car,11001379068,trim_5958,-2413.65,-1027.25,-952.31,-1457.26,5.09,1.75,1.38,1570,167.7,68,0.819,,
8762,car,trim_5085,9857647474,2017.94,-1.28,-723.39,-1251.15,5.07,1.68,1.52,1685,157.1,49,0.859,,
8763,car,9168854795,2960299897,2041.78,1278.32,-2192.21,1259.09,4.34,1.89,1.4,1220,163.9,49,0.787,,
8764,car,11168934280,trim_934,350.16,139.52,-999.13,243.02,4.11,1.74,1.43,1467,159.0,28,0.657,,
8765,motorcycle,trim_6216,2960366916,-1472.08,-1119.21,-1525.58,-411.8,2.19,0.87,1.36,219,120.3,34,0.805,,
8766,car,9168934140,2960326186,2308.33,858.99,-1097.34,-166.68,5.05,1.81,1.53,1423,144.3,59,0.863,,
8767,car,trim_8777,trim_4237,64.59,-1059.24,1936.2,199.16,4.41,1.65,1.59,1627,145.9,80,0.929,,
8768,car,trim_908,11015761883,-1313.03,-62.62,-1256.03,542.66,4.14,1.62,1.39,1260,145.7,43,0.775,,
8769,car,11206931703,trim_5801,2058.82,84.79,-2114.87,-720.01,4.86,1.88,1.62,1557,169.8,75,0.809,,
8770,car,trim_5141,trim_4569,2216.51,233.06,1635.08,131.19,4.12,1.87,1.55,1302,178.4,16,0.947,,
8771,car,9168946232,9168861146,2176.54,543.38,-1159.76,160.56,4.86,1.78,1.42,1892,163.0,53,0.743,,
8772,car,trim_7708,trim_3410,468.71,-321.55,334.56,199.9,4.38,1.76,1.37,1646,166.5,37,0.768,,
8773,car,trim_9546,trim_4595,-863.4,-1061.06,2406.34,1406.11,4.23,1.88,1.57,1876,168.4,75,0.815,,
8774,car,2960358810,trim_5375,-2239.62,-444.68,1112.4,372.56,4.76,1.77,1.65,1388,144.8,33,0.784,,
8775,car,trim_7375,9843057340,2100.48,-579.23,-2674.01,1160.8,4.0,1.8,1.58,1015,166.3,19,0.93,,
8776,car,4227798096,trim_3675,1644.85,-485.03,-685.32,-604.47,4.74,1.94,1.36,1511,166.1,47,0.882,,
8777,car,9843050546,9857987897,-2218.5,575.78,-377.71,328.1,4.0,1.65,1.45,1012,178.9,41,0.696,,
8778,bus,trim_9245,9852405455,-492.24,-231.22,-2369.58,-326.26,9.57,2.44,3.21,11362,80.8,19,0.939,,
8779,car,trim_9099,trim_7214,1547.32,282.44,-2026.36,-199.67,4.65,1.78,1.59,1302,145.3,47,0.711,,
8780,car,trim_2183,trim_4701,-93.26,-659.72,1106.33,201.17,4.6,1.72,1.55,1704,166.0,78,0.92,,
8781,motorcycle,trim_2727,trim_2796,-2335.09,1337.58,-1829.25,429.28,2.11,0.83,1.31,134,106.1,61,0.794,,
8782,ambulance,2960361528,trim_993,-960.62,-768.61,-541.61,-198.19,6.18,2.12,2.43,2510,131.2,66,0.693,bn_6888421987,Hospital (building bn_6888421987)
8783,car,11062734042,9168966465,1695.96,107.8,1368.18,1823.68,5.07,1.85,1.61,1085,153.6,74,0.845,,
8784,motorcycle,trim_3868,12109713193,1079.35,-241.46,1848.3,1045.27,2.27,0.85,1.35,221,112.2,21,0.83,,
8785,car,trim_4540,6202105972,-662.27,932.82,549.97,-799.69,4.46,1.62,1.39,1469,167.4,67,0.878,,
8786,car,2970305384,12901340302,2176.17,1086.01,170.29,-280.38,4.39,1.76,1.63,1085,146.1,77,0.839,,
8787,car,trim_8379,trim_8439,-681.92,-548.06,1926.43,647.4,4.16,1.81,1.58,1576,158.7,69,0.757,,
8788,car,4227797915,4225172394,1960.47,-908.58,-450.11,350.01,4.79,1.71,1.62,1372,143.4,35,0.853,,
8789,car,12096791269,9857647477,1112.97,108.41,-627.79,-1121.48,4.33,1.79,1.62,1149,169.3,46,0.821,,
8790,car,trim_8299,13944573781,1791.64,558.32,-267.85,678.39,4.57,1.61,1.5,1087,145.1,32,0.868,,
8791,car,9168883594,trim_6023,-568.61,-1415.71,-1342.53,1305.36,4.73,1.87,1.62,1581,177.2,29,0.687,,
8792,car,trim_2309,9859595985,652.68,854.77,295.35,-1155.55,4.13,1.65,1.6,1850,178.8,35,0.776,,
8793,car,trim_3835,trim_3462,-463.98,-1069.63,486.44,-502.26,4.29,1.89,1.36,1148,178.6,41,0.83,,
8794,car,11187660596,trim_1468,1901.73,811.44,-1413.06,-873.56,4.56,1.69,1.44,1241,166.2,53,0.654,,
8795,car,trim_6615,457278369,2195.94,-121.83,-251.52,-415.51,4.28,1.85,1.51,1665,173.0,46,0.71,,
8796,car,trim_6948,trim_1442,2227.41,1134.58,-1579.48,-702.63,4.8,1.89,1.37,1488,171.1,76,0.946,,
8797,car,trim_4056,trim_4658,1251.06,-427.94,1483.9,-1222.1,4.69,1.85,1.63,1149,154.8,38,0.705,,
8798,car,9854981041,trim_9322,2102.5,-485.48,-2450.53,1266.35,4.88,1.85,1.41,1082,143.0,48,0.77,,
8799,car,trim_2267,2962860519,-195.68,-450.85,-283.29,-1138.83,4.93,1.77,1.39,1814,175.9,64,0.706,,
8800,car,2960336782,trim_7728,-1148.41,426.16,215.77,-807.74,4.78,1.81,1.35,1613,144.2,21,0.765,,
8801,car,trim_9637,11161018541,-1301.58,1005.68,2196.7,-1484.21,4.26,1.91,1.46,1384,144.4,43,0.813,,
8802,car,trim_8407,2960312509,-1633.46,328.04,-1407.47,-280.44,4.08,1.77,1.44,1712,149.0,20,0.718,,
8803,bus,trim_8802,trim_1593,701.67,515.31,-1437.85,-496.09,9.45,2.41,3.26,9411,92.2,73,0.956,,
8804,motorcycle,2970305421,trim_3190,249.95,1713.76,561.31,296.29,2.28,0.89,1.27,187,154.9,64,0.724,,
8805,car,9844249457,trim_6630,-2386.82,512.28,2182.93,-928.04,4.14,1.74,1.42,1304,156.5,44,0.844,,
8806,car,9857647471,trim_5444,-694.88,-1252.88,1619.88,-392.57,4.58,1.68,1.37,1425,174.6,71,0.896,,
8807,motorcycle,trim_6158,11499317443,-1340.39,-696.09,-287.49,1068.83,2.12,0.87,1.13,157,145.8,66,0.798,,
8808,car,trim_6910,trim_1286,-1905.41,881.96,-1354.01,333.05,4.79,1.89,1.6,1428,164.9,79,0.952,,
8809,car,trim_8412,trim_3226,-1458.66,-129.12,-89.88,641.33,4.42,1.83,1.46,1048,174.0,61,0.871,,
8810,motorcycle,2960299839,4224981051,-2069.97,-1112.01,-1930.66,757.76,1.99,0.89,1.2,190,140.8,44,0.699,,
8811,car,trim_2416,9855373901,-73.5,1442.63,2189.3,-1181.63,4.08,1.9,1.36,1866,179.9,60,0.784,,
8812,car,5170815482,3887997663,-1049.81,-1569.27,1569.82,1226.46,4.3,1.91,1.46,1600,142.1,56,0.757,,
8813,car,trim_3522,trim_6133,1153.97,-675.82,-1298.33,-342.51,4.21,1.79,1.4,1699,154.9,27,0.771,,
8814,car,11909810161,trim_1234,1990.43,-665.84,-1509.71,-215.23,4.44,1.65,1.53,1105,151.2,68,0.794,,
8815,car,trim_9286,trim_7769,-1644.53,1274.11,-914.51,-525.84,4.72,1.94,1.49,1854,156.1,29,0.805,,
8816,motorcycle,trim_1425,5170655693,-2489.28,-226.91,2086.02,-47.77,1.89,0.72,1.28,171,141.8,54,0.837,,
8817,car,9859493782,trim_2965,416.98,-452.12,-1608.83,1587.4,4.96,1.83,1.43,1416,161.2,61,0.845,,
8818,car,trim_7999,trim_5071,19.38,1015.11,2429.76,339.26,4.62,1.62,1.43,1456,172.1,30,0.778,,
8819,car,9168911120,2960336671,-1559.1,-1431.49,-1587.66,-399.82,4.9,1.89,1.51,1110,160.7,63,0.658,,
8820,car,trim_2336,3004576896,-2208.87,1304.75,664.1625191969292,791.235980728828,4.94,1.75,1.53,1224,166.4,51,0.656,,
8821,car,9857987911,trim_8148,-26.98,38.03,-2466.11,-978,4.81,1.89,1.51,1160,158.8,32,0.813,,
8822,car,4227798114,trim_3395,1558.6,-433.51,-518.85,224.15,4.98,1.79,1.41,1019,171.3,26,0.762,,
8823,car,11491618541,trim_6567,-547.93,820.37,969.36,-1106.15,4.75,1.85,1.59,1742,169.1,23,0.836,,
8824,car,trim_6050,9168934128,-1550.95,566,2314.71,1163.89,4.87,1.72,1.42,1431,167.2,76,0.768,,
8825,car,trim_3583,4871211876,545.29,413.39,-2418.28,1422.81,4.89,1.92,1.63,1827,143.6,25,0.844,,
8826,car,trim_848,10212010928,-1372.11,6.61,-852.25,552.38,4.42,1.71,1.56,1385,167.3,16,0.885,,
8827,car,9168911125,trim_1920,-1534.64,-1425.26,-357.62,-1317.07,4.22,1.87,1.55,1320,157.6,53,0.732,,
8828,car,trim_7768,trim_2284,-977.78,-522.55,1991.57,1045.19,4.69,1.72,1.52,1306,153.9,58,0.883,,
8829,car,trim_2694,4225324676,-2484.89,888.56,1064.9,176.59,4.24,1.89,1.49,1088,167.7,17,0.796,,
8830,car,trim_858,trim_832,-1157.75,-22.23,-1488.56,50.08,4.42,1.67,1.45,1422,156.3,79,0.794,,
8831,motorcycle,9853181578,2970305343,889.52,436.01,-533.2,590.44,2.29,0.84,1.22,131,148.9,33,0.793,,
8832,car,9168966466,9852938587,1377.18,1776.17,-1581.47,127.12,4.37,1.7,1.52,1423,157.2,49,0.686,,
8833,car,trim_4412,trim_793,2208.89,749.46,-996.83,11.79,4.23,1.82,1.38,1407,175.7,36,0.704,,
8834,car,trim_2381,trim_6767,-501.82,1283,-552.14,271.82,4.43,1.84,1.65,1371,163.5,51,0.897,,
8835,car,trim_2289,trim_1155,2162.88,1082.96,-1696.15,64.76,4.4,1.76,1.41,1121,151.4,45,0.899,,
8836,bus,trim_225,trim_6475,766.03,296.34,1638.48,128.44,10.91,2.43,3.25,11319,83.0,41,0.771,,
8837,truck,trim_6826,trim_8810,-2349.09,167.49,726.4786947592181,264.3488528011561,9.0,2.35,3.11,14827,98.8,35,0.81,,
8838,car,trim_9173,trim_3469,1939.68,778.18,-352.94,-81.88,4.31,1.77,1.42,1333,165.5,24,0.737,,
8839,car,12098446257,2962861556,-1663.02,806.28,-486.33,-1457.27,4.97,1.87,1.53,1609,165.3,51,0.773,,
8840,car,trim_872,9168986473,-1293.47,-240.07,194.76,579.21,4.69,1.77,1.51,1118,162.0,68,0.728,,
8841,bus,9858060929,trim_1673,294,309.2,-355.19,-1455.01,11.06,2.44,3.5,10451,97.0,45,0.706,,
8842,car,3085851338,trim_7436,1329.57,1941.14,-2035.29,399.51,5.06,1.88,1.41,1818,150.7,37,0.856,,
8843,car,trim_3046,2960361460,-390.2,176.73,-1734.79,-766.71,4.67,1.68,1.61,1461,174.9,35,0.723,,
8844,car,trim_3291,trim_8263,-237.6,-41.66,-1475.38,-1120.58,4.75,1.81,1.64,1564,144.7,37,0.865,,
8845,ambulance,2960312447,3840470123,-616.15,-431.74,-27.73,1599.61,5.82,2.09,2.6,2986,145.2,40,0.7,bn_6888421988,Hospital (building bn_6888421988)
8846,truck,7222735457,trim_154,189.62,-1517.04,320.7,-905.27,9.52,2.36,3.4,11783,88.1,37,0.788,,
8847,car,trim_4174,trim_3682,-440.11,921.24,-770.61,-1326.28,5.06,1.78,1.61,1409,171.2,49,0.74,,
8848,bus,trim_7199,trim_9226,-1405.09,357.16,-1446.72,744.46,12.38,2.48,3.13,11437,92.2,29,0.685,,
8849,car,trim_3963,trim_645,-437.23,919.18,-2158.21,392.05,4.07,1.76,1.57,1831,141.2,25,0.653,,
8850,car,trim_9450,trim_6657,-784.91,524.03,1491.73,-340.04,4.51,1.79,1.39,1619,178.4,54,0.716,,
8851,car,trim_1465,trim_2706,-1391.54,-873.85,-2153.98,596.71,4.38,1.94,1.46,1895,170.3,50,0.751,,
8852,car,trim_3293,trim_4799,-223.43,-67.32,252.59,-1413.81,4.15,1.84,1.43,1098,143.2,67,0.794,,
8853,car,9852338735,4225219813,-1819.16,-38.62,-179.71,-679.23,4.67,1.87,1.48,1276,141.8,79,0.999,,
8854,car,trim_2103,trim_4402,398.65,-233.12,2113.94,908.76,5.1,1.87,1.38,1088,171.1,64,0.88,,
8855,car,trim_8673,trim_3424,-518.74,828.09,-154.06,598.52,4.64,1.82,1.38,1550,170.9,41,0.823,,
8856,car,2970305325,trim_8589,-189.26,121.93,-169.61,-1500.37,4.5,1.86,1.52,1139,148.7,68,0.8,,
8857,car,trim_282,trim_5437,113.92,-438.4,1963.08,-160,4.05,1.69,1.46,1885,158.2,51,0.684,,
8858,car,9857682453,trim_3852,-343.48,-994.18,-618.21,-1099.91,4.29,1.78,1.61,1713,149.5,16,1.001,,
8859,car,11491328437,trim_5895,204.05,-1191.04,-1581.76,-1531.7,5.02,1.64,1.55,1376,152.7,30,0.807,,
8860,car,9859601722,trim_9645,-1019.65,-444.7,-1324.78,1163.99,4.12,1.67,1.58,1234,179.1,49,0.72,,
8861,car,trim_6411,2962861565,2333.87,709.47,-625.43,-1632.27,4.52,1.83,1.56,1700,172.7,61,0.802,,
8862,car,trim_8293,4227798417,1713.33,646.23,2131.16,387.48,4.06,1.66,1.56,1589,154.9,16,0.842,,
8863,car,9860068758,trim_8746,604.79,411.97,-449.94,1375.11,4.66,1.84,1.53,1865,152.3,64,0.682,,
8864,car,2960336768,trim_1085,-1296.45,194.64,-1001.56,-338.15,4.73,1.8,1.53,1619,147.0,17,0.819,,
8865,car,9857826575,9857350844,102.43,-316.25,-1519.43,367.21,4.88,1.95,1.56,1870,151.5,70,0.937,,
8866,car,12130429765,trim_9121,-1575.65,733.47,2104.31,1072.1,4.63,1.66,1.64,1283,163.5,73,0.89,,
8867,car,9168850588,2970305427,-1462.94,569.64,-969.17,1794.38,4.88,1.78,1.45,1489,166.1,33,0.787,,
8868,car,trim_823,trim_4025,-1281.61,176.05,-543.6,1184.88,4.65,1.73,1.62,1135,157.6,57,0.853,,
8869,car,trim_7198,11338092333,-1498.13,434.45,-1284.17,-1358.43,5.0,1.85,1.44,1224,153.9,23,0.787,,
8870,bus,6928966683,trim_6793,-1692.02,-1451.31,387.24,1014.65,11.23,2.52,3.26,9430,87.7,39,0.81,,
8871,car,11491678310,trim_5444,111.43,927.39,1619.88,-392.57,4.67,1.63,1.51,1155,168.4,18,0.914,,
8872,car,trim_7165,9857826585,-1826.95,155.1,92.28,-345.55,4.1,1.78,1.56,1649,168.9,66,0.744,,
8873,motorcycle,12144173998,7222735457,1509.37,176.01,189.62,-1517.04,1.82,0.81,1.37,171,113.5,59,0.85,,
8874,car,11056361049,12901333697,1296.69,502.51,117.98,-246.47,4.61,1.69,1.59,1181,170.7,26,0.727,,
8875,car,9852378892,6928966658,-1990.56,-1015.68,-1548.25,-1495.45,4.44,1.91,1.42,1678,145.5,62,0.786,,
8876,car,7222735457,trim_6037,189.62,-1517.04,-1113.67,954.1,4.01,1.93,1.63,1186,159.1,79,0.936,,
8877,car,3840470122,trim_8168,102.09,1526.22,1826.84,-533.82,4.39,1.62,1.46,1230,167.7,61,0.692,,
8878,motorcycle,trim_5994,5170823254,2186.49,-1468.33,1677.76,499.55,1.93,0.88,1.33,193,136.9,75,0.98,,
8879,motorcycle,trim_1045,12124070265,-961.52,128.21,2298.22,830.58,1.88,0.65,1.29,162,129.5,37,0.846,,
8880,car,trim_4923,trim_464,-1466.08,1197.97,-2127.89,11.66,4.88,1.91,1.6,1209,165.7,46,0.819,,
8881,car,trim_5069,2970305113,2444.28,261.94,2155.7,-1288.42,5.09,1.8,1.59,1150,172.3,54,0.666,,
8882,car,9860055099,trim_7700,422.99,-1305.39,175.64,282.71,4.16,1.89,1.36,1109,172.1,47,0.889,,
8883,car,9843692472,trim_4773,1421.75,623.81,1018.22,658.73,4.85,1.91,1.55,1386,178.7,56,0.721,,
8884,car,trim_1504,9852938612,-1204.53,-1129.04,-1278.51,-850.98,4.53,1.64,1.58,1746,178.0,19,0.794,,
8885,car,2960312545,trim_2083,-1222.05,-154.3,2549.54,736.67,4.13,1.95,1.42,1149,157.7,37,0.868,,
8886,car,trim_4464,9843362971,1743.03,829.36,-2266.12,1372.38,5.01,1.66,1.45,1503,147.4,24,0.84,,
8887,car,trim_7526,trim_3228,-1109.27,-1006.01,-84.13,606.72,4.58,1.7,1.59,1353,153.0,22,0.843,,
8888,car,trim_6485,trim_4563,1774.22,-215.69,1560.54,35.52,4.19,1.73,1.58,1662,179.0,29,0.882,,
8889,car,7222863958,trim_3979,-971.36,-1503.45,-486.78,1192.94,4.91,1.61,1.57,1788,144.5,77,0.979,,
8890,car,trim_9299,trim_2875,-1585.17,1135.12,-2210.01,1131.15,5.09,1.82,1.37,1385,166.0,21,0.782,,
8891,car,trim_3762,9852893339,-654.18,-1182.64,-1525.97,-824.43,4.72,1.65,1.6,1607,164.5,72,0.755,,
8892,car,4224980841,7218290615,-2109.14,457.03,2391.06,1375.13,4.73,1.76,1.59,1758,146.9,47,0.81,,
8893,car,trim_3828,trim_6566,-598.95,-976.93,1010.78,-1067.13,4.54,1.77,1.41,1567,146.6,38,0.792,,
8894,car,4225219709,trim_1947,-991.89,-1284.1,-522.92,-1506.51,4.61,1.93,1.59,1679,167.3,27,0.67,,
8895,car,trim_7261,trim_9556,-2278.49,-856.29,-1084.61,287.21,4.81,1.73,1.61,1694,144.6,53,0.802,,
8896,car,trim_386,9168951482,-1857.74,325.31,705.59,-1184.36,4.02,1.9,1.48,1471,160.4,44,0.697,,
8897,car,trim_6562,trim_6415,907.95,-1168.36,2369.18,821.51,4.33,1.91,1.59,1894,178.8,79,1.011,,
8898,car,4227743956,11331409145,-890.21,2368.19,-115.37,1701.95,4.15,1.91,1.37,1581,175.9,58,0.752,,
8899,car,trim_820,trim_7717,-1230.71,204.56,259.29,-653.29,4.64,1.65,1.35,1163,160.0,55,0.863,,
8900,car,trim_8464,trim_686,2009.61,660.71,-1597.29,558.15,4.07,1.83,1.44,1821,170.3,40,0.864,,
8901,car,trim_3540,trim_69,-286.11,414.63,296.81,-1200.53,4.59,1.61,1.56,1171,152.5,46,0.713,,
8902,motorcycle,trim_5816,trim_6239,-789.44,565.68,-833.61,-1176.42,2.28,0.7,1.28,230,124.3,33,0.753,,
8903,car,trim_7460,457280279,-322.33,623.2,708.68,158.43,4.11,1.9,1.55,1852,175.5,39,0.885,,
8904,motorcycle,6928966886,trim_4149,-1722.51,-1467.93,1546.99,757.56,2.06,0.7,1.35,149,159.4,62,0.779,,
8905,car,4219222666,trim_1012,1901.46,-1499.73,-726.53,57.44,4.2,1.82,1.47,1258,177.6,40,0.752,,
8906,car,trim_4686,trim_4505,1476.18,-69.21,-932.33,1443.54,4.0,1.81,1.44,1419,141.0,21,0.805,,
8907,car,5170637542,9852290911,1171.59,163.01,292.7,1146.69,4.5,1.77,1.51,1107,153.2,74,0.921,,
8908,car,9857249965,trim_2580,-1899.62,-560.05,1683.8,1172.83,4.26,1.93,1.65,1029,155.4,32,0.739,,
8909,car,9168883545,trim_9285,-1481.79,-1151.6,-1584.27,1037.15,4.02,1.86,1.46,1183,147.8,47,0.741,,
8910,car,11056361047,trim_1865,1296.29,490.34,-590.4,-561.44,4.15,1.75,1.37,1218,151.0,56,0.734,,
8911,car,trim_1401,9852465857,-2191.92,-555.77,-2370.05,-828.88,5.03,1.69,1.44,1229,164.7,77,0.791,,
8912,car,trim_558,2960299900,-1538.92,24.33,-2207.8,1308.63,4.56,1.67,1.52,1477,179.4,20,0.746,,
8913,car,4227743716,9843992524,261.18,-1151.23,-2300.48,1000.88,4.84,1.74,1.48,1181,179.0,71,0.921,,
8914,car,11909810197,trim_3373,2407.1,-1184.68,-58.79,450.07,5.06,1.79,1.57,1892,166.7,57,0.832,,
8915,car,trim_3499,11001416248,-233.04,-391.72,-1967.89,-1471.73,4.38,1.94,1.41,1778,144.4,61,0.828,,
8916,car,trim_3285,trim_1352,-528.5,380.43,-2366.53,-220.55,4.42,1.89,1.36,1264,167.7,32,0.89,,
8917,motorcycle,trim_2292,trim_4965,2238.76,1100.77,308.63,-1464.59,2.21,0.9,1.22,123,155.9,51,0.888,,
8918,car,trim_2146,5170823254,1872.85,949.89,1677.76,499.55,4.55,1.68,1.62,1296,175.4,80,0.949,,
8919,car,trim_8063,trim_2314,-1752.95,-1386.16,682.58,684.77,5.08,1.61,1.4,1113,157.6,57,0.7,,
8920,car,1680194598,11499043125,-2144.98,48.7,-851.45,965.97,4.76,1.71,1.51,1435,156.6,55,0.829,,
8921,car,trim_1774,2960299917,78.39,-1284.47,-2236.02,1228,4.34,1.68,1.64,1141,178.4,57,0.826,,
8922,motorcycle,trim_5456,4225324739,2048.59,124.47,888.11,447.05,2.15,0.72,1.19,182,153.5,31,0.775,,
8923,motorcycle,trim_2635,9852961423,-1156.46,682.56,-1405.19,-1185.89,2.17,0.83,1.09,170,123.4,26,0.724,,
8924,car,2960312453,11237649539,-1029.48,326.63,-1941.93,625.54,4.23,1.7,1.6,1445,158.2,55,0.688,,
8925,bus,trim_6386,trim_8540,2026.61,755.54,-659.79,913.85,10.62,2.5,3.47,9362,93.2,20,0.697,,
8926,car,9852961430,trim_3841,-1526.93,-42.2,-414.17,-1113.95,4.11,1.92,1.37,1231,149.9,24,0.789,,
8927,car,trim_8257,2960326745,-265.62,-912.27,-1628.58,-56.32,4.85,1.76,1.6,1808,170.7,23,0.836,,
8928,car,trim_8320,trim_9249,119.08,-1409.23,2350.39,590.33,4.79,1.74,1.41,1703,174.7,31,0.763,,
8929,motorcycle,trim_4623,trim_1666,-638.28,681.94,-581.2,-1684.79,1.89,0.75,1.22,205,148.0,70,0.9,,
8930,car,5170849705,trim_4467,-1169.52,1000.96,-571.67,985.01,4.64,1.81,1.57,1496,169.7,18,0.765,,
8931,car,9843358011,9857635283,-1509.66,1249.18,-819.59,-948.68,4.29,1.67,1.56,1219,146.1,27,0.805,,
8932,car,trim_1782,trim_6991,134.85,-1232.12,2417.28,792.43,4.0,1.78,1.39,1069,177.7,47,0.657,,
8933,car,trim_9125,9843382199,2304.31,1266.4,1578.53,1223.43,4.63,1.63,1.37,1066,140.6,31,0.807,,
8934,ambulance,9885134827,trim_6940,-2458.11,-490.46,2068.38,1230.37,5.56,2.05,2.8,3610,126.6,17,0.781,bn_6888421991,Hospital (building bn_6888421991)
8935,car,trim_7368,trim_2465,2041.48,-625.11,-2301.91,1014.82,4.69,1.75,1.63,1319,173.1,58,0.804,,
8936,car,trim_2562,9843084748,1671.29,1154.64,-2303.82,872.63,4.77,1.74,1.43,1318,175.8,37,0.845,,
8937,car,trim_4751,9859639838,-464.4,-1028.54,-396.88,-284.19,4.75,1.89,1.51,1795,175.5,59,0.724,,
8938,car,9854981080,trim_1060,1845.65,-514.34,-826.29,159.87,4.48,1.7,1.5,1461,147.2,58,0.9,,
8939,car,11001416249,5171030825,-1973.34,-1474.97,-2244.45,486.27,4.73,1.92,1.56,1796,179.2,80,0.878,,
8940,car,11490986523,trim_4444,150.56,-1368.94,1159.04,655.86,4.19,1.95,1.56,1373,164.2,17,0.813,,
8941,car,9859647551,trim_9325,-277.16,-1079.62,-905.75,-1166.13,4.17,1.77,1.41,1071,161.0,49,0.682,,
8942,car,4227797913,trim_5389,2026.23,-930.32,1447.3,372.91,5.02,1.85,1.59,1461,175.2,53,0.786,,
8943,car,11143195266,trim_5834,2361.71,655.89,-784.8,538.34,4.75,1.91,1.41,1494,163.7,51,0.804,,
8944,car,trim_5543,4227797943,2115,558.62,2199.79,-657.71,4.51,1.92,1.5,1288,177.8,72,0.769,,
8945,ambulance,trim_4774,trim_8199,1019.19,653.82,-1031.03,760.71,5.73,2.11,2.69,3263,146.9,21,0.585,bn_6906240215,Hospital (building bn_6906240215)
8946,car,trim_8684,trim_5508,124.33,438.5,2411.26,484.82,4.7,1.66,1.45,1426,164.2,72,0.761,,
8947,car,trim_3565,trim_5298,855.06,-841.32,1824.71,95.01,4.71,1.77,1.4,1511,177.0,80,0.841,,
8948,car,4227797943,trim_7686,2199.79,-657.71,-1073.34,471.79,4.67,1.63,1.39,1270,177.7,62,0.707,,
8949,car,trim_3830,7222735463,-556.98,-1002.89,165.9,-1452.61,4.85,1.66,1.58,1035,142.2,37,0.89,,
8950,car,4227743653,4225172394,472.71,-1529.66,-450.11,350.01,4.66,1.74,1.54,1546,146.2,16,0.925,,
8951,truck,11001379070,trim_2763,-2538.58,-980.7,-1945.22,818.05,10.36,2.55,2.59,10761,80.2,56,0.786,,
8952,car,9843336876,trim_4955,1268.84,1541.23,251.09,-1445.75,4.18,1.94,1.53,1185,155.9,58,0.739,,
8953,car,trim_293,4224981099,-82.55,-443.2,-2406.85,1154.28,4.36,1.71,1.43,1658,156.3,23,0.803,,
8954,car,4871211876,trim_8987,-2418.28,1422.81,-2300.16,664.52,4.25,1.81,1.54,1086,143.7,35,0.851,,
8955,ambulance,trim_2223,trim_204,2206.52,-1465.35,252.32,-525.76,5.6,2.03,2.75,4124,129.3,21,0.541,a_1086642598_c,SHIKHA ACUPUNCTURE SANATORIUM
8956,car,12144193859,9852893331,1053.53,328.96,-1730.55,-1340.13,4.46,1.72,1.39,1831,149.9,50,0.658,,
8957,car,2962837696,trim_3077,-92.75,-1330.98,473.91,-235.68,5.08,1.8,1.4,1080,173.4,72,0.764,,
8958,car,trim_9027,trim_8880,-1509.59,1252.86,2213,-461.85,4.94,1.77,1.61,1665,145.6,71,0.874,,
8959,car,trim_5283,trim_6745,2126.33,-213.72,-490.92,776.93,4.07,1.77,1.4,1209,170.0,73,0.812,,
8960,car,trim_4611,2970305394,-431.38,899.44,-1049.57,1271.32,4.77,1.85,1.6,1720,176.0,73,0.732,,
8961,car,trim_881,trim_4661,-1152.89,-423.81,1636.65,-1026.97,4.58,1.81,1.53,1474,159.9,77,0.808,,
8962,car,2960358797,trim_7245,-2049.22,-383.92,-2445.32,-228.57,4.41,1.81,1.59,1816,177.0,25,0.83,,
8963,car,trim_954,trim_8492,-488.66,-232.03,-1898.94,-745.23,4.49,1.77,1.45,1855,173.5,31,0.671,,
8964,car,trim_8910,trim_9587,2414.82,-1045.81,-1317.06,-939.66,4.87,1.74,1.53,1590,162.9,48,0.806,,
8965,car,trim_1640,trim_7689,-1589.74,-727.28,-234.17,-42.7,4.1,1.85,1.49,1072,172.0,38,0.825,,
8966,car,trim_692,trim_6025,-1243.38,721.14,-1273.5,1315.51,5.07,1.93,1.42,1685,163.6,22,0.678,,
8967,car,trim_8957,trim_1747,-2287.76,-217.63,-58.08,-1392.96,4.69,1.73,1.42,1009,154.3,40,0.877,,
8968,car,trim_5629,trim_135,-81.52,1151.12,244.48,-669.65,4.22,1.83,1.57,1282,177.8,77,0.842,,
8969,car,trim_1752,12088358659,-8.99,-1437.26,-2343.48,654.14,4.91,1.73,1.63,1270,142.5,67,0.764,,
8970,car,trim_7305,trim_7373,-1255.71,-786.59,2088.09,-588.12,4.38,1.89,1.48,1445,144.5,24,0.727,,
8971,motorcycle,trim_4721,trim_4284,-189.86,-958.41,1744.71,-413.55,1.84,0.69,1.05,220,158.1,27,0.749,,
8972,car,trim_8866,trim_3789,2320.48,-904.32,-1288.15,-1138.06,4.95,1.67,1.56,1556,153.0,57,0.778,,
8973,car,trim_6440,10259407492,1771.65,374.38,2442.71,-1078.17,4.01,1.78,1.52,1505,166.1,27,0.82,,
8974,car,trim_4324,2960326610,1693.61,820.78,-2002.18,-23.99,4.15,1.87,1.47,1621,157.6,21,0.696,,
8975,car,trim_3163,trim_2890,501.39,354.77,-1981.48,657.31,4.9,1.76,1.39,1801,148.1,46,0.82,,
8976,car,trim_8609,9168861165,-960.77,-1483.2,-1248.98,-324.03,4.8,1.94,1.5,1406,144.0,18,0.889,,
8977,car,trim_3520,trim_9323,1102.66,-749.32,-2478.17,1290.71,5.06,1.93,1.61,1008,164.1,62,0.777,,
8978,car,trim_4832,5170868609,-719.48,-659.45,1571.55,-317.23,4.95,1.73,1.49,1254,144.2,63,0.741,,
8979,car,trim_8676,trim_1380,-521.42,853.56,-2025.62,-652.75,5.03,1.72,1.57,1375,153.3,28,0.674,,
8980,car,trim_4228,trim_6389,-94.92,846.5,1948.74,738.36,4.15,1.85,1.38,1442,157.6,46,0.725,,
8981,car,trim_2643,9168934130,809.91,-1476.48,2304.8,1250.89,4.92,1.87,1.39,1321,177.0,64,0.783,,
8982,car,trim_7899,9843368455,-76.54,923.42,-2208.99,1287.6,4.75,1.88,1.41,1103,150.7,63,0.848,,
8983,truck,trim_7397,9168965312,-57.17,234.04,1447.52,311.1,9.46,2.34,3.39,13437,88.9,79,0.91,,
8984,car,trim_990,trim_1342,-563.89,-213.62,-2068.93,-204.06,4.22,1.73,1.55,1005,149.9,28,0.744,,
8985,car,8838171105,5170849695,-917.74,-370.22,-1590.74,821.38,5.01,1.86,1.54,1227,154.6,48,0.886,,
8986,car,trim_5243,2960361535,1927.14,-62.13,-1079.14,-597.93,4.81,1.79,1.37,1381,168.1,27,0.686,,
8987,car,9843592171,5170823254,2065.36,611.49,1677.76,499.55,4.08,1.95,1.43,1438,156.2,47,0.826,,
8988,car,trim_4471,trim_8143,-513.52,993.96,-2091.2,-1104.69,4.32,1.92,1.48,1803,147.1,44,0.699,,
8989,bus,trim_3658,trim_6442,-1231.84,-1274.1,1822.8,329.21,12.19,2.4,3.26,12460,76.0,38,0.74,,
8990,car,trim_3729,trim_5158,-1305.12,-1087.62,2340.32,332.9,5.01,1.9,1.57,1344,162.0,35,0.818,,
8991,car,9859601722,9168986463,-1019.65,-444.7,593.05,518.6,5.04,1.91,1.57,1567,173.1,71,0.951,,
8992,car,4227743716,trim_7845,261.18,-1151.23,1988.29,1031.06,4.54,1.92,1.6,1205,176.3,67,0.785,,
8993,car,trim_994,trim_805,-525.71,-187.18,-876.71,565.94,4.5,1.74,1.44,1208,168.1,56,0.719,,
8994,car,9857826607,trim_3053,307.96,-157.84,-148.82,559.28,4.42,1.79,1.36,1556,167.2,66,0.702,,
8995,car,9854981048,trim_4451,2023.97,-438.83,1902.19,298.86,4.34,1.82,1.54,1646,169.3,34,0.729,,
8996,car,trim_2976,9852338763,-2235.03,967.93,-1832.29,-297.39,4.59,1.71,1.48,1642,171.1,46,0.731,,
8997,car,trim_7301,9854777603,-1243.24,-703.95,-2247.38,-615.79,4.2,1.6,1.49,1662,146.1,41,0.818,,
8998,car,trim_1340,trim_249,-2023.87,-202.06,1590.93,485.3,5.01,1.79,1.43,1537,171.0,64,0.767,,
8999,car,12278350543,trim_5843,2331.15,-1344.39,-892.1,821.26,4.58,1.79,1.44,1496,173.9,76,0.89,,
9000,car,9168883582,trim_1125,-685.47,-1269.8,-1429.76,376.02,5.05,1.84,1.49,1681,179.0,80,0.816,,
9001,car,2970305243,11499043132,1517.98,-601.23,-702.42,1077.02,4.29,1.73,1.62,1772,177.1,20,0.841,,
9002,car,trim_4777,9854981035,1048.32,272.34,2119.27,-599.17,4.65,1.94,1.62,1368,178.6,36,0.742,,
9003,car,4871211877,trim_102,-2448.15,1393.48,38.74,666.51,4.84,1.63,1.48,1851,143.2,50,0.787,,
9004,truck,trim_767,12918589239,-840.7,-527.37,-815.16,664.21,10.2,2.33,2.78,12509,98.1,77,0.942,,
9005,car,trim_2617,9885134840,-1367.37,666.51,-2514.71,-656.31,4.25,1.67,1.54,1719,172.9,72,0.896,,
9006,car,trim_83,trim_4379,347.55,-737.03,2185.6,821.05,4.47,1.87,1.49,1762,178.4,27,0.683,,
9007,bus,trim_7018,9852330249,-2431.49,558.9,-2089.82,193.74,11.09,2.42,3.15,8851,78.4,79,0.973,,
9008,car,trim_1927,trim_8180,-427.18,-1342.3,1649.17,-473.44,5.1,1.66,1.5,1782,168.7,70,0.749,,
9009,car,12901265236,9855014977,-534.38,-1007.1,1574.41,-367.65,4.95,1.65,1.4,1064,159.3,23,0.817,,
9010,car,trim_898,trim_687,-1327.95,-149.64,-1534.14,512.21,5.04,1.76,1.52,1240,172.9,50,0.666,,
9011,car,2960368367,trim_3244,-2257.29,-62.77,-379.51,395.66,4.29,1.79,1.51,1510,142.1,46,0.686,,
9012,motorcycle,2960326608,trim_1141,-1903.63,-18.37,-978.49,486.41,2.19,0.75,1.21,119,119.0,65,0.823,,
9013,car,9168986433,11158364719,-315.62,869.63,119.93,-742.46,4.78,1.76,1.46,1124,146.7,49,0.841,,
9014,car,6294258006,12098345443,-1847,-1076.95,-1812.19,1290.36,4.74,1.64,1.62,1322,156.4,66,0.747,,
9015,car,trim_2022,5372152742,1514.44,180.61,-2047.27,-1148.41,4.43,1.75,1.49,1197,175.0,57,0.876,,
9016,motorcycle,4227743708,trim_2798,1454.79,-1203.36,-1794.51,435.01,2.17,0.74,1.2,211,151.7,49,0.689,,
9017,car,4225172290,9857750348,215.32,-78.46,-713.79,-854.33,4.53,1.92,1.61,1506,153.4,56,0.669,,
9018,car,2970305335,trim_2112,-826.54,430.28,223.55,-123.05,4.51,1.77,1.35,1726,150.9,51,0.739,,
9019,car,10259407486,trim_1329,2447.53,-1063.23,-975.98,-258.7,5.09,1.84,1.42,1363,169.5,30,0.668,,
9020,car,9843036311,trim_8923,-2336.57,1041.53,2009.97,-512.05,4.97,1.71,1.5,1280,146.5,39,0.74,,
9021,ambulance,9855373893,5170655689,2303.61,-1268.27,1944.56,-62.88,6.49,2.12,2.81,4454,141.2,72,0.712,a_1408808783_c,Manipal Hospital
9022,car,trim_5169,trim_5706,1800.31,60.33,1745.49,-801.45,4.99,1.62,1.6,1898,169.1,22,0.894,,
9023,car,12129482867,11586812696,-1269.81,556.86,-24.46,-15.87,4.61,1.75,1.39,1225,165.0,74,0.938,,
9024,car,trim_3100,trim_5482,228.66,75.53,2355.69,246.6,4.84,1.68,1.51,1441,146.1,21,0.839,,
9025,car,trim_1404,11013660004,-2034.59,-548.3,-2063.34,-1156.95,4.87,1.7,1.42,1231,175.0,20,0.852,,
9026,car,trim_9685,12099984754,1916.52,-626.53,-462.1,1114.42,4.1,1.69,1.51,1675,161.7,25,0.811,,
9027,car,trim_7636,trim_6405,347.19,-238.11,2376.14,626.6,5.08,1.93,1.64,1614,165.7,35,0.885,,
9028,car,trim_3669,trim_854,-959.26,-1238.32,-1178.07,-192.2,4.88,1.62,1.48,1164,145.2,68,0.919,,
9029,motorcycle,trim_1814,trim_4500,-40.24,-995.6,1886.09,854.84,1.93,0.78,1.09,118,90.1,32,0.666,,
9030,car,trim_1034,9168861196,-940.93,145.34,-1334.38,-698.1,4.13,1.68,1.41,1860,158.0,24,0.716,,
9031,car,trim_6533,12098330078,895.15,-869.66,-1335.2,1306.7,4.74,1.93,1.42,1831,152.6,40,0.873,,
9032,car,trim_8159,12130698097,1950.7,-624.55,-1095.02,441.29,4.52,1.73,1.42,1293,153.7,79,0.925,,
9033,car,12130429768,2960336725,-1422.62,786.77,-1499.28,116.53,4.76,1.8,1.48,1143,149.4,71,0.817,,
9034,motorcycle,9855691371,trim_3572,2421.39,-1153.41,531.59,-961.64,2.09,0.76,1.36,204,156.1,51,0.728,,
9035,bus,trim_7801,trim_1858,141.52,-1425.94,-385.78,-679.55,11.53,2.59,3.12,13987,98.6,70,0.913,,
9036,car,2960299983,4227798502,-1368.01,779.82,678.56,1465.82,4.24,1.93,1.39,1107,140.3,78,0.837,,
9037,car,trim_6967,trim_2204,1987.24,830.77,-215.04,1117.88,4.81,1.62,1.59,1533,146.0,78,0.995,,
9038,car,trim_7311,trim_657,-2498.4,48.06,-1811.8,528.88,4.93,1.82,1.35,1629,175.0,77,0.779,,
9039,car,trim_399,trim_3505,-2412.6,3.84,-93.09,-304.22,4.29,1.92,1.43,1325,152.6,20,0.906,,
9040,car,trim_7490,11909810140,-822.26,197.23,2455.98,-803.9,4.82,1.82,1.39,1721,166.3,44,0.681,,
9041,truck,7134890037,trim_4030,2242.38,-1069.29,1655.17,770.24,10.0,2.43,2.87,5959,71.7,70,0.824,,
9042,car,trim_2382,4227798147,-430.22,1295.95,1657.53,-257.53,5.09,1.77,1.63,1793,167.2,70,0.83,,
9043,car,trim_1488,trim_1638,-1069.97,-1136.48,-1582.61,-704.29,4.5,1.82,1.58,1113,160.7,46,0.828,,
9044,car,trim_32,trim_6532,-1045.54,1191.1,747.36,-786.91,4.35,1.89,1.64,1582,171.7,20,0.685,,
9045,car,trim_8156,9855014989,1917.29,-630.06,1803.75,-33.43,4.07,1.89,1.55,1622,140.3,22,0.716,,
9046,car,trim_4505,5170823224,-932.33,1443.54,938.22,367.59,4.18,1.66,1.36,1823,171.8,71,0.921,,
9047,car,trim_762,trim_4706,-1124.14,1036.02,307.19,-1494.61,4.46,1.87,1.6,1720,150.1,64,0.716,,
9048,car,trim_5125,5170679562,1212.1,-233.56,-1321.86,777.24,4.58,1.9,1.56,1366,160.6,16,0.851,,
9049,car,trim_8802,trim_5285,701.67,515.31,1824.72,-158,4.94,1.87,1.46,1620,160.2,75,0.863,,
9050,car,trim_747,2960299974,-1546.44,689.24,-1357.58,460.95,4.73,1.79,1.64,1184,167.3,27,0.686,,
9051,car,trim_2817,11015761879,-2289.28,729.56,-1312.55,556.37,4.4,1.72,1.52,1894,161.0,43,0.797,,
9052,motorcycle,1680212871,trim_1214,-1683.8,715.54,-1670.47,-95.47,2.14,0.81,1.19,129,139.5,42,0.797,,
9053,motorcycle,trim_9205,4227797916,1505.15,635.71,2304.84,-906.62,1.92,0.66,1.14,209,95.5,39,0.731,,
9054,car,4227695085,trim_4712,1251.72,2004.59,305.3,-1439.24,4.61,1.88,1.5,1835,179.5,79,1.001,,
9055,car,1680212871,9852964132,-1683.8,715.54,-2484.8,395.16,4.66,1.77,1.55,1680,161.3,74,0.932,,
9056,car,trim_4708,9852436579,-1338.36,1239.62,-2232.5,-869.14,4.4,1.87,1.35,1180,179.3,61,0.791,,
9057,motorcycle,trim_5077,trim_6764,2482.08,405.79,-547.85,274.39,2.3,0.73,1.16,119,91.8,71,0.758,,
9058,car,trim_977,trim_16,-636.13,-106.22,-2448.02,30.96,4.86,1.61,1.51,1571,149.7,25,0.881,,
9059,car,trim_6835,trim_7233,-1954.98,346.18,-2248.08,-100.68,5.06,1.82,1.64,1196,175.7,22,0.673,,
9060,car,9852463817,trim_4034,-2476.22,-741.88,825.1,54.75,4.57,1.6,1.38,1537,160.0,76,0.81,,
9061,car,9855691375,trim_2257,1754.47,257.63,-553.94,62.92,4.2,1.7,1.43,1110,172.7,36,0.71,,
9062,car,trim_2190,trim_7791,-682.54,183.13,532.87,-965.01,4.17,1.95,1.49,1314,179.9,31,0.73,,
9063,car,trim_9021,4225219822,1035.69,142.39,-354.88,-603.16,4.7,1.94,1.61,1256,170.5,61,0.804,,
9064,car,12455157388,9857682482,-1343.41,478.45,-797.22,-674.4,4.1,1.82,1.63,1369,177.9,19,0.742,,
9065,motorcycle,trim_4351,trim_944,1401.03,286.28,-742.97,131.06,2.01,0.75,1.37,205,135.2,45,0.791,,
9066,car,trim_7572,trim_1072,-404.87,-790.11,-918.32,-241.49,4.55,1.71,1.57,1866,144.0,17,0.84,,
9067,car,9854981060,trim_520,2027.83,-455.06,-1979.84,-1214.92,4.57,1.66,1.44,1095,161.2,70,0.905,,
9068,bus,trim_5996,trim_6980,2366.16,-1355.51,2478.46,597.54,9.72,2.49,3.01,8301,87.7,67,0.714,,
9069,car,trim_9449,trim_3805,-786.85,535.44,-759.21,-794.51,4.88,1.9,1.42,1042,144.0,51,0.876,,
9070,car,trim_1561,9852961433,-1135.73,-557.82,-2246.29,287.94,4.26,1.64,1.49,1355,148.1,22,0.83,,
9071,motorcycle,457278266,trim_7154,720.9,407.77,-2322.66,285.68,1.95,0.75,1.35,218,143.4,56,0.79,,
9072,car,9168854805,trim_3940,1950.54,1240.61,911.34,55.6,4.98,1.78,1.48,1895,158.6,66,0.721,,
9073,car,trim_3975,11909810178,-468.91,1110.73,2375.47,-873.57,4.38,1.65,1.54,1179,157.1,29,0.802,,
9074,car,trim_5220,5171028514,1960.32,-157.81,-2497.35,184.48,4.08,1.74,1.45,1202,151.8,31,0.89,,
9075,motorcycle,9168946297,5170849706,1622.95,228.54,-1149.99,1003.61,1.91,0.81,1.28,137,123.5,69,0.937,,
9076,car,7134890038,trim_6711,2238.15,-1082.65,1323.76,678.56,5.07,1.74,1.4,1838,148.2,63,0.863,,
9077,car,trim_4886,trim_6264,269.21,-1288.26,-706.43,-1425.78,4.75,1.72,1.39,1749,172.8,74,0.916,,
9078,car,12139823104,trim_3839,2038.29,-1467.39,-439.16,-1091.53,4.58,1.61,1.48,1372,170.7,21,0.882,,
9079,car,trim_7473,trim_3730,-1653.21,247.2,-389.07,-680.88,4.62,1.74,1.45,1276,168.4,37,0.809,,
9080,car,trim_864,trim_4121,-1067.17,-215.2,1759.98,923.91,4.29,1.8,1.57,1062,180.0,54,0.692,,
9081,car,trim_5996,trim_9594,2366.16,-1355.51,-1256.67,-678.25,4.65,1.66,1.42,1231,175.7,76,0.865,,
9082,motorcycle,5170894030,trim_5933,-1144.3,-1499.2,198.91,-1523.11,1.83,0.88,1.27,236,148.3,76,0.993,,
9083,car,9857350825,2960299918,-1781.61,31.68,-2284.92,1069.42,4.66,1.61,1.52,1588,178.4,27,0.836,,
9084,car,9168850568,2970305245,-1494.09,1043.49,1500.22,-587.82,5.0,1.78,1.5,1049,172.9,16,0.93,,
9085,car,9852938592,trim_6112,-1489.26,-59.42,-1780.85,75.38,4.76,1.83,1.44,1834,177.3,32,0.782,,
9086,car,trim_923,trim_8939,-1200.22,154.78,1051.07,1210.31,4.69,1.74,1.46,1481,141.5,27,0.737,,
9087,car,2960361571,trim_993,-1464.19,-606.18,-541.61,-198.19,4.01,1.69,1.41,1549,176.2,26,0.813,,
9088,car,2960299950,12098330068,-1490.61,627.72,-1253.55,1342.87,5.02,1.75,1.45,1005,152.0,50,0.808,,
9089,ambulance,11983071051,trim_3937,1078.63,1204.3,877.75,54.66,6.21,2.15,2.48,2594,138.7,22,0.679,a_1408818183_c,Hospital (amenity a_1408818183_c)
9090,car,trim_5356,13944573781,2048.58,-263.88,-267.85,678.39,5.05,1.84,1.57,1510,141.8,58,0.706,,
9091,car,4227743878,trim_4135,-1562.76,1202.73,2458.78,843.1,4.49,1.92,1.54,1023,175.6,59,0.855,,
9092,motorcycle,11865304950,trim_4678,-2188.65,-1283.31,335.52,-1408.68,1.98,0.87,1.13,193,111.7,70,0.71,,
9093,car,trim_3053,9859738798,-148.82,559.28,-497.96,-1229.77,5.0,1.65,1.37,1462,165.9,22,0.852,,
9094,motorcycle,9843437530,12109637076,2110.03,1348.32,2231.56,1118.59,1.81,0.77,1.24,144,130.1,63,0.814,,
9095,car,4224981119,trim_5739,-2451.64,1349.57,-2145.5,-697.79,5.08,1.86,1.53,1839,144.1,26,0.722,,
9096,car,trim_8435,11491502782,-1001.12,-911.74,305.46,-1523.11,4.85,1.78,1.55,1297,141.8,37,0.756,,
9097,car,9843408906,trim_2216,2490.8,1386.94,2075.69,-1116.91,4.97,1.9,1.52,1888,175.1,73,0.786,,
9098,car,trim_1648,11168934280,-1622.38,-794.19,350.16,139.52,5.01,1.76,1.48,1868,144.4,29,0.711,,
9099,car,trim_3168,trim_2632,623.86,11.26,-1105.62,588.76,4.37,1.91,1.38,1008,143.9,65,0.899,,
9100,car,trim_8545,trim_3750,-12.36,-62.07,-610.16,-733.07,4.88,1.67,1.4,1478,144.8,62,0.671,,
9101,car,5170823245,trim_826,1499.02,470.22,-1301.1,165.02,4.28,1.65,1.43,1829,146.4,35,0.781,,
9102,car,2960326614,trim_4130,-2053.32,-10.83,2138.62,940.19,5.07,1.75,1.45,1210,152.2,62,0.691,,
9103,car,7219691565,trim_491,2246.94,-1300.68,-1747.76,999.17,4.8,1.81,1.53,1576,150.5,75,0.801,,
9104,motorcycle,trim_700,trim_7844,-1424.28,668.99,1993.19,1032.07,2.07,0.86,1.37,246,116.0,46,0.855,,
9105,car,trim_4569,trim_405,1635.08,131.19,-2132.14,69.44,4.87,1.88,1.64,1313,146.3,58,0.717,,
9106,truck,trim_1579,trim_7920,-1164.28,-722.06,-1603.21,385.78,9.19,2.43,3.35,10349,85.7,55,0.845,,
9107,car,trim_5981,trim_628,463.84,549.72,-2126.77,626.22,5.1,1.62,1.54,1609,144.3,50,0.704,,
9108,car,trim_8615,trim_1150,-319.03,-1142.91,-1702.65,145.94,4.42,1.82,1.6,1889,141.0,35,0.709,,
9109,car,trim_1270,2960361516,-1261.83,395.63,-622.9,-1323.54,4.08,1.64,1.45,1467,147.5,53,0.82,,
9110,car,trim_4880,trim_697,-311.73,-1043.76,-1436.6,638.78,4.46,1.63,1.38,1071,148.7,58,0.85,,
9111,motorcycle,trim_1155,trim_1624,-1696.15,64.76,-1623.05,-585.52,2.23,0.74,1.23,151,96.1,60,0.853,,
9112,car,trim_421,trim_1774,-1918.48,143.28,78.39,-1284.47,4.8,1.76,1.49,1310,162.4,74,0.872,,
9113,car,trim_1302,trim_4400,-1391.99,150.48,1584.45,852.11,4.55,1.77,1.37,1730,172.3,44,0.726,,
9114,car,trim_3778,10264220071,-592.4,-1088.04,2139.61,-812.22,4.55,1.8,1.48,1180,170.8,26,0.794,,
9115,car,trim_3348,12129299583,-315.59,-706.35,2047.76,257.53,5.07,1.91,1.46,1056,166.0,53,0.858,,
9116,motorcycle,9853262758,2960299986,1392.49,178.79,-1311.04,831.1,2.22,0.86,1.14,239,149.3,79,1.008,,
9117,car,4225324662,trim_173,831.28,117.61,127.09,38.49,4.28,1.89,1.42,1521,162.7,68,0.701,,
9118,motorcycle,9843057340,trim_6447,-2674.01,1160.8,1796.65,351.29,2.06,0.84,1.37,209,122.6,45,0.659,,
9119,car,trim_3414,trim_6781,319.72,316.95,579.76,140.39,4.05,1.75,1.49,1054,162.6,72,0.796,,
9120,car,trim_6143,trim_3780,-1252.52,-785.07,-576.27,-1111.7,4.14,1.9,1.5,1804,141.2,28,0.822,,
9121,car,trim_6349,trim_9390,1549.85,755.5,-550.33,587.58,4.39,1.81,1.42,1775,154.9,25,0.799,,
9122,car,9168850577,11143288405,-1573.92,741.91,1502.01,831.28,4.9,1.74,1.43,1777,161.3,54,0.832,,
9123,car,trim_9085,trim_2011,1774.7,-264.17,-385.24,19.85,4.51,1.89,1.4,1075,170.6,18,0.869,,
9124,car,trim_8323,12109752103,-357.44,-1247.83,1367.07,1270.09,4.87,1.86,1.62,1498,170.7,55,0.87,,
9125,car,9168959366,trim_562,1347.92,-360.1,-1608.04,166.17,4.55,1.94,1.44,1659,169.2,31,0.709,,
9126,car,trim_389,9852331992,-2228.41,203.39,-468.75,754.3,4.77,1.83,1.57,1098,164.2,51,0.773,,
9127,motorcycle,trim_4450,trim_674,1905.59,302.53,-1556.57,631.83,2.02,0.77,1.05,164,158.8,65,0.694,,
9128,car,4225170877,4227798357,1007.43,-941.4,1974.08,280.45,4.68,1.66,1.38,1320,149.7,52,0.818,,
9129,car,11491475012,trim_4913,527.92,-770,-1362.63,1134.21,4.3,1.83,1.49,1184,168.0,49,0.669,,
9130,car,trim_8293,trim_1472,1713.33,646.23,-1456.4,-868.4,4.99,1.91,1.58,1242,160.8,59,0.655,,
9131,car,trim_3678,trim_9157,-734.64,-1458.62,2218.98,704.51,4.75,1.74,1.52,1623,158.9,76,0.919,,
9132,car,trim_7219,trim_3061,-2040.06,-432.83,-32.73,578.56,4.35,1.76,1.41,1504,154.2,33,0.741,,
9133,car,trim_8939,4225077470,1051.07,1210.31,-1710.7,1130.64,4.9,1.84,1.35,1850,170.4,58,0.763,,
9134,car,trim_7927,trim_9027,-1365.06,437.16,-1509.59,1252.86,4.25,1.9,1.54,1855,165.4,24,0.74,,
9135,car,12098345442,9852976124,-1811.43,1292.88,-1594.23,-419.26,4.59,1.75,1.52,1209,155.6,26,0.803,,
9136,car,trim_5762,trim_6756,-1966.19,-1059.26,-531.47,382.61,4.96,1.78,1.52,1187,155.0,45,0.693,,
9137,car,11491066024,trim_4149,47.91,-1375.62,1546.99,757.56,4.55,1.92,1.62,1832,140.6,33,0.683,,
9138,car,trim_4255,9857583731,981.81,255.36,-1245.64,-323.03,4.7,1.69,1.43,1371,172.0,55,0.676,,
9139,car,trim_302,trim_7162,-2352.65,1480.55,-1842.27,259.17,4.12,1.73,1.54,1596,153.5,55,0.777,,
9140,car,9852348505,9857682486,-1453.17,-444.7,-864.89,-689.78,4.03,1.7,1.41,1529,144.7,53,0.822,,
9141,bus,trim_4631,trim_2589,1652.53,-1045.71,1647.68,1379.21,11.67,2.43,3.31,10829,76.3,48,0.771,,
9142,car,trim_2217,9852290901,2118.31,-1182.77,-140.5,1050.22,4.47,1.63,1.62,1600,144.8,46,0.803,,
9143,car,2960299874,3840470107,-1633.54,265.79,-174.67,1636.95,4.21,1.78,1.39,1392,169.2,32,0.829,,
9144,ambulance,9168861177,9852348511,-1024.72,-781.15,-1360.46,-601.1,6.42,2.28,2.53,4441,135.2,67,0.697,a_1409201613_c,Yashoda Hospital
9145,car,trim_5578,5170849695,1612.08,-286.87,-1590.74,821.38,5.03,1.84,1.52,1011,157.4,17,1.009,,
9146,motorcycle,trim_5443,9855691375,1651.5,-409.25,1754.47,257.63,2.03,0.88,1.2,174,159.3,42,0.706,,
9147,car,trim_2399,4227798416,-590.84,1444.22,1378.49,387.05,4.8,1.69,1.39,1769,169.1,64,0.859,,
9148,car,trim_598,trim_1547,-2093.9,1119.2,-999.51,-914.95,4.86,1.88,1.52,1484,179.6,18,0.937,,
9149,bus,trim_315,trim_3730,-1496.58,432.56,-389.07,-680.88,10.76,2.54,3.13,13459,86.8,31,0.742,,
9150,car,2970305324,12134065832,-218.42,115.26,-383.51,403.15,4.65,1.88,1.62,1189,145.3,24,0.692,,
9151,car,trim_8702,trim_6716,-581.1,895.19,1030.33,1417.18,4.3,1.92,1.4,1511,147.5,58,0.703,,
9152,ambulance,4224980815,trim_7843,-2030.74,386.09,2019.07,1037.38,5.81,2.07,2.64,2518,122.8,57,0.688,a_352730718_c,Hospital (amenity a_352730718_c)
9153,car,trim_8120,trim_4867,-538.08,625.73,834.55,652.35,4.85,1.86,1.48,1465,171.5,44,0.84,,
9154,car,9857750366,trim_1896,-492.31,-805.05,-335.74,-1122.59,4.32,1.84,1.63,1317,151.5,71,0.916,,
9155,car,trim_2623,trim_1653,-1096.23,697.33,-1347.1,-1015.93,5.05,1.69,1.4,1477,149.2,68,0.784,,
9156,bus,6294258002,11491678309,-2183.07,-757.92,111.17,756.4,10.33,2.44,3.05,8952,84.6,72,0.83,,
9157,car,4225077508,trim_8861,-1815.76,1322.39,2309.24,-931.41,4.48,1.74,1.59,1680,141.5,40,0.734,,
9158,truck,trim_2578,trim_3294,1394.18,1023.09,-309.78,571.11,6.37,2.38,3.64,11734,86.3,63,0.85,,
9159,car,trim_4656,2962861535,1303.63,-1445.67,-496.47,-1352.54,5.09,1.82,1.61,1368,154.6,78,0.882,,
9160,car,9852330258,trim_3432,-1348.75,405.13,-128.36,441.22,4.71,1.65,1.47,1551,175.5,25,0.889,,
9161,car,4223620631,trim_4254,-2512.48,-705.73,977.5,256.22,4.6,1.6,1.48,1097,165.3,35,0.871,,
9162,motorcycle,trim_6946,trim_7029,2201.89,1252.97,-2370.89,704.8,2.21,0.73,1.24,193,101.0,70,0.757,,
9163,car,trim_593,9857682445,-1983.09,971.22,-486.16,-1158.21,4.12,1.94,1.55,1650,166.4,66,0.721,,
9164,car,trim_7650,9844249451,203.86,-166.74,-2157.62,817.55,4.49,1.66,1.6,1004,176.9,45,0.74,,
9165,car,trim_2797,trim_6152,-1799.44,434.19,-1130.7,-907.06,4.62,1.94,1.58,1413,169.0,77,0.786,,
9166,car,6202106497,9852317026,1500.71,-1239.33,296.04,858.33,4.01,1.74,1.62,1502,140.2,66,0.867,,
9167,car,trim_4401,11198940396,1684.11,871.18,-793.82,-1110.75,4.98,1.93,1.65,1286,147.2,71,0.819,,
9168,car,trim_8833,9843382202,1688.22,-782.8,1722.61,1162.32,4.08,1.91,1.63,1412,171.5,24,0.804,,
9169,car,trim_3634,trim_4943,-555.93,-883.07,-1562.04,1283.66,4.91,1.8,1.43,1572,158.5,42,0.881,,
9170,car,trim_2504,trim_3494,-5.64,1457.03,-52.65,-85.6,4.08,1.78,1.36,1637,171.4,58,0.75,,
9171,car,4227743783,trim_3247,1486.47,-73.87,355.7,30.25,4.88,1.82,1.44,1236,153.3,35,0.813,,
9172,car,trim_1517,trim_84,-1225.74,-921.65,287.82,-864.59,5.07,1.89,1.51,1766,153.6,67,0.773,,
9173,car,9168897708,trim_286,-222.88,-1161.32,168,-477.46,4.83,1.77,1.65,1513,176.2,26,0.815,,
9174,ambulance,4224980815,9852961438,-2030.74,386.09,-2547.25,80.06,6.24,2.06,2.7,4290,148.8,29,0.61,a_352730796_c,HOD Ghaziabad - House Of Diagnostics
9175,car,9844249447,trim_3227,-2157.01,812.47,-84.95,611.65,4.29,1.67,1.64,1764,175.6,34,0.767,,
9176,car,9168946252,9852318741,1944.8,476.66,-1507.65,541.24,4.77,1.73,1.37,1648,145.9,48,0.732,,
9177,car,trim_9444,2960312625,-1265.28,496.37,-896.89,38.87,4.07,1.94,1.53,1361,154.2,34,0.66,,
9178,car,trim_613,trim_6579,-2357.71,353.14,954.17,-1214.08,4.04,1.73,1.52,1242,177.4,73,0.737,,
9179,motorcycle,trim_2115,trim_9171,200.7,-3,-1071.42,-568.25,1.85,0.79,1.24,195,109.2,60,0.763,,
9180,car,trim_4552,trim_6877,-941.64,1208.26,-2289.38,800.5,4.18,1.78,1.6,1022,144.4,68,0.74,,
9181,bus,trim_622,11149743463,-2215.15,521.9,-2585.4,-945.84,9.6,2.51,3.25,13386,82.7,70,0.713,,
9182,car,4227743720,2960361513,1186.43,-1122.08,-679.58,-1393.51,4.3,1.85,1.61,1542,164.0,79,0.877,,
9183,car,9857350829,trim_595,-1754.3,26.17,-2067.55,1087.65,4.97,1.62,1.39,1810,155.0,64,0.778,,
9184,car,2960312499,9857583763,-1144.36,-198.04,-1362.11,-1161.79,4.46,1.62,1.41,1575,160.6,27,0.85,,
9185,car,trim_390,11187660595,-2185.73,117.48,1886.73,808.15,4.58,1.7,1.64,1485,161.9,65,0.838,,
9186,car,12144193862,9857625479,1048.26,355.52,-1104.96,-1010.09,5.08,1.76,1.55,1648,163.9,72,0.858,,
9187,car,trim_3527,trim_3881,848.37,-405.89,1538.51,-261.06,4.63,1.69,1.57,1743,167.5,48,0.783,,
9188,car,trim_3940,11909810140,911.34,55.6,2455.98,-803.9,4.01,1.89,1.61,1881,158.6,59,0.764,,
9189,car,9168861177,trim_9366,-1024.72,-781.15,1448.16,203.08,4.94,1.91,1.47,1258,142.5,38,0.653,,
9190,car,10187672621,2960336743,40.28,992.13,-1417.47,369.2,4.21,1.9,1.5,1578,145.3,33,0.733,,
9191,car,9852338731,trim_2805,-2062.92,29.59,-2335.06,1166.18,5.04,1.9,1.4,1075,155.8,39,0.835,,
9192,car,9843385453,12816120850,-1506.17,742.83,-421.71,-271.75,5.04,1.88,1.58,1248,172.8,22,0.668,,
9193,bus,trim_9067,5170801501,-1692.62,752.06,2288.45,565.47,11.48,2.45,3.37,8992,89.8,45,0.863,,
9194,car,9852378899,trim_2616,-2031.72,-886.03,-1389.29,620.87,4.24,1.77,1.36,1664,164.5,16,0.885,,
9195,car,4227798235,trim_2947,1249.67,-6.25,-2134.89,1060.02,4.54,1.93,1.56,1288,142.6,66,0.907,,
9196,car,trim_5685,trim_8541,2186.03,-1463.4,-779.92,783.37,4.32,1.72,1.63,1344,167.9,78,0.999,,
9197,car,9168850571,trim_8669,-1138.26,950.3,-549.95,770.81,4.67,1.94,1.61,1513,142.3,34,0.832,,
9198,motorcycle,trim_3548,trim_973,602.4,-208.29,-762.29,-193.17,1.95,0.68,1.16,112,90.7,62,0.824,,
9199,car,11747124024,trim_3775,-589.53,854.61,-1004.06,-937.57,4.76,1.81,1.41,1318,143.3,80,0.943,,
9200,car,9168951471,trim_6829,929.84,-1064.89,-2266.51,270.91,4.98,1.8,1.52,1222,170.4,57,0.729,,
9201,car,trim_7829,trim_3431,2487.52,534.62,-293.57,476.05,4.46,1.74,1.43,1179,174.4,73,0.942,,
9202,car,9857987904,trim_4175,36.75,162.99,1899.06,810.94,5.05,1.76,1.58,1530,149.2,21,0.699,,
9203,car,11059051403,trim_657,-435.14,-261.55,-1811.8,528.88,4.15,1.74,1.57,1419,160.8,37,0.801,,
9204,car,4227798198,trim_3328,1306.56,-99.27,355.79,55.62,5.04,1.63,1.63,1278,177.1,55,0.767,,
9205,car,9861682123,trim_336,-2234.1,295.56,-545.39,588.36,4.72,1.68,1.39,1665,147.3,22,0.721,,
9206,car,9854981057,trim_435,2002.47,-465.25,-2376.25,45.64,4.67,1.61,1.39,1607,171.2,32,0.782,,
9207,car,4227798241,trim_8750,2379.51,-11.25,529.89,1299.21,4.82,1.61,1.52,1703,140.1,59,0.811,,
9208,car,9884318198,12144093195,653.13,702.59,799.63,321.99,4.27,1.71,1.52,1257,177.3,28,0.687,,
9209,car,trim_4186,trim_8748,742.95,499.76,-280.77,1467.42,5.07,1.77,1.5,1717,147.1,61,0.753,,
9210,car,trim_1774,9852317032,78.39,-1284.47,299.32,919.83,4.91,1.89,1.63,1620,160.7,46,0.874,,
9211,car,7219691568,trim_6866,2298.32,-1269.08,-2404.44,-480.75,4.32,1.83,1.44,1248,150.6,62,0.69,,
9212,car,trim_1431,trim_5448,-2445.87,-418.77,2223.89,148.22,4.67,1.8,1.64,1816,150.0,47,0.676,,
9213,bus,trim_1244,trim_1198,-1479.19,-284.52,-1768.48,-563,10.87,2.46,3.15,10943,95.1,70,0.86,,
9214,motorcycle,trim_4305,trim_1400,1567.25,649.36,-2037.54,-489.17,2.12,0.73,1.17,244,136.7,58,0.867,,
9215,car,trim_3185,10259407492,316.22,-558.01,2442.71,-1078.17,4.66,1.76,1.55,1561,159.1,66,0.783,,
9216,car,trim_7247,9168951487,-2219.78,-827.33,502.29,-1134.58,4.85,1.87,1.43,1766,143.1,52,0.698,,
9217,motorcycle,2960366913,trim_897,-1557.16,-549.61,-1326.56,-154.43,1.96,0.9,1.23,111,105.7,77,0.811,,
9218,car,12643742015,9844249449,653.345184335002,790.0505193740963,-2137.98,789.81,4.88,1.78,1.48,1280,143.1,60,0.855,,
9219,car,trim_6122,trim_6816,-1387.97,-116.96,130.11,715.13,4.44,1.86,1.39,1865,155.6,22,0.898,,
9220,car,trim_305,9168959377,-1673.52,404.48,967.97,-222.31,4.59,1.88,1.52,1338,170.8,58,0.721,,
9221,truck,trim_5097,trim_2136,1107.03,-232.91,1393.45,1012.57,9.25,2.55,2.72,10369,75.5,18,0.912,,
9222,bus,trim_209,trim_743,341.1,-378.86,-1300.8,983.26,9.55,2.57,3.4,12583,81.2,44,0.798,,
9223,car,9843687280,trim_7795,2254.15,848.63,482.94,-1171.88,4.38,1.74,1.58,1853,151.7,26,0.819,,
9224,car,12124302392,6294258005,-891.05,-1110.78,-1881.16,-1118.59,4.2,1.64,1.52,1769,144.7,67,0.788,,
9225,car,9861682132,12139756899,-1528.03,513.98,1925.06,-1438.19,5.0,1.89,1.5,1786,147.1,37,0.661,,
9226,car,trim_277,trim_5339,220.21,-404.42,1413.55,567.04,4.3,1.92,1.39,1478,164.3,50,0.896,,
9227,car,12129943952,trim_5340,-1545.33,717.88,1452.08,530.33,4.59,1.89,1.49,1003,165.6,18,0.835,,
9228,car,4225324743,trim_1455,1770.63,466.86,-1722.83,-768.9,4.8,1.81,1.39,1397,144.0,59,0.832,,
9229,car,trim_7221,4225219831,-1407.84,12.49,-431.64,-502.03,4.39,1.9,1.42,1233,167.0,29,0.824,,
9230,car,trim_2039,9855373893,1502.6,-326.63,2303.61,-1268.27,4.45,1.75,1.49,1033,172.6,67,0.738,,
9231,car,trim_8315,trim_4546,492.63,-662.81,1290.82,-377.28,4.28,1.93,1.47,1485,167.4,25,0.799,,
9232,car,trim_8784,trim_3948,-59.99,-909.8,1902.16,302.53,4.12,1.65,1.37,1405,172.4,34,0.757,,
9233,car,trim_8914,trim_9509,2261.6,-986.87,1735.61,611.5,4.97,1.87,1.38,1619,148.3,48,0.814,,
9234,car,9852168744,6928966902,-2116.68,400.15,-1657.1,-1330.51,4.26,1.6,1.36,1211,144.0,29,0.781,,
9235,car,4224980840,trim_8315,-1912.72,447.73,492.63,-662.81,4.58,1.68,1.59,1725,149.0,49,0.762,,
9236,car,11161018542,trim_2276,2202.14,-1482.44,1081.35,883.34,4.85,1.8,1.42,1131,160.7,79,0.985,,
9237,car,trim_2557,trim_574,2220.94,707.69,-1970.77,539.38,4.93,1.63,1.44,1030,177.5,76,0.789,,
9238,car,trim_9610,12901265234,-546.82,16.27,-543.06,-884.47,4.7,1.93,1.57,1060,176.3,45,0.696,,
9239,car,trim_8810,6202105970,726.4786947592181,264.3488528011561,437.32,-1042.83,4.03,1.76,1.42,1746,154.5,61,0.779,,
9240,car,trim_7551,trim_7223,-568.97,-963.5,-1470.37,-513.38,4.08,1.88,1.48,1795,146.4,80,0.949,,
9241,car,9168881200,trim_7040,2306.66,682.77,-2449.28,448.57,4.83,1.7,1.43,1876,149.6,68,0.763,,
9242,car,trim_6281,9852378896,-330.92,-827.35,-2030.36,-882.31,4.59,1.9,1.5,1142,140.3,28,0.894,,
9243,bus,trim_2204,9844203651,-215.04,1117.88,-2370.01,1161.45,9.03,2.56,3.04,11909,82.1,65,0.758,,
9244,car,trim_6872,trim_3805,-2493.97,-357.76,-759.21,-794.51,4.71,1.89,1.46,1792,150.1,59,0.734,,
9245,motorcycle,trim_7485,trim_880,-1296.6,210.16,-1202.54,-415.79,2.2,0.67,1.07,115,100.7,80,0.891,,
9246,car,trim_4462,trim_8003,1812.33,663.39,-0.67,968.87,4.4,1.91,1.62,1879,174.5,78,0.982,,
9247,car,trim_2759,9843492405,-2347.11,700.37,1381.75,859.74,4.92,1.88,1.51,1072,149.2,34,0.698,,
9248,car,9857625497,2962838315,-928.17,-1010.78,-116.23,-1149.93,4.32,1.81,1.53,1800,146.2,50,0.842,,
9249,car,1680242506,trim_316,-2612.07,218.43,-1403.48,449.25,4.94,1.75,1.55,1368,167.8,56,0.898,,
9250,bus,9843433134,trim_6155,949.44,653.98,-1525.19,-620.26,10.56,2.48,3.2,10840,96.9,30,0.763,,
9251,car,4225324675,trim_1907,926.44,165.19,-147.69,-1153.78,4.67,1.65,1.47,1030,160.6,28,0.777,,
9252,car,9168986440,trim_221,-482.5,731.39,423.01,-38.56,4.72,1.79,1.59,1033,150.8,58,0.799,,
9253,car,trim_7519,trim_9536,-1210.63,-798.03,-724.62,-1365.49,4.92,1.75,1.38,1480,161.0,30,0.807,,
9254,car,trim_594,457278195,-1986.04,975.26,-815,456,5.06,1.78,1.63,1160,175.6,30,0.797,,
9255,car,2962838438,trim_2356,-152,-940.56,-1748.83,-1002.1,4.87,1.73,1.47,1055,174.8,18,0.823,,
9256,car,9843687287,trim_5654,2610.99,1167.88,-1640.54,698.58,4.1,1.83,1.52,1612,146.2,63,0.679,,
9257,car,trim_658,trim_3906,-1806.87,529.69,1662.02,311.56,4.24,1.61,1.53,1896,154.4,50,0.792,,
9258,car,trim_416,trim_246,-1941.39,249.92,1460.71,465.31,4.58,1.92,1.57,1231,169.0,29,0.891,,
9259,car,trim_8332,trim_3457,-438.36,-1326.1,-1343.29,-416.9,4.66,1.81,1.59,1888,163.5,66,0.894,,
9260,motorcycle,11143288405,trim_4771,1502.01,831.28,-475,1485.6,1.95,0.85,1.06,154,142.5,41,0.858,,
9261,car,trim_8330,trim_9445,-385.07,-1279.29,-1260.36,497.24,4.23,1.9,1.4,1030,172.9,17,0.897,,
9262,car,4217016591,trim_6053,-333.54,2768.24,-1514.54,557.92,5.03,1.87,1.51,1332,170.9,58,0.751,,
9263,car,2970305345,8819311733,656.79,604.89,2476.56,-1141.17,4.74,1.75,1.39,1116,179.5,64,0.704,,
9264,car,9852405476,9857350828,-2421.01,1.99,-1760.72,28.99,4.42,1.81,1.51,1011,165.7,48,0.788,,
9265,car,trim_3040,trim_3846,-471.65,462.3,-560.35,-1003.69,4.1,1.8,1.46,1603,152.4,69,0.777,,
9266,motorcycle,9859618302,trim_1025,-1171.84,-486.59,-925.57,219,2.25,0.67,1.37,257,136.3,41,0.675,,
9267,car,5170849685,trim_5472,-1396.99,973.98,2333.54,38.56,5.03,1.68,1.61,1640,160.3,46,0.806,,
9268,car,trim_2977,trim_6054,-2231.29,964.61,-1529.33,513.5,4.76,1.7,1.41,1643,176.6,31,0.792,,
9269,car,trim_6456,trim_6531,1876.84,225.33,697.38,-876.16,4.64,1.68,1.48,1546,154.6,53,0.824,,
9270,car,trim_336,9843084754,-545.39,588.36,-2253.59,983.53,4.34,1.82,1.38,1291,144.2,78,0.835,,
9271,car,trim_6792,trim_2143,383.64,1011.19,1862.43,1002.67,4.92,1.9,1.5,1720,176.4,53,0.734,,
9272,car,9168951504,trim_8066,825.28,-1359.98,-1582.71,-1470.78,4.17,1.85,1.38,1264,162.3,23,0.693,,
9273,car,4224981109,trim_6684,-2488.54,1227.13,1447.21,367.93,4.22,1.91,1.4,1052,162.1,75,0.92,,
9274,car,trim_8296,trim_9250,1461.51,784.4,2386.67,613.27,4.72,1.69,1.38,1212,157.6,25,0.765,,
9275,car,9843692468,trim_6716,2268.37,998.84,1030.33,1417.18,4.57,1.9,1.52,1585,173.9,57,0.769,,
9276,car,10205548831,trim_5588,2260.32,-840.09,1696.03,-138.92,4.23,1.88,1.47,1404,163.7,24,0.664,,
9277,car,5170639290,trim_4714,2076.09,-173.57,-223.36,-933.67,4.47,1.61,1.57,1256,147.6,46,0.794,,
9278,motorcycle,trim_5963,trim_7993,243.18,1009.42,-1395.88,-1149.02,2.08,0.78,1.06,111,114.2,54,0.844,,
9279,car,trim_8379,trim_5051,-681.92,-548.06,1929.26,-252.1,4.11,1.86,1.63,1516,162.0,80,0.997,,
9280,car,5170815490,4227797915,-1158.66,-1475.74,1960.47,-908.58,4.45,1.91,1.37,1543,178.3,64,0.776,,
9281,motorcycle,trim_1194,2960361487,-1763.19,-651.99,-1562.61,-1061.09,2.15,0.66,1.28,126,140.6,68,0.866,,
9282,motorcycle,trim_7036,trim_5854,-2425.78,524.86,2333.98,-794.89,1.84,0.87,1.23,122,140.4,59,0.832,,
9283,car,9843084740,trim_7642,-2244.68,713.06,357.09,-216.55,4.47,1.68,1.37,1102,171.0,37,0.83,,
9284,car,trim_6459,5170791987,1922.04,277.33,-1696.86,669.94,4.27,1.89,1.56,1034,161.5,54,0.74,,
9285,car,5170630792,trim_9212,2186.76,457.28,2004.89,254.54,4.09,1.94,1.49,1861,148.6,59,0.885,,
9286,car,11909810163,9852976122,2019.55,-603.1,-1574.84,-423.85,4.5,1.85,1.58,1611,158.1,60,0.863,,
9287,car,trim_4369,trim_9514,1271.46,284.18,1720.42,692.09,5.02,1.92,1.52,1869,165.7,43,0.699,,
9288,car,12141514988,trim_8028,-2154,1088.47,2486.08,1143.97,4.67,1.77,1.44,1492,166.7,78,0.984,,
9289,car,4225172421,9168850577,-556.48,449.04,-1573.92,741.91,4.98,1.71,1.4,1036,152.1,58,0.816,,
9290,car,trim_2012,9859596007,-406.92,2.93,-981.83,-534.09,4.19,1.68,1.63,1696,168.3,32,0.888,,
9291,car,9867730865,trim_7421,2159.53,-1126.89,-2388.43,-1027.22,4.16,1.69,1.54,1101,160.3,77,0.896,,
9292,car,trim_2482,9857682455,-24.33,1172.12,-302.48,-869.17,4.17,1.91,1.65,1656,167.5,71,0.833,,
9293,car,11302966228,trim_8453,867.36,1017.55,1777.3,616.47,4.28,1.8,1.62,1527,162.3,17,0.792,,
9294,car,trim_817,9852348498,-1195.33,224.4,-1432.96,-47.99,4.63,1.8,1.38,1870,165.4,50,0.898,,
9295,car,trim_5696,12109680696,880.65,-263.51,1356.4,1452.57,4.69,1.75,1.36,1759,159.4,58,0.78,,
9296,motorcycle,trim_4703,trim_6510,1081.41,223.32,-60.45,-170.24,2.11,0.81,1.18,164,154.3,52,0.878,,
9297,truck,trim_5690,9857647462,1948.56,-1013.19,-1001.54,-1201.68,6.31,2.45,2.95,11950,88.1,72,0.929,,
9298,truck,trim_605,trim_3631,-2551.52,119.05,-541.39,-849.41,11.29,2.39,3.4,5571,73.9,42,0.89,,
9299,car,trim_3509,trim_1636,6.86,-175.81,-1526.35,-402.26,4.17,1.87,1.6,1769,154.8,73,0.954,,
9300,car,trim_7826,4227743604,2121.34,-1183.07,332.95,-1700.16,4.59,1.78,1.55,1437,145.6,59,0.767,,
9301,car,4225324919,trim_3158,2411.89,1349.76,635.06,165.39,4.06,1.71,1.47,1047,170.4,74,0.944,,
9302,motorcycle,11586812711,trim_6466,127.85,23.67,1573.09,423.73,1.81,0.85,1.1,126,138.5,38,0.668,,
9303,car,12141476163,trim_8683,-1635.71,1243.27,590.39,581.53,4.5,1.81,1.5,1827,153.2,46,0.658,,
9304,motorcycle,12143857474,trim_7260,440.45,367.41,-2259.57,-861.94,1.99,0.81,1.22,207,148.6,55,0.714,,
9305,car,trim_3817,trim_1699,-761.53,-1491.14,-69.26,-1346,4.1,1.9,1.54,1696,141.5,23,0.701,,
9306,car,9857682500,trim_8776,-754.35,-630.2,66.74,-1063.75,4.56,1.68,1.59,1733,143.0,58,0.789,,
9307,car,trim_6598,trim_5273,1887.43,-661.53,1601.58,41.69,4.95,1.62,1.42,1057,151.2,77,0.99,,
9308,car,trim_3121,trim_3904,1264.6,-854.3,1614.68,353.96,5.07,1.7,1.53,1547,148.6,34,0.725,,
9309,car,9168881196,11909810125,2062.77,611.72,2445.4,-926.62,4.25,1.78,1.43,1105,152.2,17,0.883,,
9310,car,trim_9689,9859639842,2102.24,-1083.47,-350.64,-298.86,4.55,1.64,1.4,1414,149.3,80,0.898,,
9311,car,2960336807,3834051376,-1122,-323.78,-105.47,1650.37,4.83,1.94,1.58,1026,164.4,54,0.684,,
9312,car,trim_8388,trim_8954,-677.51,-545.7,1135.29,1224.59,5.07,1.71,1.4,1745,163.3,26,0.714,,
9313,car,trim_2372,trim_7235,-1464.61,-1235.72,-2295.1,-136.49,4.07,1.83,1.47,1772,168.7,69,0.919,,
9314,car,trim_928,11982921986,-1074.65,200.92,-71.71,695.26,4.76,1.94,1.5,1277,152.8,59,0.672,,
9315,car,trim_613,11056361044,-2357.71,353.14,1279.78,487.91,4.88,1.73,1.43,1749,147.6,57,0.718,,
9316,car,9852770086,9852391721,1900.76,-1781.87,-2150.05,-942.13,4.89,1.94,1.61,1019,179.7,39,0.739,,
9317,truck,trim_1163,trim_2677,-1710.89,1.44,-2348.91,-751.44,11.98,2.56,3.11,8263,86.1,67,0.913,,
9318,car,9844249437,trim_3507,-2196.86,829.3,11.14,-195.01,4.18,1.6,1.54,1659,173.3,63,0.766,,
9319,car,11143615613,trim_2481,2378.94,50.73,-28.35,1192.48,4.96,1.91,1.64,1189,150.4,39,0.863,,
9320,car,2960300013,trim_1554,-1558.88,689.07,-1072.32,-573.17,4.57,1.68,1.46,1765,140.3,29,0.676,,
9321,car,trim_4460,9843433159,1254.26,-426.85,1371.01,681.9,4.81,1.91,1.55,1351,158.0,44,0.79,,
9322,car,trim_8232,trim_2104,2245.69,609.12,360.16,-215.23,4.21,1.7,1.59,1671,167.4,17,0.858,,
9323,car,trim_4662,trim_7575,1766.5,-862.5,-416.93,-809.72,5.04,1.73,1.48,1246,155.7,64,0.686,,
9324,car,2960299955,6202105974,-1276.24,523.1,688.82,-315,4.23,1.65,1.43,1097,172.6,39,0.749,,
9325,car,trim_5208,12130429772,2335.69,41.37,-1463.04,678.1,4.26,1.93,1.62,1772,161.4,22,0.712,,
9326,car,trim_8192,2960336646,-976.93,610.06,-1527.84,-160.89,4.4,1.68,1.45,1723,173.3,49,0.806,,
9327,car,4225077521,trim_5569,-1993.89,1447.6,1662.91,-550.74,4.05,1.73,1.56,1031,164.3,41,0.81,,
9328,car,trim_881,trim_9527,-1152.89,-423.81,1670.81,955.21,4.33,1.84,1.46,1506,144.5,57,0.705,,
9329,motorcycle,trim_600,trim_2824,-2119.19,1155.64,-2352.55,1115.4,2.25,0.85,1.27,158,137.8,60,0.88,,
9330,car,6735189823,trim_1042,2445.33,-800.11,-999.94,239.71,4.15,1.67,1.58,1248,160.1,63,0.675,,
9331,motorcycle,trim_196,trim_6239,716.92,276.38,-833.61,-1176.42,2.17,0.71,1.24,148,105.5,68,0.775,,
9332,car,9859747838,9857647467,172.98,-1506.32,-997.57,-1553.92,4.08,1.73,1.5,1641,175.1,51,0.74,,
9333,car,5170679559,trim_2340,-1309.49,773.56,-2155.26,1498.76,4.74,1.61,1.4,1535,173.0,16,0.995,,
9334,car,11176516537,trim_3496,-462.34,-815.82,-16.1,-66.83,4.13,1.79,1.52,1761,154.5,58,0.882,,
9335,car,2970305418,trim_4261,236.85,1633.6,2260.97,-27.69,4.79,1.62,1.4,1010,163.0,21,0.776,,
9336,car,trim_2712,trim_1242,-1906.32,419.39,-1480.14,-358.45,4.54,1.89,1.63,1504,160.0,59,0.752,,
9337,car,trim_5532,9168850558,2310.89,-655.11,-1432.18,1229.46,4.69,1.9,1.48,1665,162.0,23,0.659,,
9338,car,4225324623,2960361574,843.08,-167.16,-1354.83,-468.39,4.04,1.68,1.52,1818,144.2,22,0.689,,
9339,car,4227743808,trim_6907,951.88,468.17,-2049.22,1077.55,4.86,1.83,1.56,1079,162.1,39,0.824,,
9340,car,9852318738,9859736949,-1512.1,549.31,46.03,114.33,4.93,1.87,1.56,1755,143.2,45,0.692,,
9341,car,11700537921,trim_4503,290.42,-1213.18,1758.22,744.99,4.1,1.63,1.57,1491,178.8,80,0.862,,
9342,car,trim_1103,trim_879,-871.23,-311.72,-1207.47,-414.96,4.21,1.93,1.48,1156,174.8,34,0.713,,
9343,motorcycle,9857583763,trim_7280,-1362.11,-1161.79,-1964.14,-1472.54,2.18,0.68,1.22,231,115.4,28,0.72,,
9344,car,12139823106,4224981004,2035.64,-1470.05,-1787.7,615.7,4.26,1.67,1.42,1777,156.0,21,0.761,,
9345,car,5170868606,trim_1526,1643.76,-356.27,-1083.13,-969.35,5.07,1.78,1.55,1685,163.8,60,0.849,,
9346,car,9168911140,4225324731,-1891.82,-1060.05,1812.47,405.29,4.15,1.89,1.64,1281,162.5,53,0.774,,
9347,motorcycle,2960326745,trim_745,-1628.58,-56.32,-1574.16,688,2.27,0.82,1.06,132,113.8,79,0.929,,
9348,car,2970305489,4224981064,-9.25,2563.53,-2526.97,821.07,5.01,1.77,1.5,1108,178.6,71,0.78,,
9349,car,trim_1320,trim_6425,-1132.68,-325.12,1946.44,472.69,5.05,1.71,1.6,1174,160.4,71,0.928,,
9350,bus,9843492416,trim_7388,1461.7,503.26,1800.06,-233.7,11.26,2.58,3.28,13836,96.3,43,0.662,,
9351,car,4227798114,4227743655,1558.6,-433.51,308.01,-1515.35,4.6,1.65,1.58,1320,158.2,43,0.677,,
9352,car,trim_8688,trim_1757,-640.45,1249.87,-368.05,-1551.37,4.2,1.86,1.38,1687,143.0,44,0.712,,
9353,car,trim_3534,trim_1606,-312.75,573.17,-1392.37,-509.51,4.07,1.8,1.59,1439,178.5,33,0.69,,
9354,car,trim_5161,trim_4703,1580.53,-446.99,1081.41,223.32,4.36,1.71,1.62,1585,149.9,67,0.888,,
9355,car,trim_5197,2960361589,1770.73,-216.6,-1372.27,-665.33,5.06,1.92,1.56,1341,162.6,77,0.867,,
9356,car,trim_4527,trim_619,-740.11,826.53,-2229.59,503.6,4.22,1.67,1.4,1259,143.7,49,0.854,,
9357,car,trim_2482,trim_4648,-24.33,1172.12,-1256.61,1147.55,4.5,1.81,1.51,1734,152.5,29,0.873,,
9358,car,trim_1746,9852160653,-61.16,-1396.9,-2452.35,383.41,4.55,1.86,1.52,1258,160.4,70,0.777,,
9359,car,trim_2534,trim_5407,-939.17,1206.18,2099.5,87.79,4.87,1.85,1.53,1456,164.0,22,0.788,,
9360,car,9843433154,trim_9522,1166.37,613.1,1687.02,869.21,4.06,1.73,1.44,1734,148.6,61,0.813,,
9361,truck,11983071048,trim_5415,1231.94,1236.86,1620.25,-518.97,8.57,2.58,2.87,12071,86.0,59,0.888,,
9362,car,trim_9525,trim_3460,1678.98,911.87,428.62,-438,4.33,1.86,1.46,1124,165.6,36,0.79,,
9363,car,trim_3423,9852465878,-160.31,628.92,-2012.59,-1439.58,4.81,1.71,1.6,1041,145.6,73,0.75,,
9364,ambulance,9859618307,4225077439,-924.07,-526.04,-2387.67,1056.15,6.09,2.14,2.73,4367,143.8,65,0.564,a_4562908189,Hospital (amenity a_4562908189)
9365,car,4225219701,trim_6695,-795.01,-1364.47,1144.81,1223.64,4.83,1.64,1.51,1140,171.6,63,0.872,,
9366,car,9843455327,2960361438,-1571.49,1634.18,-2482.77,-265.94,4.36,1.9,1.56,1759,155.9,59,0.666,,
9367,car,trim_9052,6294257366,-1730.25,1432.48,-2552.99,-901.26,4.15,1.61,1.43,1608,174.2,19,0.798,,
9368,car,12134065832,12165965998,-383.51,403.15,1833.09,-905.66,4.48,1.81,1.47,1502,169.3,21,0.741,,
9369,car,4227798190,12134065832,991.22,-119.79,-383.51,403.15,4.17,1.74,1.47,1253,176.8,22,0.677,,
9370,bus,trim_7481,trim_8467,-1317.55,262.65,2021.75,1035.4,10.68,2.56,3.28,13410,90.2,29,0.893,,
9371,car,9844203635,trim_5524,-2356.74,1315.26,2166.89,-569.67,4.26,1.86,1.56,1534,141.3,75,0.839,,
9372,car,trim_8168,trim_4929,1826.84,-533.82,-1445.59,1058.04,4.76,1.73,1.49,1585,147.0,73,0.894,,
9373,car,trim_2046,9843437538,1443.88,-412.61,2677.21,1218.28,4.6,1.79,1.38,1123,172.1,76,0.848,,
9374,car,12165965998,trim_1036,1833.09,-905.66,-898.45,174.44,4.57,1.8,1.36,1356,152.1,34,0.812,,
9375,car,9855373892,trim_7100,2276.91,-1288.97,-2042.35,441.66,4.23,1.71,1.43,1486,162.6,76,0.981,,
9376,car,9857682451,2960299859,-329.46,-1067.81,-1350.92,-1034.17,4.87,1.61,1.47,1291,175.4,75,0.894,,
9377,car,trim_7219,trim_1561,-2040.06,-432.83,-1135.73,-557.82,4.31,1.87,1.49,1851,165.0,49,0.893,,
9378,car,4225324633,trim_7691,760.47,-85.93,122.45,36.65,4.39,1.85,1.53,1377,165.6,34,0.792,,
9379,car,trim_6191,trim_2789,-1351.2,-723.37,-1949.96,689.02,4.23,1.82,1.64,1224,173.6,46,0.872,,
9380,car,trim_8142,11237649539,-2093.42,-1109.17,-1941.93,625.54,4.23,1.8,1.59,1845,159.3,55,0.896,,
9381,car,trim_1032,11499043130,-965.04,128.82,-750.12,1046.85,4.65,1.82,1.56,1532,150.3,44,0.76,,
9382,car,3960095899,2960328325,-1419.72,786.84,-1683.61,-73.76,4.62,1.77,1.37,1455,154.7,25,0.745,,
9383,car,trim_6176,trim_1746,-1617.48,-664.32,-61.16,-1396.9,4.38,1.7,1.42,1268,150.8,53,0.75,,
9384,car,9857682482,2960336650,-797.22,-674.4,-1523.77,-36.96,4.95,1.64,1.38,1401,158.4,68,0.718,,
9385,ambulance,2960326747,9859596012,-1581.18,-14.65,-966.61,-436.25,5.68,2.08,2.84,4310,142.9,80,0.799,a_7018033056,"Chandra Laxmi Hospital, Maliwara Chowk"
9386,car,2962837653,trim_1715,-166.14,-1232.99,-201.58,-1442.49,4.1,1.84,1.4,1116,159.7,61,0.77,,
9387,car,trim_8177,trim_3141,1594.57,-433.7,1329.86,-791.11,4.45,1.66,1.45,1478,144.7,38,0.829,,
9388,car,trim_4167,9168959382,-579.08,898.07,1144.15,-25.22,4.04,1.94,1.38,1540,161.4,62,0.674,,
9389,car,9855373892,trim_6945,2276.91,-1288.97,2200.84,1257.86,4.91,1.86,1.51,1238,166.0,33,0.882,,
9390,car,11909810118,trim_1472,2464.36,-982.42,-1456.4,-868.4,4.6,1.75,1.62,1619,144.4,67,0.729,,
9391,car,trim_8174,9853181586,2017.24,-778.69,930.94,45.32,4.51,1.61,1.38,1195,179.5,36,0.831,,
9392,bus,trim_1813,trim_9354,-28.98,-1007.92,863.75,813.25,11.84,2.48,3.19,10000,72.7,27,0.876,,
9393,car,trim_4452,9843084755,1793.63,190.68,-2210.99,1023.59,4.93,1.81,1.53,1151,158.4,20,0.768,,
9394,car,trim_2816,trim_2871,-2294.02,731.16,-1881.2,474.8,4.99,1.94,1.65,1422,147.7,43,0.85,,
9395,car,trim_6687,trim_2731,843.37,578.81,-2301.02,1292.47,4.4,1.67,1.4,1275,141.1,35,0.833,,
9396,car,trim_7685,trim_3829,-1064.07,473.97,-561.21,-1000.23,4.97,1.84,1.43,1166,170.0,65,0.825,,
9397,car,trim_5940,trim_9680,116.28,-1458.38,-1619.21,335.28,4.25,1.78,1.43,1657,178.3,77,0.782,,
9398,truck,11491243642,trim_4677,-559.06,-1195.69,336.64,-1403.81,7.09,2.57,3.31,11005,77.2,40,0.784,,
9399,car,9859595986,4227743628,299.52,-1155.55,249.7,-1600.7,4.41,1.77,1.46,1403,149.2,69,0.904,,
9400,car,12129299582,trim_2293,2045.53,242.8,2256.75,1105.01,4.62,1.82,1.38,1185,153.1,66,0.837,,
9401,car,2960326537,trim_4236,-1432.38,370.75,1932.66,202.68,5.0,1.65,1.52,1842,176.3,47,0.803,,
9402,car,trim_7435,trim_455,-2060.56,398.04,-2120.98,-323.03,4.44,1.79,1.37,1042,146.5,59,0.75,,
9403,car,trim_1041,trim_1759,-940.24,148.84,-128.1,-1729.87,4.65,1.66,1.53,1395,156.9,72,0.914,,
9404,car,9854981043,trim_9028,2095.76,-477.09,-1164.16,1096.12,4.57,1.8,1.53,1772,178.9,41,0.894,,
9405,car,trim_713,trim_4978,-1299.29,831.79,-1406.03,1166.55,4.37,1.69,1.35,1295,154.3,21,0.898,,
9406,car,trim_8936,2960326228,-72.79,705,-1541.25,251.18,4.21,1.69,1.51,1003,155.8,32,0.788,,
9407,bus,2960312592,4225324818,-452.49,-288.83,1345.7,807.43,10.13,2.46,3.16,11394,73.8,77,0.772,,
9408,car,trim_6650,trim_1475,1293.44,-375.99,-1526.82,-956.94,4.44,1.8,1.51,1112,166.5,28,0.828,,
9409,car,11187660594,trim_2395,1874.3,852.64,-599.42,1490.89,4.95,1.72,1.6,1542,176.8,36,0.861,,
9410,ambulance,trim_842,trim_186,-1358.69,58.19,428.52,162.74,5.94,2.16,2.73,4166,133.9,18,0.745,a_7018342523,"Lokpriya Hospital, Ghaziabad"
9411,car,4225324765,trim_6455,-351.02,620.88,2035.85,225.34,4.73,1.65,1.62,1806,142.4,16,0.812,,
9412,car,trim_5494,3887993299,2339.12,322.59,1538.69,1032.81,4.6,1.64,1.58,1407,176.2,38,0.758,,
9413,car,trim_6192,trim_6127,-1315.06,-785.47,-1320.58,-108.56,4.01,1.82,1.37,1066,161.1,73,0.897,,
9414,car,12144193860,trim_805,1053.9,332.98,-876.71,565.94,4.78,1.81,1.58,1727,169.2,73,0.794,,
9415,car,trim_1348,trim_2037,-2285.38,-215,1521.62,-294.61,5.08,1.74,1.58,1348,141.4,65,0.711,,
9416,car,13944573783,trim_9393,-263.18,684.27,-1374,450.48,4.25,1.63,1.47,1205,153.4,62,0.729,,
9417,car,trim_3983,9852338753,1052.3,849.31,-2053.36,-307.12,4.52,1.75,1.36,1445,142.2,55,0.651,,
9418,truck,trim_9161,trim_4548,2330.99,727.63,1276.45,-369.78,9.55,2.46,3.27,15222,87.0,29,0.67,,
9419,car,trim_4783,4227743930,359.04,-1414.29,-1245.82,1993.33,4.16,1.92,1.64,1463,149.3,51,0.73,,
9420,car,2960361438,2960299902,-2482.77,-265.94,-2200.69,1336.5,4.97,1.86,1.38,1121,179.1,37,0.82,,
9421,car,trim_6713,trim_5368,1386.68,818.15,1762.94,-279.86,4.84,1.65,1.52,1607,147.4,79,1.017,,
9422,car,trim_6988,trim_3515,2404.38,858.7,-181.49,339.68,4.65,1.81,1.59,1047,140.3,28,0.886,,
9423,car,trim_3904,trim_8039,1614.68,353.96,-1068.94,487.9,4.3,1.62,1.38,1651,145.6,44,0.715,,
9424,motorcycle,trim_3102,trim_2661,490.55,-153.62,1562.73,-1642.83,2.0,0.77,1.27,215,144.3,62,0.691,,
9425,motorcycle,trim_2461,11491678306,-2338.1,890.54,112.14,961.77,2.22,0.89,1.38,247,127.2,36,0.898,,
9426,car,9709086995,trim_3850,-2363.26,183.98,-604.03,-1074.85,5.02,1.63,1.59,1237,149.5,39,0.796,,
9427,car,9852290900,9843036311,-133.49,1048.61,-2336.57,1041.53,4.67,1.78,1.36,1252,174.8,25,0.799,,
9428,car,trim_7489,11491475010,-825.2,201.27,254.32,-1099.01,4.53,1.89,1.54,1105,177.2,30,0.883,,
9429,car,2962860480,trim_710,-282.19,-938.1,-1346.12,802.89,4.49,1.87,1.44,1244,178.0,49,0.895,,
9430,car,2960312543,trim_9328,-1219.89,-148.28,-1113,-1007.27,4.56,1.9,1.38,1811,158.7,43,0.789,,
9431,car,trim_4599,trim_9508,-754.38,914.66,1736.54,606.58,4.31,1.73,1.46,1577,152.4,36,0.654,,
9432,car,trim_5855,trim_9698,2358.77,-750.54,2143.07,-1037.68,4.46,1.92,1.4,1672,153.7,63,0.686,,
9433,car,trim_6470,trim_5321,1609.12,465.34,1593.87,-430.08,5.03,1.84,1.41,1692,179.0,22,0.846,,
9434,car,9852331997,6928966895,-754.96,1004.18,-1765.3,-1410.13,4.32,1.83,1.45,1880,173.2,45,0.694,,
9435,car,trim_5836,trim_4141,-693.38,554.35,-442.51,856.58,4.1,1.85,1.64,1778,141.5,79,0.824,,
9436,car,trim_5871,trim_5085,2411.61,-557.62,2017.94,-1.28,4.12,1.94,1.58,1804,147.5,75,0.88,,
9437,car,trim_1935,4225172276,-451.58,-1378.19,3.57,-154.9,5.04,1.88,1.45,1562,141.0,17,0.879,,
9438,car,4225077445,trim_5618,-2621.67,1075.12,-36.22,1224.18,4.61,1.73,1.57,1135,153.9,37,0.718,,
9439,car,trim_810,trim_5705,-791.67,579.97,1862.1590265928285,-918.1358053185658,4.85,1.8,1.5,1376,179.2,21,0.839,,
9440,motorcycle,trim_2840,trim_3964,-2321.17,570.24,-438.05,924.11,2.01,0.76,1.06,234,118.6,51,0.816,,
9441,car,2962838321,4227798458,-129.03,-1099.37,2420.76,483.35,4.93,1.76,1.37,1812,151.6,59,0.867,,
9442,car,9852317027,trim_9629,294.66,859.38,296.49,-1204.43,4.81,1.87,1.58,1099,157.6,58,0.767,,
9443,car,2962837702,2960336708,-105.8,-1412.63,-917.78,424.68,4.92,1.63,1.4,1739,173.2,80,1.039,,
9444,car,4225077525,trim_3424,-1675.68,1519.42,-154.06,598.52,4.42,1.74,1.37,1526,143.4,71,0.77,,
9445,car,9855014984,trim_8232,1563.32,-436.12,2245.69,609.12,4.43,1.87,1.46,1395,157.4,20,0.899,,
9446,car,trim_1860,12129291892,-444.05,-651.28,1946.95,254.28,4.69,1.67,1.55,1649,167.0,66,0.847,,
9447,car,trim_2414,trim_8355,-144.14,1429.51,-282.57,384.18,4.49,1.62,1.42,1596,170.3,45,0.675,,
9448,car,trim_8477,trim_7965,2298.21,1081.52,-442.48,841.63,5.02,1.79,1.43,1702,143.1,79,0.799,,
9449,car,trim_8002,trim_7294,15.42,998.39,-1661.13,-650.16,4.02,1.91,1.37,1713,168.9,69,0.7,,
9450,car,6925898200,2960312593,-1869.11,-1553.27,-431.93,-271.03,4.68,1.78,1.4,1267,170.8,26,0.841,,
9451,car,trim_6745,trim_2763,-490.92,776.93,-1945.22,818.05,4.79,1.6,1.61,1712,172.6,25,0.852,,
9452,motorcycle,trim_222,trim_7534,427.12,81.56,-369.8,-1266.74,1.85,0.79,1.32,123,111.8,70,0.889,,
9453,car,3887993324,trim_1758,1686.02,1142.86,-364.19,-1554.55,4.13,1.76,1.56,1345,149.5,34,0.75,,
9454,car,trim_4690,trim_6860,1397.24,-2.27,670.19,683.95,4.31,1.69,1.62,1128,145.9,51,0.866,,
9455,car,trim_8728,trim_6966,-448.87,1003.99,1969.62,923.61,4.12,1.94,1.42,1267,141.7,38,0.728,,
9456,car,trim_3320,trim_573,-699.83,424.13,-1970.15,534.42,4.34,1.95,1.47,1621,156.4,63,0.823,,
9457,car,5170637554,trim_6433,1281.61,91.4,1983.86,395.22,4.97,1.68,1.56,1002,156.4,46,0.76,,
9458,car,trim_8910,trim_8253,2414.82,-1045.81,-221.38,-842.83,4.85,1.82,1.62,1870,164.3,49,0.693,,
9459,car,trim_6645,trim_6040,1329.27,-237.45,-1660.86,764.4,4.39,1.66,1.44,1181,168.3,16,0.897,,
9460,car,trim_7794,trim_7831,544.34,-1127.83,2400.75,603.2,4.07,1.71,1.62,1815,161.7,76,0.882,,
9461,car,9843692462,trim_1651,2140.53,958.71,-1456.06,-982.7,4.38,1.85,1.61,1660,151.3,56,0.687,,
9462,car,trim_9644,trim_2857,-1321.41,1140.96,-1886.15,552.92,4.82,1.84,1.54,1497,149.7,59,0.831,,
9463,motorcycle,9859493781,trim_1080,416.2,-455.06,-818.24,-381.22,2.1,0.76,1.37,180,120.2,17,0.877,,
9464,car,trim_3271,trim_3325,696.3,-48.15,-551.83,204.61,4.23,1.76,1.4,1287,172.6,49,0.87,,
9465,car,trim_3719,trim_1356,-645.35,-950.52,-2412.27,-223.77,4.38,1.81,1.62,1812,161.1,68,0.691,,
9466,car,trim_4060,trim_698,2314.28,1007.39,-1434.67,643.39,4.66,1.69,1.54,1503,143.5,53,0.845,,
9467,car,12098334226,9852465893,-1725.04,1699.9,-1532.49,-1421.39,4.6,1.67,1.47,1747,169.5,53,0.729,,
9468,car,trim_146,2960336778,368.1,-745.94,-1121.35,335.31,4.67,1.94,1.37,1754,151.4,41,0.828,,
9469,car,trim_8422,trim_328,-442.31,-857.52,-66.65,669.06,4.96,1.73,1.56,1577,175.7,29,0.882,,
9470,car,trim_3499,trim_8010,-233.04,-391.72,1477.03,122.28,4.58,1.79,1.4,1327,147.7,76,0.817,,
9471,motorcycle,trim_7297,trim_7014,-1279.72,-596.67,-2373.76,753.88,2.18,0.77,1.25,188,129.1,18,0.973,,
9472,car,11499173756,9852168757,491.05,1531.77,-2449.56,495.07,5.0,1.66,1.38,1117,178.5,28,0.899,,
9473,motorcycle,trim_1880,9168911144,-398.44,-1091.58,-1609.04,-214.97,1.89,0.73,1.4,243,109.2,49,0.718,,
9474,car,trim_8046,trim_6259,2446.01,-1064.2,-523.62,-1503.27,4.93,1.91,1.58,1760,174.0,31,0.89,,
9475,car,trim_4400,trim_2511,1584.45,852.11,408.93,1446,4.42,1.87,1.63,1721,174.4,61,0.753,,
9476,motorcycle,trim_3950,4225324629,1871.83,335.35,988.01,-102.69,2.11,0.83,1.13,121,105.2,67,0.899,,
9477,motorcycle,9853262750,trim_7335,1304.06,236.72,871.24,201.55,2.09,0.8,1.38,165,123.2,77,0.965,,
9478,car,trim_7068,trim_1806,-2147.55,877.41,-1.79,-1036.46,4.96,1.64,1.48,1799,156.8,30,0.884,,
9479,car,9853181600,trim_2562,1265.87,-1056.82,1671.29,1154.64,4.66,1.71,1.59,1833,140.3,68,0.831,,
9480,car,trim_5788,9857635281,-1756.91,-1010.74,-788.23,-1106.76,4.3,1.78,1.37,1569,156.5,34,0.659,,
9481,car,9858060964,trim_3846,601.45,529.22,-560.35,-1003.69,4.47,1.6,1.4,1035,143.7,73,0.798,,
9482,car,4225324783,9858060922,2204.76,703.02,375.45,-47.58,4.87,1.78,1.51,1732,163.4,49,0.762,,
9483,motorcycle,9857157156,trim_3343,1835.97,-111.19,-227.1,-219.24,1.83,0.67,1.06,118,106.2,58,0.796,,
9484,car,4227798143,4224981048,1978,-287.46,-1887.57,738.13,4.05,1.64,1.6,1295,154.1,62,0.878,,
9485,car,4227798231,trim_7453,1867.21,-27.23,-1900.99,-549.59,5.01,1.64,1.54,1379,179.6,58,0.661,,
9486,motorcycle,trim_1235,trim_4007,-1520.31,-216.79,-540.4,770.08,1.81,0.77,1.34,218,147.0,61,0.754,,
9487,car,trim_6194,trim_8059,-1336.53,-853.03,2389.7,-1044.82,4.66,1.86,1.43,1398,161.9,51,0.773,,
9488,car,4219134355,2960312470,266.64,-1983.56,-1235.59,35.96,4.23,1.63,1.35,1251,168.6,31,0.729,,
9489,car,trim_6587,2960361467,781.42,-1285.86,-1507.19,-820.4,4.6,1.68,1.47,1391,160.3,63,0.83,,
9490,car,2960336683,trim_8122,-1647.16,-349.3,-535.71,610.18,4.68,1.89,1.43,1698,141.2,73,0.858,,
9491,car,trim_279,2970305305,13.09,-325.4,162.8,-181.84,4.51,1.91,1.45,1393,165.1,58,0.666,,
9492,car,9852378891,trim_49,-1987.15,-1015.29,75.67,327.36,4.29,1.69,1.41,1281,165.6,75,0.856,,
9493,car,trim_1607,trim_5919,-1364.54,-637.06,-983.71,881.53,4.15,1.95,1.44,1201,175.3,37,0.668,,
9494,car,11983071061,4227743916,1041.49,1310.54,-1200.56,1691.24,4.04,1.77,1.52,1854,175.2,52,0.701,,
9495,car,trim_3085,3887993273,-462.33,73.7,1542.97,1015.53,4.25,1.9,1.6,1397,161.9,49,0.761,,
9496,car,2962838315,trim_6957,-116.23,-1149.93,2224.33,1136.5,4.0,1.7,1.46,1238,150.7,59,0.703,,
9497,car,trim_5314,trim_7243,2263.92,-75.03,-2368.91,-223.27,4.55,1.75,1.51,1180,147.1,79,1.037,,
9498,bus,2960336792,trim_4556,-1206.12,349.89,-940.94,1319.5,9.95,2.59,3.09,9216,84.3,53,0.66,,
9499,car,trim_839,9859493782,-1354.8,59.69,416.98,-452.12,4.52,1.95,1.59,1326,179.2,45,0.689,,
9500,car,trim_2410,9855014985,-329.18,1399.71,1823.77,-154.38,4.48,1.67,1.38,1164,167.2,22,0.683,,
9501,car,trim_2690,12098282518,-1917.64,709.15,-1162.95,1156.54,5.05,1.84,1.57,1844,156.3,77,0.927,,
9502,car,trim_9375,trim_2213,-1950.04,346.98,1961.72,-996.16,4.64,1.65,1.57,1670,145.1,44,0.686,,
9503,car,9843170048,13251211685,-1670.86,1230.63,370.55,-1884.88,4.77,1.88,1.6,1046,145.3,19,0.831,,
9504,car,trim_808,12036084714,-810.31,577.02,-133.08,-1241.07,4.93,1.78,1.38,1684,148.7,28,0.759,,
9505,car,trim_3352,trim_7635,-285.45,-631.48,277.92,-202.52,4.78,1.64,1.63,1650,170.4,70,0.714,,
9506,car,trim_2730,9168883578,-2316.02,1313.15,-1365.67,-1339.95,4.59,1.76,1.38,1716,157.8,61,0.824,,
9507,car,trim_5609,trim_5975,2423.03,-625.09,182.95,1070.08,4.62,1.72,1.46,1899,165.3,24,0.85,,
9508,car,trim_9039,trim_3676,-1263.05,1181.5,-758.45,-1487.21,4.78,1.67,1.53,1590,160.5,67,0.727,,
9509,car,trim_3234,trim_5164,573.58,224.47,1933.68,-293.61,4.25,1.68,1.61,1299,168.8,38,0.751,,
9510,car,trim_3765,11738200798,-682.1,-1244.36,1834.81,636.94,4.02,1.89,1.45,1689,175.6,50,0.852,,
9511,car,2962837724,trim_2387,-136.27,-1522.64,-309.63,1317.77,4.42,1.62,1.36,1365,148.2,23,0.65,,
9512,car,9168934137,trim_2120,2353.94,912.99,993.31,1361.38,4.84,1.64,1.53,1483,179.5,43,0.877,,
9513,motorcycle,trim_6776,trim_2585,579.98,659.38,1658.68,1317.11,2.17,0.77,1.12,137,119.3,66,0.678,,
9514,car,11006730400,trim_7608,1963.04,-609.51,-444.64,-555.58,4.17,1.73,1.38,1692,146.2,47,0.862,,
9515,car,9857465280,trim_8897,-940.85,241.6,2404.72,-890.53,4.76,1.64,1.5,1765,166.3,57,0.682,,
9516,car,trim_5365,trim_4449,1747.96,-306.3,1980.87,391.21,4.2,1.83,1.58,1081,178.5,39,0.765,,
9517,car,trim_3432,9168854803,-128.36,441.22,1947.88,1262.61,4.8,1.73,1.52,1163,179.7,47,0.839,,
9518,motorcycle,9860055102,trim_8281,-1116.94,-1431.52,2018.49,-813.8,1.88,0.87,1.14,229,115.0,57,0.768,,
9519,car,9168951488,12278350539,520.11,-1101.56,2330.88,-1328.19,4.91,1.66,1.58,1489,156.9,29,0.78,,
9520,car,9168850553,trim_2075,-1527.06,1249.81,1077.07,722.18,4.18,1.8,1.61,1162,144.9,21,0.691,,
9521,car,4227871610,trim_247,-832.37,2425.77,1465.68,465.82,4.3,1.79,1.39,1888,172.9,44,0.67,,
9522,car,trim_3637,9394838811,-588.25,-948.56,-1524.09,842.96,4.14,1.79,1.57,1464,160.7,70,0.722,,
9523,car,trim_2352,trim_1009,-1866.89,-907.13,-785.44,16.3,4.45,1.91,1.47,1589,152.8,26,0.8,,
9524,truck,6928966673,trim_1203,-1692.05,-1514.25,-1778.94,-386.81,10.47,2.57,3.31,7830,79.8,20,0.892,,
9525,car,trim_9197,trim_3372,1909.23,952.93,-62.19,466.97,4.72,1.8,1.64,1334,149.1,41,0.789,,
9526,car,trim_6969,trim_4467,1797.48,523.29,-571.67,985.01,4.76,1.66,1.63,1460,169.5,31,0.735,,
9527,car,2960312476,trim_9554,-1361.74,53.91,-763.61,-876.23,4.77,1.67,1.64,1259,157.3,73,0.817,,
9528,car,4225172437,11143605594,38.09,486.82,2299.76,325.88,4.57,1.76,1.42,1877,162.8,37,0.773,,
9529,car,5049369464,trim_4452,-25.52,-851.28,1793.63,190.68,5.01,1.67,1.57,1348,175.2,58,0.835,,
9530,motorcycle,trim_864,3887993355,-1067.17,-215.2,1692.91,1169.66,2.05,0.75,1.31,110,109.1,80,1.03,,
9531,car,trim_768,trim_8557,-845.61,-528.29,-1264.82,-1373.38,4.98,1.95,1.48,1146,160.9,52,0.661,,
9532,car,trim_9108,trim_8537,1803.78,61.2,-1735.26,-1449.94,5.09,1.76,1.56,1246,165.2,60,0.815,,
9533,bus,trim_5891,trim_6316,-1889.34,-1398.98,1815.28,1228.63,10.49,2.59,3.1,8350,91.5,24,0.781,,
9534,car,trim_6642,11161018543,1376.26,-164.09,2203.57,-1480.23,4.98,1.89,1.57,1294,162.3,23,0.81,,
9535,car,trim_6301,trim_8425,-159.8,-1224.27,-527.4,-823.13,4.67,1.72,1.6,1213,140.6,44,0.717,,
9536,car,trim_4092,4223620630,1461.41,528.36,-2245.25,-723.19,5.04,1.92,1.4,1639,174.1,42,0.656,,
9537,car,trim_533,9168951432,-1766.03,-1261.42,535.36,-210.23,4.25,1.79,1.59,1304,151.0,39,0.708,,
9538,car,11491162938,trim_7919,-200.67,-1076.33,-1592.06,387.87,4.34,1.78,1.51,1683,177.5,68,0.87,,
9539,motorcycle,trim_5378,9168834912,2510.46,17.61,-1796.88,998.69,2.09,0.81,1.07,202,151.0,78,0.937,,
9540,car,5170639286,11491501689,2071.52,-130.91,285.38,-1225.48,4.73,1.74,1.44,1440,150.0,23,0.67,,
9541,car,457278384,trim_1299,381.1,-920.37,-1337.32,266.78,4.04,1.69,1.41,1784,177.2,22,0.861,,
9542,car,trim_2441,trim_9429,-2222.39,1302.37,-2114.98,200.19,4.9,1.82,1.46,1448,144.2,66,0.665,,
9543,car,trim_1549,9168965294,-911.73,-538.97,975.33,163.95,4.35,1.61,1.54,1854,173.7,52,0.66,,
9544,car,2960326223,trim_1834,-1521.38,161.87,-177.52,-1011.16,4.29,1.94,1.52,1061,162.8,48,0.651,,
9545,motorcycle,9843368458,5170849691,-2095.32,1137.66,-1547.34,913.02,1.95,0.8,1.06,252,109.1,32,0.728,,
9546,car,trim_8591,trim_5355,-185.11,-1352.43,2043.32,-235.53,4.79,1.71,1.51,1766,179.3,27,0.698,,
9547,car,trim_91,4225324788,698.73,273.68,2506.85,723.1,5.01,1.9,1.47,1596,140.3,41,0.789,,
9548,car,trim_699,9843408911,-1426.23,664.38,2214.19,1292.34,4.35,1.95,1.51,1700,177.5,23,0.748,,
9549,car,trim_7140,trim_5646,-2323.09,289.17,-2346.67,1489.76,4.85,1.67,1.48,1175,159.4,21,0.687,,
9550,car,trim_1897,4223620626,-332.22,-1126.13,-2354.75,-752.43,4.6,1.82,1.41,1350,170.5,28,0.787,,
9551,car,12129482872,trim_3492,-1244.97,568.94,-75.07,-97.11,4.49,1.92,1.43,1286,161.1,31,0.671,,
9552,car,trim_3297,3004576902,-156.02,595.63,641.3423881183431,796.1260088170965,4.53,1.83,1.56,1444,147.1,25,0.795,,
9553,car,trim_3345,11909810109,-210.19,-242.85,2324.39,-915.36,4.22,1.73,1.62,1607,157.6,77,0.797,,
9554,motorcycle,9168881014,trim_1212,-1729.27,-684.46,-1539.7,20.46,1.88,0.66,1.1,227,109.9,38,0.741,,
9555,motorcycle,trim_8030,trim_2568,-323.78,-267.72,1701.29,1157.42,2.0,0.79,1.13,113,149.5,69,0.733,,
9556,car,trim_2498,trim_2431,-226.1,1474.7,-596.51,1488.91,4.13,1.9,1.53,1549,170.1,36,0.786,,
9557,car,9853181600,trim_8332,1265.87,-1056.82,-438.36,-1326.1,4.05,1.62,1.49,1760,156.6,42,0.892,,
9558,car,9852290914,9853262752,546.83,1054.34,1306.39,234.72,4.19,1.9,1.43,1094,163.6,28,0.665,,
9559,car,2960312440,trim_8954,-1080.92,-517.62,1135.29,1224.59,4.97,1.64,1.45,1622,156.6,43,0.862,,
9560,car,trim_8829,trim_6372,1791.01,-881.25,2107.55,719.66,4.23,1.93,1.4,1099,155.0,29,0.668,,
9561,bus,trim_9612,12130890824,-343.74,-280.01,2369.01,592.73,9.43,2.58,3.53,9365,92.4,61,0.687,,
9562,car,12098320595,trim_2351,-1739.3,1440.67,-2020.71,-783.31,4.22,1.69,1.37,1574,152.2,23,0.827,,
9563,car,trim_3931,11015761882,855.02,-172.55,-1265.05,552.75,4.77,1.77,1.64,1319,176.0,20,0.763,,
9564,motorcycle,2960312476,trim_7234,-1361.74,53.91,-2288.07,-212.64,2.18,0.81,1.28,158,116.3,54,0.716,,
9565,car,trim_4327,trim_7021,800.29,313.19,-2477.62,399.69,4.31,1.73,1.49,1682,148.3,47,0.869,,
9566,car,trim_7843,trim_3472,2019.07,1037.38,-410.32,3.44,4.11,1.75,1.64,1463,151.0,44,0.743,,
9567,car,trim_2751,2960361586,-2292.47,727.99,-1359.16,-612.57,4.37,1.84,1.65,1498,173.2,16,0.931,,
9568,car,2960312523,9857157134,-1031.34,-448.84,1150.63,-197.66,4.87,1.65,1.63,1207,145.7,68,0.928,,
9569,car,12918589246,2960361487,-760.44,608.75,-1562.61,-1061.09,4.27,1.61,1.39,1401,140.4,53,0.761,,
9570,car,trim_1716,trim_3094,-180.54,-1417.53,-54.16,232.07,4.81,1.85,1.36,1664,169.8,28,0.835,,
9571,car,6294257358,trim_582,-2481.07,-744.59,-1683.1,553.74,4.29,1.62,1.38,1037,158.7,46,0.873,,
9572,truck,2962838307,9852331983,54.56,-1039.08,-393.75,759.51,10.85,2.48,3.02,9806,88.6,25,0.797,,
9573,car,trim_5829,trim_735,-828.55,667.43,-1515.53,967.08,4.56,1.67,1.5,1692,147.7,27,0.892,,
9574,car,trim_4765,trim_1250,-1311.84,1092.76,-1661.93,-389.04,4.38,1.69,1.35,1540,164.1,18,0.827,,
9575,car,trim_7402,trim_2215,1939.87,41.37,2072.74,-1112.88,4.51,1.81,1.37,1837,170.9,49,0.846,,
9576,car,9852405435,trim_7450,-2219.94,-158.45,-2352.61,167.08,4.35,1.65,1.54,1476,145.3,61,0.684,,
9577,car,9168986492,trim_7334,2320.12,-725.79,828.58,190.47,4.06,1.61,1.61,1115,169.3,34,0.791,,
9578,ambulance,trim_7670,5170798229,-637.34,-490.38,73.41,470.38,6.09,2.03,2.49,2820,148.9,29,0.542,a_7018342625,Vardhman Medicare
9579,car,11909847464,12098345442,2414.84,-1045.81,-1811.43,1292.88,4.68,1.85,1.45,1468,167.9,56,0.896,,
9580,motorcycle,trim_2672,trim_20,-2424.55,-738.16,-1178.61,-1461.6,1.86,0.9,1.23,187,155.9,28,0.887,,
9581,car,9852168757,13852443490,-2449.56,495.07,-1491.26,-1230.63,4.21,1.77,1.61,1762,170.9,62,0.713,,
9582,car,trim_1005,trim_5493,-672.02,-61.1,2303.59,317.03,4.74,1.84,1.43,1551,167.1,69,0.892,,
9583,car,trim_274,2960299891,168.62,-480.98,-1745.96,653.94,4.73,1.83,1.64,1511,148.7,30,0.726,,
9584,car,trim_3345,trim_3383,-210.19,-242.85,89.29,-490.41,4.11,1.62,1.54,1265,176.0,80,0.943,,
9585,car,trim_8087,trim_3149,-1272,-1386.4,313.46,342.2,4.36,1.77,1.62,1823,178.1,80,1.02,,
9586,car,trim_4633,trim_1900,1412.99,-1345.39,-302.08,-1157.04,4.76,1.62,1.54,1106,152.4,22,0.718,,
9587,car,11015786213,9857826574,-1406.14,291.27,195.76,-361.11,4.9,1.75,1.41,1246,142.4,71,0.81,,
9588,car,trim_4695,trim_9557,1264.44,103.62,-288.84,-632.7,4.11,1.81,1.42,1427,156.1,79,1.033,,
9589,car,trim_1977,9855691350,120.09,924.67,2433.28,-845.72,4.29,1.79,1.53,1453,148.1,78,0.857,,
9590,car,14063521249,trim_999,2118.29,-1065.47,-626.88,-123.03,4.37,1.64,1.39,1688,159.9,63,0.805,,
9591,car,9852405453,9880891787,-2372.25,-327.16,1822.51,997.02,4.88,1.84,1.44,1686,171.2,75,0.91,,
9592,car,trim_7366,trim_9033,2031.56,-452.97,-1260.53,1162.04,4.77,1.71,1.36,1732,144.6,51,0.875,,
9593,car,trim_2484,5170798252,-17.91,1139.63,216.86,-222.37,4.22,1.77,1.52,1241,177.0,37,0.896,,
9594,car,9855693615,trim_2560,974.08,55.59,2542.48,769.3,4.95,1.89,1.37,1422,171.1,27,0.738,,
9595,car,trim_8860,9168959334,2320.04,-932.14,-262.72,-1518.35,4.88,1.72,1.54,1870,155.3,46,0.807,,
9596,car,trim_7723,12124068326,336.76,-933.28,-874.05,-1055.48,4.42,1.82,1.43,1334,145.6,71,0.82,,
9597,car,trim_4285,trim_4416,1740.48,-410.89,2379.12,782.95,4.7,1.7,1.5,1780,143.3,37,0.762,,
9598,car,9857826573,2960326218,199.36,-361.8,-1103.23,-369.02,4.86,1.66,1.46,1761,160.0,55,0.87,,
9599,car,trim_1740,4225324670,-112.9,-1406.32,772.26,155.1,4.56,1.89,1.47,1898,141.3,68,0.74,,
9600,car,2960312475,trim_4736,-1353.59,64.38,-1166.27,1093.31,4.31,1.62,1.43,1554,158.7,71,0.943,,
9601,ambulance,12165533318,2960326203,-1921.36,351.71,-836.79,-440.26,6.0,2.27,2.69,4442,155.3,56,0.56,a_7018738271,Krishna Hospital and Trauma Centre
9602,car,2960312510,trim_6820,-1466.1,-135.15,-2559.52,-88.07,4.54,1.83,1.36,1664,143.6,18,0.745,,
9603,car,7219691568,trim_5372,2298.32,-1269.08,1780.72,-248.47,4.08,1.9,1.59,1846,140.6,80,1.042,,
9604,car,9857750354,trim_6118,-678.45,-605.99,-1423.02,159.94,4.4,1.91,1.41,1281,156.0,52,0.762,,
9605,car,9168951501,trim_4522,1057.66,-1110.48,-938.04,1341.62,4.14,1.74,1.55,1345,173.4,58,0.756,,
9606,car,12109729943,trim_867,1787.93,1486.19,-980.18,-153.72,4.63,1.77,1.43,1603,179.5,71,0.838,,
9607,car,12124137958,trim_3168,-555.79,-779.55,623.86,11.26,4.49,1.88,1.64,1303,160.7,36,0.73,,
9608,car,trim_9677,11999070888,-267.1,674.41,-2263.69,-282.22,4.99,1.68,1.41,1858,168.9,75,0.88,,
9609,car,12141702474,trim_4531,-2638.23,1117.2,-950.97,887.55,5.03,1.66,1.49,1172,153.8,74,0.885,,
9610,car,12129753492,trim_4014,-1307,714.37,1029.54,468.27,5.03,1.78,1.54,1399,153.5,40,0.852,,
9611,car,trim_3109,trim_2857,494.3,-243,-1886.15,552.92,4.33,1.79,1.46,1522,172.9,80,0.869,,
9612,truck,6925898201,trim_1953,-1827.15,-1592.97,597.03,1099.11,7.89,2.45,3.15,10790,87.0,25,0.878,,
9613,motorcycle,trim_4387,trim_1575,2221.27,927.38,-1050.42,-643.31,1.8,0.82,1.38,117,136.6,78,0.895,,
9614,car,12129298398,trim_6123,1838.8,184.99,-1327.82,-120.52,4.43,1.68,1.51,1700,176.9,50,0.799,,
9615,car,11176413076,2960361580,-1040.03,-508.24,-1391.42,-511.82,5.0,1.93,1.51,1001,147.9,45,0.875,,
9616,car,9857987882,11491502802,-217.89,-1061.98,402.13,-1339.43,4.06,1.62,1.5,1273,179.1,70,0.938,,
9617,car,trim_2218,trim_5143,2120.95,-1187.02,2205.19,306.86,4.45,1.66,1.54,1685,147.8,57,0.773,,
9618,car,trim_1643,12130429766,-1615.6,-761.33,-1451.5,810.45,5.0,1.91,1.46,1486,154.1,74,0.961,,
9619,car,trim_8303,trim_5352,632,-724.18,2037.12,-186.62,4.55,1.76,1.36,1837,162.8,51,0.893,,
9620,car,trim_8216,6928966905,1015.3,-96.47,-1681.34,-1336.01,4.25,1.82,1.38,1250,177.0,76,0.891,,
9621,car,trim_4642,4227798509,-1397.6,1126.57,1383.65,1559.64,4.12,1.68,1.46,1026,167.1,62,0.717,,
9622,car,4227798160,9843362972,1732.06,-217.44,-2305.54,1427.14,4.43,1.92,1.51,1575,142.9,47,0.693,,
9623,car,2962861556,4225172367,-486.33,-1457.27,-170.58,267.95,4.43,1.76,1.54,1851,157.0,56,0.82,,
9624,car,trim_8737,12129328463,-58.62,1365.72,1635.04,396.64,4.49,1.79,1.41,1412,162.4,16,0.937,,
9625,car,trim_875,trim_2619,-1315.86,-302.68,-1412.01,632.16,4.72,1.62,1.44,1420,156.6,57,0.856,,
9626,motorcycle,trim_7883,trim_4116,-2458.32,-489.72,983.09,432.42,2.05,0.82,1.31,169,95.6,66,0.74,,
9627,truck,trim_5138,12099984758,2226.65,146.15,-451.38,1042.43,6.72,2.31,2.61,9717,82.5,64,0.881,,
9628,car,9852961426,trim_7982,-1427.31,-1201.26,-964.7,541.04,4.27,1.91,1.58,1570,146.7,58,0.739,,
9629,car,trim_178,9852405427,225.34,76.89,-2228.16,-98.87,5.06,1.8,1.65,1597,170.6,42,0.703,,
9630,motorcycle,trim_7857,9857635298,857.89,833.74,-497.6,-938.6,1.87,0.81,1.35,128,145.1,61,0.695,,
9631,car,trim_1591,trim_1892,-1419.57,-624.95,-369.33,-1089.63,4.01,1.61,1.62,1382,156.4,61,0.686,,
9632,car,trim_4342,trim_8919,1011.99,-96.45,2452.81,-1099.31,4.89,1.62,1.43,1306,177.6,53,0.875,,
9633,ambulance,10206503396,10211197486,1469.07,101.66,-701.32,624.18,6.33,2.16,2.59,3082,140.3,66,0.692,a_7019130160,Apex Multi Speciality Hospital
9634,car,9867730865,trim_1191,2159.53,-1126.89,-1757.59,-745.84,4.98,1.85,1.39,1792,153.3,17,0.83,,
9635,motorcycle,trim_50,trim_3503,87.5,261.19,-116.24,-318.1,2.25,0.76,1.17,243,146.2,58,0.838,,
9636,car,trim_70,trim_5698,381.75,-1110.68,893.82,-269.17,4.87,1.61,1.64,1248,164.5,17,0.855,,
9637,motorcycle,trim_9582,trim_4398,-1332.59,-447.19,1503.29,838.78,1.91,0.89,1.28,199,118.8,52,0.781,,
9638,car,trim_5530,trim_2275,2273.93,-634.47,1076.42,882.5,4.1,1.71,1.65,1731,148.9,58,0.818,,
9639,car,12109729953,9168850605,1872.1,1253.36,-1305.01,334.11,4.5,1.87,1.35,1743,158.6,80,0.806,,
9640,car,trim_8725,trim_5049,-367.63,736.65,1922.14,-194.51,4.1,1.69,1.63,1589,147.9,16,0.922,,
9641,car,2960326629,trim_5926,-1960.32,-637.64,2154.72,-1237.07,4.82,1.66,1.58,1793,153.4,34,0.667,,
9642,car,trim_702,trim_2167,-1412.67,694.76,758.56,-223.5,5.01,1.68,1.43,1495,178.7,59,0.741,,
9643,car,2962838293,trim_1982,150.62,-1298.02,127.27,717.15,4.63,1.78,1.64,1170,162.7,32,0.887,,
9644,car,trim_999,trim_8005,-626.88,-123.03,31.16,917.55,4.61,1.72,1.62,1635,164.4,56,0.843,,
9645,car,11491502775,4224980993,287.67,-1272.11,-2212.95,578.14,4.66,1.91,1.39,1859,161.3,40,0.736,,
9646,truck,trim_375,5170849696,-2134.45,66.85,-1600.31,803.4,8.7,2.54,3.12,8618,99.1,76,0.814,,
9647,car,trim_7723,trim_186,336.76,-933.28,428.52,162.74,4.69,1.79,1.43,1419,173.8,75,0.904,,
9648,car,11168770281,4225352017,38.55,654.06,-673.29,1450.06,4.35,1.81,1.57,1536,158.6,62,0.68,,
9649,car,9857331041,trim_7332,-2368.11,-588.69,990.22,329.98,4.03,1.87,1.45,1896,148.8,66,0.791,,
9650,car,trim_7263,trim_9665,-2282.78,-766.21,-1303.62,1036.55,4.52,1.91,1.43,1529,156.6,26,0.681,,
9651,motorcycle,trim_5158,trim_6861,2340.32,332.9,581.22,783.15,2.13,0.84,1.27,230,101.7,77,0.942,,
9652,car,trim_5739,2960326544,-2145.5,-697.79,-1130.73,473.96,4.42,1.8,1.4,1540,164.3,35,0.889,,
9653,car,trim_7372,trim_4499,2078.49,-595,1783.74,834.64,4.03,1.73,1.44,1363,150.5,29,0.863,,
9654,car,11499173762,9852290915,289.37,1499.91,575.25,998.68,5.01,1.63,1.61,1434,149.8,22,0.685,,
9655,car,trim_2009,9844249448,-363.01,37.18,-2154.91,809.84,4.88,1.91,1.36,1826,175.8,42,0.692,,
9656,car,trim_4059,7222770495,2299.79,1064.34,199.18,-1476.45,5.02,1.75,1.43,1078,171.0,36,0.675,,
9657,car,4227695087,trim_9330,-660.26,2012.04,-1050.48,-1051.4,4.46,1.82,1.38,1396,144.6,54,0.779,,
9658,car,trim_7458,9859639818,-1791.39,-752.39,-443.62,-291.66,4.01,1.76,1.42,1505,153.3,66,0.79,,
9659,ambulance,12278350540,trim_2064,2329.45,-1328.29,1132.01,1432.23,6.05,2.03,2.77,2820,131.2,80,0.669,a_7019995876,Manipal hospital
9660,car,4225324689,9168861204,1252.88,231.6,-1501.33,-701.84,4.86,1.79,1.62,1695,169.1,21,0.813,,
9661,car,trim_7532,11205760954,-375.71,-1298.72,-1068.78,-722.86,4.28,1.8,1.51,1740,160.9,56,0.859,,
9662,ambulance,trim_6834,trim_9160,-2019.42,335.94,2333.07,714.4,6.34,2.04,2.74,3521,145.0,66,0.574,a_7019995882,Mittal Hospital and Diagnostic Centre
9663,car,12918589243,trim_4971,-800.46,603.18,-1509.77,1151.19,4.66,1.61,1.51,1650,166.2,20,0.753,,
9664,car,trim_2405,6925898193,155.5,1533.45,-1806.61,-1571.4,4.24,1.66,1.57,1764,172.5,41,0.676,,
9665,car,2960328323,9857583732,-1689.53,-59.68,-1242.5,-323.16,4.74,1.72,1.54,1093,166.7,75,0.859,,
9666,motorcycle,4225172395,trim_2183,-652.16,348.96,-93.26,-659.72,1.9,0.75,1.22,128,152.2,18,0.964,,
9667,car,trim_8080,12109680692,-503.92,1280.08,1335.58,1444.6,4.94,1.62,1.45,1138,141.7,34,0.844,,
9668,motorcycle,9859748022,trim_2986,452.52,-1247.19,-2023.9,755.73,1.9,0.74,1.1,237,115.0,75,0.763,,
9669,car,trim_8296,2960336668,1461.51,784.4,-1576.51,-356.34,4.51,1.62,1.55,1836,150.7,62,0.687,,
9670,motorcycle,trim_2517,trim_983,441.63,1251.04,-646,-267.44,1.86,0.78,1.24,243,110.7,22,0.813,,
9671,car,trim_6718,6928966896,1024,1440.47,-1766.74,-1408.59,4.05,1.85,1.65,1303,177.7,80,0.893,,
9672,car,11187660593,9168965291,1862.88,945.66,1109.26,80.37,4.85,1.8,1.45,1230,140.9,44,0.762,,
9673,car,2970305256,trim_1569,1275.38,-470.61,-1241.59,-597.26,4.58,1.78,1.4,1402,155.6,56,0.81,,
9674,car,9857332626,9857465286,2467.88,-563.37,-1208.66,316.54,4.28,1.61,1.41,1590,150.5,53,0.836,,
9675,car,trim_7685,trim_9460,-1064.07,473.97,-2479.67,-357.66,4.18,1.7,1.5,1162,177.2,72,0.961,,
9676,car,4225324694,9852976119,1123.85,250.46,-1567.63,-428.3,4.72,1.61,1.5,1877,170.4,46,0.781,,
9677,car,trim_6424,11909810135,1949.88,500.43,2450.32,-878.58,4.35,1.6,1.53,1445,158.4,34,0.723,,
9678,car,trim_7537,trim_2201,-709.76,-953.15,-228.71,1170.43,4.76,1.7,1.44,1085,144.7,49,0.791,,
9679,truck,11007007446,11206931703,-2446.41,628.9,2058.82,84.79,9.75,2.48,2.86,11001,90.2,76,0.998,,
9680,motorcycle,trim_15,trim_5834,-2444.96,34.91,-784.8,538.34,2.01,0.73,1.18,149,133.3,23,0.861,,
9681,car,trim_934,trim_3219,-999.13,243.02,224.42,159.13,4.96,1.61,1.42,1041,143.7,43,0.719,,
9682,motorcycle,trim_6602,4225324665,1995.92,-415.19,957.62,114.1,2.09,0.82,1.28,120,111.4,79,0.921,,
9683,car,11491243647,3840465614,-600.57,-1220.3,119.11,1306.33,4.03,1.6,1.36,1103,141.3,19,0.754,,
9684,car,9857682481,2960336718,-575.9,-662.62,-942.59,471.24,4.04,1.84,1.42,1219,145.3,17,0.922,,
9685,bus,trim_158,trim_1236,302.5,-886.69,-1488.13,-143.52,10.99,2.42,3.18,11324,83.9,42,0.853,,
9686,car,trim_6953,trim_8595,2089.87,1109.12,55.35,-1366.77,4.94,1.92,1.63,1447,165.0,53,0.801,,
9687,car,trim_1046,11056361046,-950.62,113.13,1292.34,488.31,5.03,1.74,1.4,1655,140.0,22,0.784,,
9688,car,trim_9411,9168951454,2323.03,-1337.94,-311.42,-573.62,4.9,1.67,1.5,1287,167.1,64,0.744,,
9689,car,trim_5197,457280277,1770.73,-216.6,698.62,-52,4.35,1.71,1.48,1758,164.5,44,0.843,,
9690,car,trim_9372,trim_680,1504.13,170.29,-1374.62,577.69,4.55,1.65,1.52,1426,141.5,57,0.762,,
9691,car,trim_5049,trim_4793,1922.14,-194.51,-1557.28,1183.24,4.42,1.93,1.35,1133,161.7,63,0.824,,
9692,car,trim_2483,2960336676,-23.36,1167.21,-1661.81,-192.55,4.77,1.93,1.36,1114,171.3,48,0.852,,
9693,car,trim_4855,trim_8052,207.71,-1112.72,2448.96,-1009.8,4.08,1.64,1.45,1504,150.2,49,0.859,,
9694,car,3085851339,2960299853,1314.56,1954.35,-1438.42,-1203.07,4.12,1.6,1.46,1355,159.5,33,0.825,,
9695,car,trim_2871,4227698390,-1881.2,474.8,-868.93,2043.74,4.28,1.88,1.63,1326,158.5,67,0.851,,
9696,car,trim_6529,trim_7572,605.04,-1069.46,-404.87,-790.11,4.12,1.66,1.53,1378,165.8,78,0.975,,
9697,car,trim_1251,trim_3677,-1657.02,-389.92,-737.87,-1462.43,4.97,1.94,1.43,1612,160.3,72,0.831,,
9698,car,9854981066,trim_2656,2212.95,-490.97,1895.17,-1414.55,4.2,1.7,1.45,1765,141.8,55,0.818,,
9699,car,trim_3600,4227797881,-264.28,272.92,857.38,-1523.55,4.9,1.85,1.57,1682,158.6,68,0.75,,
9700,motorcycle,trim_1020,12901340303,-882.56,155.4,173.08,-277.41,1.97,0.66,1.34,203,113.1,57,0.699,,
9701,bus,trim_6038,trim_9531,-1189.29,944.3,-890.33,-1241.09,10.35,2.43,3.47,12766,99.6,76,0.939,,
9702,truck,trim_4884,trim_6769,-1101.03,1435.64,-528.38,163.42,10.13,2.38,2.83,12146,77.7,77,0.914,,
9703,car,9843036311,4227798272,-2336.57,1041.53,2502.58,51.14,4.36,1.78,1.47,1091,175.9,49,0.728,,
9704,car,trim_8646,trim_4964,389.93,-677.02,307.83,-1441.56,5.06,1.91,1.64,1005,175.5,33,0.801,,
9705,car,9859655301,9852405422,-383.61,-259.4,-2214.49,-330.4,4.63,1.68,1.41,1676,168.8,77,0.804,,
9706,bus,trim_2007,9852305620,-306.63,79.09,349.81,978.64,10.45,2.43,3.49,13137,84.9,62,0.809,,
9707,car,trim_8452,trim_8219,1738.53,609.48,1897.01,-1411.38,4.63,1.95,1.6,1842,142.5,70,0.866,,
9708,bus,trim_2965,9854981038,-1608.83,1587.4,2023.49,-687.31,10.37,2.49,3.26,10374,97.6,75,0.847,,
9709,car,trim_412,trim_5914,-2053.93,140.18,-1751.81,-1270.9,4.48,1.82,1.39,1623,146.1,39,0.813,,
9710,car,9855691378,trim_1399,1913.05,56.26,-2110.74,-492.19,4.59,1.73,1.39,1208,162.2,31,0.744,,
9711,car,trim_7359,4225352028,1973.09,-404.07,-806.14,1619.42,4.98,1.8,1.54,1432,150.3,30,0.789,,
9712,car,4224981051,11059063631,-1930.66,757.76,-2517.38,99.55,4.57,1.64,1.42,1624,142.8,16,0.858,,
9713,car,trim_6807,9168986466,-536.74,599.26,618.09,312.69,4.09,1.81,1.57,1583,167.1,48,0.832,,
9714,car,trim_1851,trim_6771,-196.35,-764.79,-538.53,173.75,4.18,1.93,1.39,1807,166.1,74,0.861,,
9715,car,trim_7469,9394838812,1652.1,-1042.2,-1525.35,841.84,5.01,1.76,1.37,1575,150.7,28,0.676,,
9716,motorcycle,9857331052,trim_1719,-1967.49,-707.37,-145.31,-1377.44,1.82,0.85,1.1,218,107.5,60,0.793,,
9717,car,5170633533,2970305127,2278.59,313.38,2053.88,-1089.63,4.85,1.78,1.47,1761,142.6,79,0.868,,
9718,car,trim_768,9855703025,-845.61,-528.29,1613.33,-615.21,4.89,1.69,1.41,1530,145.7,67,0.838,,
9719,motorcycle,11498996008,4227743797,369.61,374.46,1089.43,210.12,1.97,0.8,1.25,138,155.0,42,0.763,,
9720,motorcycle,2960366901,2960299983,-1708.51,-571.53,-1368.01,779.82,2.23,0.9,1.38,132,103.5,60,0.744,,
9721,car,13852443495,9168861164,-1490.92,-1232.53,-1240.02,-324.94,5.08,1.63,1.44,1702,162.6,79,0.951,,
9722,truck,trim_456,3887993344,-2120.6,-208.43,1699.46,1163.99,7.69,2.54,3.05,8918,80.6,45,0.719,,
9723,car,4225324620,11143288410,754.38,-194.83,1086.46,721.43,4.76,1.62,1.38,1690,142.9,30,0.841,,
9724,car,trim_500,13852443488,-1664.83,697.91,-1499.93,-1246.95,4.61,1.66,1.5,1158,163.4,50,0.693,,
9725,car,trim_890,6735189825,-1180.37,-344.41,2433.72,-792.09,4.69,1.71,1.39,1602,140.9,79,0.813,,
9726,car,trim_1686,trim_1635,-160.24,-1227.21,-1573.95,-599.87,4.32,1.79,1.63,1457,150.3,54,0.836,,
9727,motorcycle,trim_8739,9852317032,-43.34,1282.17,299.32,919.83,1.9,0.71,1.13,167,119.6,21,0.719,,
9728,bus,trim_469,11491033550,-2274.07,6.93,-211.72,-1043.06,9.53,2.59,3.25,13964,98.9,33,0.705,,
9729,car,trim_7817,trim_2036,-543.25,15.5,1524.15,-290.3,4.84,1.61,1.61,1011,154.1,23,0.688,,
9730,car,2970305472,trim_1170,-527.57,2221.06,-1776.59,101.33,4.69,1.75,1.58,1870,175.9,58,0.708,,
9731,car,9859738791,trim_9605,-579.79,-1231.12,-863.72,504.04,4.68,1.89,1.53,1753,156.9,80,0.829,,
9732,car,2970305422,9168986477,-990.96,1716.94,433.14,730.1,4.3,1.78,1.58,1384,151.2,71,0.818,,
9733,car,trim_8111,2960326581,-573.81,855.08,-1709.3,33.02,4.22,1.66,1.42,1328,168.6,36,0.681,,
9734,car,trim_9400,trim_5125,1861.2790265928284,-918.7958053185657,1212.1,-233.56,4.73,1.91,1.39,1090,145.5,44,0.838,,
9735,motorcycle,9843385451,trim_5554,-1499.19,743.54,2315.62,552.03,2.04,0.83,1.33,200,153.2,63,0.841,,
9736,car,trim_1436,trim_3098,-2369.57,-493.36,23.31,246.79,4.91,1.81,1.4,1593,143.8,70,0.924,,
9737,car,trim_9298,trim_9490,-1606.61,1129.36,-517.43,-1026.69,4.95,1.85,1.35,1108,153.1,41,0.83,,
9738,car,9168946219,trim_7474,2102.6,580.62,-1638.69,177.25,4.58,1.94,1.51,1019,152.6,47,0.814,,
9739,car,trim_6016,9859618312,-1510.03,1249.6,-804.9,-509.14,4.74,1.77,1.42,1140,151.0,73,0.914,,
9740,car,trim_8165,trim_5326,1904.43,-642.85,2291.36,35.39,4.24,1.73,1.54,1073,157.4,48,0.833,,
9741,car,trim_6257,trim_5377,-530.08,-1084.58,1138.24,309.18,4.81,1.82,1.55,1168,143.0,79,0.92,,
9742,car,4227798381,trim_7250,2205.16,307.05,-2254.64,-955.7,4.05,1.92,1.46,1724,159.9,40,0.745,,
9743,car,9854981049,trim_3263,2019.42,-432.26,-128.44,330.09,4.75,1.65,1.56,1864,172.8,25,0.652,,
9744,car,trim_4724,trim_1063,-1316.78,1092.03,-942.69,52.97,4.25,1.61,1.49,1867,178.6,28,0.79,,
9745,car,trim_3528,trim_1255,950.58,-450.38,-1524.06,-399.98,4.43,1.72,1.57,1302,170.6,36,0.679,,
9746,car,trim_1310,trim_8024,-1300.37,209.93,2168.02,1071.05,4.03,1.93,1.52,1683,151.5,33,0.804,,
9747,car,11909810140,9858060949,2455.98,-803.9,25.61,463.16,4.89,1.66,1.6,1419,163.1,57,0.714,,
9748,car,trim_4391,trim_4293,2317.22,1006.14,1912.56,540.8,4.0,1.77,1.46,1893,169.2,78,0.946,,
9749,car,trim_8015,trim_6213,-1159.33,-877.33,-1511.26,-921.71,4.76,1.83,1.51,1433,155.8,18,0.88,,
9750,car,trim_9459,trim_8385,-2491.19,-359.79,-412.16,-333.92,4.67,1.82,1.41,1242,146.5,70,0.924,,
9751,car,9168986494,trim_4421,-515.53,191.81,964.7,-112.03,4.09,1.92,1.54,1032,157.9,32,0.847,,
9752,car,5170630789,trim_9316,2195.6,374.92,-2495.75,1310.05,4.04,1.95,1.57,1721,157.2,53,0.677,,
9753,car,trim_5163,8862731767,1793.64,-392.36,-2200.58,-1293.18,4.27,1.72,1.52,1296,158.6,29,0.728,,
9754,motorcycle,trim_9325,trim_5291,-905.75,-1166.13,2065.76,-100.67,1.82,0.8,1.09,113,115.4,62,0.82,,
9755,car,trim_6613,9843521234,2203.22,-164.5,1422.09,572.87,4.1,1.78,1.6,1880,168.3,21,0.722,,
9756,car,9860154373,9852391728,-1645.45,-344.99,-2052.65,-1025.25,4.02,1.64,1.58,1123,166.2,47,0.686,,
9757,motorcycle,trim_4333,trim_6065,-414.19,1237.92,-1526.93,258.8,2.12,0.65,1.19,163,111.0,51,0.73,,
9758,car,trim_6261,9859639834,-738.11,-1458.82,-433.78,-296.93,4.08,1.76,1.61,1508,144.1,34,0.723,,
9759,car,9852160662,trim_7176,-2255.72,375.44,-2208.2,56.17,4.14,1.85,1.48,1360,149.5,66,0.852,,
9760,car,trim_566,9884318198,-1631.5,255.93,653.13,702.59,4.21,1.87,1.53,1229,146.7,53,0.804,,
9761,car,trim_520,trim_1275,-1979.84,-1214.92,-1258.89,393.55,4.36,1.7,1.58,1061,146.4,73,0.753,,
9762,car,trim_9187,trim_95,2235.15,493.7,642.62,676.02,5.05,1.76,1.45,1547,151.9,59,0.813,,
9763,car,9852317031,trim_7397,295.98,908.17,-57.17,234.04,4.88,1.79,1.38,1290,165.0,29,0.845,,
9764,ambulance,11143288409,9843687275,1220.92,862.35,2289.52,818.08,5.97,2.3,2.57,3232,123.5,46,0.499,a_7020926045,Heera Lal Hospital and Heart Care Centre
9765,car,trim_3425,11056361047,-153.07,593.62,1296.29,490.34,4.16,1.6,1.45,1246,143.5,17,0.86,,
9766,car,trim_8475,9857682457,2262.08,1072.84,-303.66,-865.97,4.26,1.85,1.63,1185,174.8,36,0.742,,
9767,motorcycle,trim_6339,9843362970,1912.14,950.85,-2239.49,1335.97,2.18,0.85,1.06,117,94.1,53,0.821,,
9768,car,trim_4389,11237649537,2248.68,911.72,-1935.64,621.88,4.61,1.68,1.64,1776,158.5,34,0.818,,
9769,car,2970305336,9168965282,1147.8,447.33,1283.53,178.57,4.16,1.8,1.52,1831,178.0,80,0.954,,
9770,car,trim_165,trim_506,265.08,-1094.32,-1665.02,711.81,4.92,1.93,1.47,1316,164.0,25,0.686,,
9771,car,9852770090,trim_690,1982.31,-1842.43,-1173.61,575.1,4.01,1.86,1.38,1131,172.2,20,0.713,,
9772,car,9859736951,trim_7370,44.41,110.37,2064.24,-606.97,4.06,1.8,1.57,1715,168.2,35,0.673,,
9773,car,11158364721,trim_8965,267.24,-531.92,106.25,-1407.66,4.48,1.61,1.37,1082,178.6,56,0.721,,
9774,car,trim_5447,trim_6133,1590.97,-377.61,-1298.33,-342.51,4.17,1.7,1.51,1055,150.1,17,0.848,,
9775,car,9843336869,trim_4025,1396.39,1511.57,-543.6,1184.88,4.61,1.75,1.41,1154,167.1,39,0.759,,
9776,car,4227798441,trim_2526,1396.96,435.11,281.92,1423.46,4.51,1.62,1.49,1867,162.6,40,0.784,,
9777,car,trim_8464,trim_2367,2009.61,660.71,-1588.17,-1135.69,4.13,1.69,1.61,1382,177.9,26,0.857,,
9778,car,9168861189,11983071060,-1519.67,-603.32,1038.57,1309.17,4.39,1.61,1.63,1761,152.4,61,0.745,,
9779,car,trim_7651,trim_2750,207.17,-170.36,-2380.58,663.76,4.1,1.81,1.47,1071,159.2,66,0.851,,
9780,car,trim_1112,2960326606,-1507.71,138.28,-1897.06,-10.09,4.92,1.89,1.43,1204,141.3,46,0.757,,
9781,car,trim_7441,12143857474,-2381.84,-219.16,440.45,367.41,4.58,1.61,1.38,1659,179.6,56,0.888,,
9782,car,11909810100,4227743838,2289.16,-987.46,-1225.65,1018.03,4.85,1.61,1.37,1090,178.0,24,0.776,,
9783,car,trim_7023,trim_7548,-2712.49,93.27,-643.56,-996.44,4.35,1.67,1.39,1713,140.9,73,0.852,,
9784,car,trim_6533,trim_6845,895.15,-869.66,-2294.09,266.85,4.88,1.63,1.48,1492,164.5,47,0.678,,
9785,car,9854981049,trim_503,2019.42,-432.26,-1622.67,697.47,4.44,1.85,1.58,1204,171.3,45,0.723,,
9786,car,9852414804,trim_2827,-2422.9,-815.47,-2341.81,1139.28,4.72,1.9,1.56,1065,176.9,53,0.728,,
9787,car,9168897708,trim_6931,-222.88,-1161.32,1499.49,1041.39,5.07,1.84,1.35,1145,171.6,50,0.705,,
9788,car,2970305113,2960368367,2155.7,-1288.42,-2257.29,-62.77,4.94,1.73,1.42,1204,174.1,20,0.915,,
9789,bus,trim_3574,trim_3569,77.81,330.27,1079.61,-992.96,11.71,2.59,3.19,9033,94.9,18,0.742,,
9790,bus,trim_5941,trim_6751,132.17,-1437.19,-256.48,536.99,12.48,2.44,3.59,8949,79.7,52,0.845,,
9791,car,9852961445,4227743700,-1355.22,-425.39,1009.33,-1289.11,4.2,1.92,1.42,1880,143.6,27,0.702,,
9792,motorcycle,12098320586,trim_5738,-1639.67,1342.48,-2402.96,-741.33,2.04,0.72,1.09,176,140.7,74,0.957,,
9793,car,4227743701,trim_659,-917.29,-1279.35,-1774.92,534.76,4.06,1.87,1.63,1543,166.8,50,0.741,,
9794,car,trim_3848,4225324665,-586.75,-1048.74,957.62,114.1,4.03,1.8,1.49,1539,178.4,51,0.818,,
9795,car,trim_1899,9884318201,-315.75,-1142.75,641.84,760.75,4.34,1.66,1.49,1198,153.9,30,0.753,,
9796,car,trim_6402,trim_7600,2323.07,588.32,-142.31,-967.43,4.69,1.88,1.5,1068,160.8,45,0.695,,
9797,motorcycle,trim_978,9168881195,-622.03,-96.51,2042.57,543.42,1.98,0.73,1.11,177,120.0,77,0.964,,
9798,car,trim_8703,trim_8000,-576.78,871.19,21.22,1012.06,4.89,1.74,1.36,1544,168.7,73,0.872,,
9799,car,9843084756,7222735462,-2202.23,1033.81,168.26,-1466.76,4.15,1.79,1.43,1749,175.7,41,0.737,,
9800,car,4224980815,12129299582,-2030.74,386.09,2045.53,242.8,4.77,1.81,1.39,1053,162.3,60,0.747,,
9801,car,trim_3844,trim_661,-994.97,-1094.99,-1740.32,542.31,4.43,1.6,1.5,1126,172.8,37,0.756,,
9802,car,trim_6742,9857987875,-330.09,873.73,177.97,-1127.38,4.86,1.78,1.37,1311,144.0,66,0.743,,
9803,car,11015711794,11245412645,-1164.77,574.4,-2236.24,838.73,4.83,1.63,1.54,1100,158.7,35,0.867,,
9804,car,9857246296,trim_4293,1706.36,-113.66,1912.56,540.8,4.28,1.61,1.39,1222,152.2,28,0.697,,
9805,car,trim_567,4225172201,-1651.13,374.28,1039.66,-611.02,4.47,1.88,1.58,1463,174.5,38,0.664,,
9806,car,12124302392,trim_5748,-891.05,-1110.78,-1920.6,-1162.56,5.08,1.72,1.4,1551,174.6,73,0.803,,
9807,truck,trim_7372,11198955250,2078.49,-595,-1879.59,-853.94,6.39,2.33,3.71,14644,89.9,59,0.82,,
9808,car,trim_553,8838171100,-1467.45,-131.18,-1266.63,-404.57,4.52,1.62,1.44,1709,170.2,22,0.856,,
9809,motorcycle,trim_4655,trim_2469,1189.65,-1591.19,-2277.51,1092.8,1.98,0.68,1.08,177,153.5,80,0.977,,
9810,truck,2970305398,trim_4630,-1047.67,1345.46,1655.66,-1041.81,7.23,2.4,3.11,13458,95.1,22,0.698,,
9811,car,trim_8347,4225324651,-70.63,684.7,1920.21,51.42,4.12,1.75,1.53,1451,140.1,79,0.951,,
9812,car,trim_6249,trim_7731,-683.47,-1249.08,-49.95,-86.91,4.33,1.94,1.42,1607,176.7,63,0.829,,
9813,car,9857847224,trim_9521,207.63,-170.7,1695.6,823.69,4.98,1.69,1.63,1630,160.3,62,0.78,,
9814,car,4219222663,trim_3217,1603.14,-1674.63,208.58,242.83,4.15,1.88,1.39,1528,155.5,33,0.834,,
9815,car,trim_9582,11499313281,-1332.59,-447.19,-185.52,1038.98,4.9,1.95,1.63,1242,165.0,57,0.804,,
9816,car,trim_3032,11499043123,-2448.34,1074.65,-849.05,978.73,4.14,1.74,1.45,1823,142.4,58,0.686,,
9817,car,trim_6673,trim_6519,1006.8,197.2,-41.92,148.96,4.99,1.62,1.35,1495,150.7,76,0.788,,
9818,motorcycle,trim_7267,9168897708,-2255.55,-770.07,-222.88,-1161.32,1.92,0.85,1.16,202,100.6,49,0.658,,
9819,car,11491678336,trim_5872,50.6,857.95,-1653.99,376.35,4.45,1.87,1.47,1064,160.2,18,0.99,,
9820,car,9859748032,trim_5404,2.17,-1012.96,707.57,1472.8,4.09,1.66,1.41,1790,149.8,74,0.766,,
9821,car,12144024517,trim_5540,1159.04,1185.8,2083.19,526.66,4.31,1.83,1.36,1857,169.7,77,0.785,,
9822,car,trim_1850,trim_7853,-191.82,-766.91,1078.41,869.41,4.17,1.75,1.57,1438,157.6,50,0.666,,
9823,car,trim_418,9168946294,-1930.68,207.25,1633.9,251.14,4.98,1.66,1.51,1217,152.3,70,0.833,,
9824,motorcycle,9843336854,2960361490,1085.03,1685.14,-1624.91,-911.98,2.14,0.83,1.33,119,150.1,26,0.87,,
9825,car,trim_8350,trim_5904,-30.18,714.94,-1760.69,-1507.1,4.72,1.81,1.63,1459,167.1,17,0.929,,
9826,car,trim_6944,12816120850,2192.26,1297.87,-421.71,-271.75,4.41,1.94,1.58,1512,154.0,77,0.866,,
9827,motorcycle,trim_6710,trim_1992,1311.28,758.06,-105.22,-5.38,2.23,0.8,1.07,142,105.8,27,0.657,,
9828,car,trim_849,6928966672,-1259.68,-14.67,-1653.95,-1549.34,4.81,1.68,1.4,1415,175.3,30,0.848,,
9829,car,2960336738,trim_3912,-1253.63,365.27,1720.42,259.83,5.03,1.71,1.59,1206,171.1,55,0.782,,
9830,motorcycle,trim_7727,trim_4771,309.58,-948.51,-475,1485.6,1.95,0.78,1.38,238,112.0,34,0.783,,
9831,car,trim_7699,9884318200,206.32,268.59,635.48,772.96,4.0,1.69,1.51,1411,174.7,60,0.701,,
9832,car,trim_3032,trim_4881,-2448.34,1074.65,-276.86,-1072.27,5.0,1.94,1.59,1382,155.2,69,0.706,,
9833,car,2960312545,trim_1430,-1222.05,-154.3,-2465.2,-399.19,4.2,1.77,1.61,1694,154.0,25,0.888,,
9834,motorcycle,trim_2353,9843368456,-1862.98,-910.25,-2173.27,1247.94,2.14,0.84,1.14,189,112.1,69,0.81,,
9835,car,5170815482,3004576894,-1049.81,-1569.27,656.2,772.43,4.03,1.84,1.49,1835,154.7,71,0.877,,
9836,car,trim_4675,trim_4166,342.1,-1386.5,1531.23,641.97,4.65,1.9,1.43,1432,172.8,59,0.696,,
9837,car,9859748017,trim_7853,603.41,-1002.22,1078.41,869.41,4.64,1.75,1.59,1676,172.8,22,0.767,,
9838,car,trim_335,9168861200,-497.93,596.34,-1429.57,-660.17,5.09,1.91,1.6,1367,153.4,22,0.66,,
9839,bus,2970305132,6735189832,1912.13,-947.86,2412.01,-555.04,10.39,2.59,3.22,13124,81.5,80,1.02,,
9840,car,7121628908,trim_3114,790.79,2338.32,-100.04,135.79,4.08,1.89,1.52,1410,152.7,53,0.887,,
9841,car,9168850578,trim_7301,-1574.75,717.34,-1243.24,-703.95,4.53,1.73,1.62,1390,177.4,59,0.706,,
9842,car,trim_6609,trim_2578,2101.98,-508.99,1394.18,1023.09,4.77,1.6,1.56,1003,147.2,76,0.967,,
9843,car,4227743914,trim_354,-1276.86,1599.3,-1729.65,493.77,4.23,1.61,1.38,1061,174.1,52,0.719,,
9844,car,2970305323,trim_6182,-238.98,109.71,-1424.99,-752.12,4.2,1.75,1.59,1543,169.1,62,0.67,,
9845,car,trim_5996,trim_8533,2366.16,-1355.51,-2440.09,204.51,4.08,1.93,1.57,1308,164.1,69,0.936,,
9846,car,4227797986,11080052821,1736.71,-505.7,-2261.09,-70.98,4.27,1.78,1.42,1101,168.6,50,0.852,,
9847,car,trim_1675,trim_8685,-337.99,-1440.36,72.59,430.15,4.42,1.67,1.38,1506,158.9,42,0.711,,
9848,car,trim_8800,9168834907,723.12,287.67,-1810.53,980.78,5.06,1.83,1.55,1373,175.7,24,0.82,,
9849,ambulance,trim_7770,trim_1283,-909.51,-525.73,-1392.82,352.12,5.52,2.16,2.54,3459,154.3,21,0.693,a_7021222684,"Ganesh Hospital, Ghaziabad"
9850,car,trim_7421,2960299858,-2388.43,-1027.22,-1404.32,-1172.12,5.09,1.86,1.37,1737,164.2,49,0.664,,
9851,motorcycle,11499313281,trim_2463,-185.52,1038.98,-2327.5,926.92,1.94,0.74,1.11,194,159.7,37,0.863,,
9852,motorcycle,9852168755,trim_4248,-1719.45,447.34,1399.14,738.56,2.19,0.82,1.13,116,122.6,30,0.725,,
9853,car,trim_3072,trim_2609,442.78,-340.13,-1436.48,765.04,4.34,1.82,1.58,1415,163.5,67,0.855,,
9854,car,trim_2945,trim_5445,-1684.22,1020.13,1615.46,-390.23,5.0,1.94,1.48,1353,168.9,74,0.84,,
9855,ambulance,9852391730,10205548837,-2125.75,-726.85,2299.62,-883.77,5.99,2.27,2.78,3719,146.9,23,0.514,a_7021267999,City Central Hospital
9856,car,2960312599,trim_2806,-779.72,-76.06,-2063.46,514.78,4.87,1.63,1.38,1152,171.8,31,0.714,,
9857,ambulance,trim_8447,9844203648,1748.56,785.03,-2376.93,935.13,5.85,2.22,2.81,2663,145.0,38,0.513,a_7022093963,Prime Hospital
9858,car,trim_5880,4225219693,-2014.31,-1439.2,-486.56,-1573.71,4.1,1.65,1.4,1452,165.4,61,0.829,,
9859,car,trim_3704,trim_786,-1234.02,-962.73,-720.4,-392.59,4.95,1.64,1.49,1365,179.5,45,0.668,,
9860,motorcycle,trim_229,4225219701,856.62,333.55,-795.01,-1364.47,2.09,0.72,1.14,135,95.1,48,0.743,,
9861,car,9168861145,trim_302,-1155.95,151.91,-2352.65,1480.55,4.88,1.65,1.47,1425,142.7,20,0.78,,
9862,motorcycle,4223620621,trim_4713,-2091.72,-935.02,-262.1,-911.42,2.23,0.75,1.12,250,137.2,64,0.713,,
9863,car,9859525121,7222770496,-713.21,423.16,197.34,-1454.44,4.5,1.91,1.59,1225,157.4,20,0.865,,
9864,car,2962837645,4225324912,-442.63,-1526.06,-417.09,1210.97,4.92,1.74,1.51,1606,141.2,24,0.846,,
9865,car,5170801491,9855693599,2098.87,542.46,1545.81,104.84,4.04,1.7,1.53,1160,159.2,27,0.665,,
9866,car,trim_2402,2960312537,-573.62,1350.61,-1271.59,-68.64,4.79,1.8,1.55,1879,164.3,22,0.885,,
9867,car,trim_7627,trim_9217,306.01,64.67,2034.7,286.55,4.34,1.61,1.63,1726,146.8,57,0.798,,
9868,car,457278254,trim_4171,541.43,-796.1,-499.11,911.51,4.54,1.67,1.63,1860,154.0,53,0.878,,
9869,car,9843992518,trim_332,-2252.35,1160.35,-320.3,626.08,4.7,1.6,1.43,1303,155.4,44,0.676,,
9870,car,457280261,trim_6286,683.53,444.08,-361.16,-889,4.63,1.69,1.5,1620,142.4,39,0.816,,
9871,car,trim_8175,trim_7898,2027.28,-787.71,-77.42,928.34,4.84,1.68,1.52,1797,145.3,49,0.873,,
9872,motorcycle,trim_7443,trim_1651,-2297.88,-134.18,-1456.06,-982.7,2.06,0.68,1.22,158,159.0,31,0.835,,
9873,car,6925898190,trim_4980,-2005.1,-1436.2,1331.86,-233.18,4.92,1.61,1.36,1448,170.3,40,0.679,,
9874,car,trim_511,trim_3196,-2095.57,-849.83,228.79,697.57,4.74,1.66,1.49,1364,157.1,46,0.794,,
9875,motorcycle,trim_6173,trim_6968,-1582.94,-498.21,1756.06,516.5,2.03,0.67,1.15,147,139.8,24,0.658,,
9876,car,trim_2455,trim_250,-2364.85,803.41,1736.32,511.44,4.56,1.84,1.5,1544,148.0,77,1.018,,
9877,motorcycle,trim_7909,4227743666,-1581.27,-699.48,340.23,-1482.74,1.99,0.84,1.29,150,141.2,32,0.726,,
9878,car,4227743671,trim_8117,836.16,-1450.9,-558.02,764.19,4.11,1.71,1.63,1251,156.0,41,0.804,,
9879,truck,4227743936,trim_3440,-1179.07,2064.94,-324.19,-63.65,7.63,2.41,2.64,6248,72.2,27,0.711,,
9880,car,trim_1884,9855691355,-395.14,-1199.41,2447.59,-895.59,4.79,1.87,1.48,1066,169.7,58,0.733,,
9881,car,9168946242,11006730400,2424.77,695.78,1963.04,-609.51,4.42,1.69,1.36,1767,171.0,43,0.773,,
9882,car,9852961431,trim_2555,-2262.18,178.01,2174.74,695.87,4.92,1.9,1.63,1722,145.9,75,0.849,,
9883,truck,trim_9483,trim_9152,424.89,83.13,-1661.87,-901.51,6.8,2.42,2.97,5151,99.8,53,0.831,,
9884,car,trim_4380,2960312509,2195.65,784.32,-1407.47,-280.44,4.1,1.7,1.41,1381,150.2,48,0.833,,
9885,car,trim_9653,trim_4468,-1351.05,1349.76,-529.46,991.52,4.01,1.7,1.48,1377,170.1,51,0.807,,
9886,car,trim_545,trim_6436,-1350.9,-425.69,1917.87,482.11,4.63,1.76,1.57,1516,150.0,49,0.76,,
9887,car,trim_1028,trim_1160,-1009.77,98.17,-1707.94,41.54,4.14,1.89,1.4,1657,161.0,21,0.769,,
9888,car,trim_281,trim_2265,41.95,-373.35,-236.56,-391,4.74,1.89,1.42,1273,162.7,58,0.669,,
9889,car,trim_677,trim_5984,-1421.76,602.43,343.29,527.17,4.17,1.92,1.6,1134,149.1,22,0.809,,
9890,car,9843556954,9843437539,1895.12,540.59,2521.52,1369.05,4.67,1.76,1.41,1241,162.4,40,0.821,,
9891,motorcycle,trim_3290,9859595984,-247.18,-24.32,292.97,-1153.45,1.96,0.87,1.14,138,153.7,52,0.739,,
9892,car,9168946286,trim_2476,1741.45,349.2,-45.35,1279.27,4.68,1.87,1.4,1690,140.7,29,0.779,,
9893,car,trim_3812,trim_6186,-1018.72,-1231.36,-1393.23,-870.78,4.02,1.81,1.48,1309,171.1,57,0.666,,
9894,car,trim_7299,4227798150,-1250.24,-675.92,1717.52,-249.53,5.05,1.94,1.53,1507,168.7,75,0.778,,
9895,car,9852318742,trim_1463,-1424.9,502.02,-1343.86,-887.22,4.7,1.79,1.43,1859,176.9,40,0.821,,
9896,truck,trim_1655,4227743671,-1824.33,-42.23,836.16,-1450.9,7.44,2.59,3.23,11663,89.9,38,0.834,,
9897,car,trim_8513,5170679563,-1900.78,632.11,-1328.06,782.03,4.64,1.67,1.46,1045,151.3,47,0.686,,
9898,truck,11586812695,4224980884,-27.5,-15.53,-2293.61,562.74,8.87,2.38,3.03,14481,92.6,55,0.9,,
9899,car,trim_2457,11491678304,-2359.12,823.85,114.06,976.96,4.41,1.74,1.6,1460,155.8,47,0.717,,
9900,motorcycle,4225324917,trim_9617,2478.64,1290.14,-214.52,-468.44,1.87,0.82,1.37,202,145.9,75,0.762,,
9901,motorcycle,trim_1701,trim_4039,-116.32,-1406.62,740.72,496.86,2.12,0.85,1.12,133,104.8,62,0.796,,
9902,car,11006730402,trim_2915,2029.09,-524.41,-2067.32,975,4.09,1.83,1.57,1788,165.5,55,0.816,,
9903,car,4225324839,2960312511,2532.31,847.88,-1408.98,-109.83,4.63,1.8,1.47,1374,168.8,49,0.761,,
9904,car,trim_3490,trim_2113,-279.82,351.2,222.64,-118.13,4.73,1.94,1.49,1172,140.8,72,0.907,,
9905,car,4227797911,trim_7908,2288.72,-947.65,-629.06,-1203.44,4.22,1.78,1.45,1812,140.8,38,0.869,,
9906,car,trim_7892,9843127282,-2503.39,-607.47,-1447.46,575.09,4.06,1.9,1.47,1807,162.7,52,0.694,,
9907,car,trim_2175,11983071061,214.21,-1101.58,1041.49,1310.54,4.42,1.94,1.45,1797,157.3,60,0.773,,
9908,car,trim_5705,trim_7933,1862.1590265928285,-918.1358053185658,-1242.78,-1412.14,4.58,1.76,1.54,1583,160.3,47,0.752,,
9909,car,trim_4648,trim_3983,-1256.61,1147.55,1052.3,849.31,4.41,1.74,1.55,1800,161.9,32,0.668,,
9910,car,9859501409,trim_4455,308.43,-951.96,1731.57,119.04,5.01,1.92,1.62,1519,160.8,36,0.719,,
9911,bus,12109752102,trim_7436,1364.28,1273.62,-2035.29,399.51,10.54,2.56,3.47,12438,95.3,20,0.814,,
9912,car,trim_7315,9852465858,-1340.94,-452.09,-2304.01,-937.52,4.53,1.73,1.64,1435,143.5,52,0.692,,
9913,car,trim_3009,9852964132,-1793.81,1208.92,-2484.8,395.16,4.65,1.62,1.42,1151,175.5,51,0.719,,
9914,car,trim_5260,9857625485,2478.34,5.1,-1309.87,-1271.9,5.0,1.95,1.49,1713,160.9,61,0.771,,
9915,car,trim_3193,2960336671,391.84,227.47,-1587.66,-399.82,4.65,1.89,1.65,1130,177.5,73,0.782,,
9916,car,trim_3403,5170823229,179.65,138.84,1078.76,425.82,4.22,1.75,1.42,1381,141.5,73,0.949,,
9917,car,12129299582,trim_8545,2045.53,242.8,-12.36,-62.07,4.55,1.89,1.53,1120,141.4,56,0.86,,
9918,car,trim_7667,trim_3248,-103.44,-1.71,355.22,25.27,4.53,1.83,1.38,1496,176.5,74,0.803,,
9919,car,trim_4870,trim_9262,1057.88,-1493.54,1416.59,-1344.95,4.98,1.66,1.39,1464,144.9,51,0.664,,
9920,car,trim_9152,trim_6697,-1661.87,-901.51,1193.97,1231.8,4.53,1.68,1.6,1090,167.6,72,0.808,,
9921,car,4225077399,2960361464,-2485.06,925.92,-1520.66,-821.4,4.58,1.66,1.6,1432,150.7,60,0.836,,
9922,motorcycle,trim_761,11499317438,-1123.14,1031.13,-225.16,1110.19,2.26,0.89,1.36,142,110.7,66,0.743,,
9923,car,trim_4643,9852405453,-1364.88,1131.37,-2372.25,-327.16,4.78,1.88,1.39,1187,142.1,19,0.899,,
9924,car,trim_4105,trim_7816,831.52,654.4,-529.11,23.96,4.25,1.91,1.52,1033,177.6,78,0.888,,
9925,car,9857987871,trim_9403,-755.76,-504.33,1302.79,-475.34,4.89,1.67,1.48,1607,178.9,47,0.711,,
9926,car,trim_4777,4227798093,1048.32,272.34,1697.97,-490.53,4.48,1.79,1.5,1074,162.4,80,1.047,,
9927,car,5170849692,trim_9633,-1556.15,897.09,391.77,-1336.44,4.07,1.71,1.44,1569,141.6,75,0.976,,
9928,motorcycle,trim_6480,2960336693,1694.96,-135.55,-1590.02,-401.04,2.05,0.83,1.34,162,117.4,44,0.729,,
9929,car,trim_6849,trim_2198,-2329.36,223.34,-253.92,1325.31,4.8,1.85,1.55,1611,161.7,17,0.857,,
9930,car,trim_4399,trim_5671,1579.52,851.24,1326.05,-475.93,4.97,1.86,1.47,1712,155.2,68,0.747,,
9931,car,4224981033,trim_8558,-2388.98,723.91,-1243.26,-1408.61,4.01,1.93,1.52,1025,158.7,21,0.834,,
9932,car,trim_8235,2960312469,-2322.61,-753.01,-1232.6,39.45,4.8,1.91,1.54,1201,145.5,51,0.874,,
9933,car,trim_1971,9880891784,149.75,1062.28,1052.16,878.29,4.29,1.68,1.38,1579,160.8,76,0.925,,
9934,car,2962838262,5170847657,-239.41,-1532.6,-1312.87,982.11,4.3,1.79,1.62,1154,161.1,57,0.672,,
9935,car,trim_854,9843084757,-1178.07,-192.2,-2170.58,1000.53,4.97,1.75,1.47,1298,160.7,48,0.753,,
9936,car,3887993312,trim_6442,1567.55,1042.47,1822.8,329.21,4.6,1.74,1.63,1738,173.2,71,0.769,,
9937,car,trim_7685,9168861174,-1064.07,473.97,-742.22,-584.18,4.07,1.66,1.45,1687,175.2,27,0.76,,
9938,car,trim_3538,trim_1259,-296.29,479.05,-1424.5,163.12,4.32,1.73,1.58,1447,143.4,60,0.738,,
9939,car,9855693610,4225219745,986.41,43.11,-1236.74,-1071.15,5.09,1.66,1.55,1393,147.0,58,0.668,,
9940,car,trim_4600,trim_6707,-752.47,900.34,1055.3,1200.02,5.0,1.75,1.38,1866,177.0,32,0.885,,
9941,car,9843050540,2960336650,-2386.1,858.1,-1523.77,-36.96,4.26,1.71,1.45,1776,159.1,58,0.795,,
9942,car,3004576896,trim_9588,664.1625191969292,791.235980728828,-1303.73,-901.22,4.82,1.77,1.54,1368,165.0,54,0.695,,
9943,car,trim_6140,trim_5348,-1111.09,-868.85,2102,132.24,4.22,1.67,1.57,1598,149.6,71,0.75,,
9944,car,trim_6216,11491502777,-1472.08,-1119.21,241.11,-1317.05,4.23,1.63,1.52,1745,167.2,16,1.042,,
9945,car,trim_7023,trim_1666,-2712.49,93.27,-581.2,-1684.79,4.33,1.7,1.36,1390,165.1,38,0.887,,
9946,car,trim_1036,2962838298,-898.45,174.44,9.7,-967.46,4.91,1.62,1.37,1255,176.7,69,0.782,,
9947,car,trim_8285,trim_170,1416.42,570.93,358.57,-961.87,4.15,1.93,1.54,1396,170.8,40,0.868,,
9948,bus,trim_2604,trim_7458,-1465.37,753.25,-1791.39,-752.39,9.25,2.51,3.2,8601,94.0,67,0.729,,
9949,car,trim_356,trim_7260,-1753.23,441.24,-2259.57,-861.94,4.67,1.67,1.6,1703,153.9,37,0.807,,
9950,car,trim_2922,trim_1571,-1801.63,1307.78,-1244.57,-599.22,4.66,1.72,1.38,1424,159.4,43,0.782,,
9951,motorcycle,trim_9370,trim_5673,1432.91,180.56,1377.26,-503.1,2.09,0.77,1.2,203,96.6,30,0.89,,
9952,car,trim_8243,4225172230,2049.08,499.5,25.89,-446.71,4.58,1.79,1.42,1316,162.2,51,0.88,,
9953,car,trim_7171,trim_2220,-1904.63,77.92,2154.46,-1241.13,4.94,1.78,1.42,1885,156.9,54,0.739,,
9954,car,trim_4921,trim_2452,-1475.2,1269.2,-2379.07,755.56,4.48,1.69,1.52,1641,143.6,46,0.772,,
9955,motorcycle,trim_2041,trim_2064,1492.65,-343.39,1132.01,1432.23,2.27,0.77,1.08,242,96.6,32,0.692,,
9956,car,trim_9231,trim_321,-1533.34,831.35,576.27,782.82,4.33,1.62,1.45,1555,152.5,80,0.884,,
9957,car,11491502787,trim_5997,248.77,-1596.23,2368.69,-1351.19,4.16,1.74,1.48,1098,150.7,50,0.717,,
9958,car,trim_3991,trim_2618,2020.53,1022.17,-1390.08,677.86,4.87,1.9,1.39,1644,169.7,70,0.922,,
9959,ambulance,trim_3457,trim_3791,-1343.29,-416.9,-1269.66,-1116.31,6.07,2.15,2.71,3517,141.0,41,0.594,a_7025117453,Pannalal Shyamlal Hospital
9960,car,n_9707,trim_5638,1319.8681220160138,-465.01908070068663,-2363.85,1491.92,4.72,1.78,1.37,1122,147.5,69,0.73,,
9961,car,9854777603,trim_8777,-2247.38,-615.79,64.59,-1059.24,4.24,1.89,1.64,1456,158.1,78,0.915,,
9962,car,9857647510,trim_7517,-656.63,-1318.29,-1079.9,-1368.7,4.55,1.64,1.42,1792,149.2,77,0.834,,
9963,car,trim_5480,trim_4083,2399.51,253.68,-587.76,1034.26,4.77,1.91,1.36,1739,177.6,40,0.868,,
9964,car,9852318741,9857987873,-1507.65,541.24,-683.77,-446.96,4.93,1.94,1.42,1854,175.0,75,0.823,,
9965,car,trim_805,trim_6888,-876.71,565.94,-1698.65,672.27,4.55,1.78,1.63,1364,144.0,42,0.748,,
9966,car,11909810185,9857249944,2396.45,-888.12,-2360.51,173.28,4.74,1.68,1.59,1047,151.7,50,0.747,,
9967,car,9857350836,9852405453,-1792.03,105.62,-2372.25,-327.16,4.05,1.65,1.61,1593,155.1,17,0.93,,
9968,car,trim_4747,trim_8561,-1443.02,1273.05,-1976.53,-1477.73,4.29,1.62,1.51,1262,168.7,17,0.879,,
9969,car,9729322126,trim_7421,-2486.91,-388.96,-2388.43,-1027.22,4.86,1.71,1.63,1340,168.8,65,0.763,,
9970,car,4227798098,trim_773,1615.01,-479.76,-1040.87,-524.22,4.68,1.75,1.39,1153,144.1,18,0.793,,
9971,car,trim_4329,trim_755,796.88,358.46,-1103.97,908.06,4.24,1.61,1.6,1715,179.5,22,0.79,,
9972,car,5171028508,trim_3879,-2615.34,41.97,1425.29,-253,4.66,1.86,1.46,1368,164.3,40,0.679,,
9973,car,3004576896,trim_1276,664.1625191969292,791.235980728828,-1259.44,338.58,4.18,1.74,1.48,1336,148.9,40,0.768,,
9974,car,9855703019,2960361465,1237.69,-7.76,-1518.3,-819.7,4.99,1.77,1.58,1636,160.3,46,0.725,,
9975,truck,trim_1585,trim_2811,-1159.09,-870.85,-2368,801.23,9.2,2.49,3.6,14065,77.2,28,0.788,,
9976,car,trim_1707,4225324722,-126.9,-1465.56,1854.12,356.17,4.98,1.65,1.65,1698,150.2,74,0.882,,
9977,car,trim_8441,trim_3512,2031.97,701.35,-186.5,369.14,4.64,1.79,1.53,1499,173.6,20,0.873,,
9978,car,9168911153,9852338735,-1532.55,-217.45,-1819.16,-38.62,4.61,1.86,1.43,1654,160.7,63,0.804,,
9979,motorcycle,trim_5427,trim_1205,1835.37,-711.67,-1784.15,-189.29,1.87,0.68,1.14,162,158.7,60,0.744,,
9980,car,trim_2540,4224980887,-764.52,1372.89,-1887.98,568.65,4.97,1.78,1.6,1264,174.1,28,0.847,,
9981,motorcycle,trim_6723,trim_1297,-79.58,1153.33,-1318.03,311.82,2.17,0.85,1.05,198,96.8,26,0.783,,
9982,car,trim_1715,11840500181,-201.58,-1442.49,1686.15,-776.1,4.04,1.83,1.64,1511,162.1,42,0.667,,
9983,ambulance,trim_6748,trim_2176,49.96,593.71,74.84,-904.5,5.5,2.27,2.62,2550,151.9,62,0.621,a_7025924014,Rizvi Surgical Centre
9984,motorcycle,10685694468,9843084744,-1108.26,-736.69,-2338.93,717.42,1.92,0.77,1.34,196,135.9,80,1.007,,
9985,car,trim_278,trim_5014,251.33,-352.98,2362.16,-749.59,4.95,1.81,1.47,1531,151.5,39,0.694,,
9986,car,9852436598,trim_2032,-2305.62,-842.81,1545.75,-250.78,4.18,1.73,1.44,1034,172.7,47,0.773,,
9987,car,trim_8179,4227743688,1625.38,-456.43,246.37,-1384.36,4.53,1.77,1.57,1089,143.8,56,0.666,,
9988,car,9852330249,9857647474,-2089.82,193.74,-723.39,-1251.15,4.27,1.88,1.46,1704,169.5,18,0.848,,
9989,car,trim_3038,trim_405,-490.45,570.8,-2132.14,69.44,4.09,1.67,1.52,1855,168.3,66,0.716,,
9990,car,trim_3493,trim_1058,-70.62,-94.83,-829.78,160.45,4.82,1.76,1.38,1149,141.3,34,0.8,,
9991,truck,9855014992,12129753488,1637.75,-26.72,-1318.87,694.42,9.03,2.48,3.39,8241,95.2,78,0.945,,
9992,car,trim_2707,trim_575,-2217.84,654.58,-1983.08,653.15,4.65,1.91,1.61,1689,160.2,32,0.786,,
9993,motorcycle,trim_6993,trim_2316,2132.25,993.31,692.33,622.22,2.06,0.79,1.25,242,130.6,50,0.773,,
9994,car,5170637568,trim_7441,1499.03,-81.17,-2381.84,-219.16,4.44,1.78,1.43,1574,156.5,30,0.687,,
9995,car,trim_199,9168883555,51.67,-802.71,-1493.75,-1038.07,4.09,1.68,1.37,1002,146.6,26,0.732,,
9996,car,9168951465,9843368475,818.76,-986.29,-1661.33,514.16,5.01,1.86,1.37,1113,172.5,34,0.804,,
9997,car,9860055102,trim_1130,-1116.94,-1431.52,-1372.59,428.65,4.67,1.73,1.61,1346,164.3,57,0.855,,
9998,car,trim_5208,6928966673,2335.69,41.37,-1692.05,-1514.25,4.07,1.78,1.36,1574,147.5,63,0.735,,
9999,car,trim_7657,trim_3647,-123.52,102.28,-760.67,-876.33,4.54,1.82,1.43,1566,179.4,71,0.851,,
10000,car,2970305268,trim_749,68.64,-405.58,-1531.38,689.19,4.07,1.81,1.38,1117,151.3,64,0.727,,
